p1,pt1,ip1,p2,pt2,ip2
316.15,9.906,365.4,289.54,6.636,432.3
41.83,3.994,96.2,34.83,1.998,67.8
46.65,8.628,117.1,6.58,1.664,906.5
58.39,6.347,20.6,42.97,1.745,80.1
479.73,8.953,88.3,90.82,3.516,624.5
30.07,3.639,1028.4,40.52,6.456,802.8
30.94,2.199,643.8,22.29,3.209,951.1
652.70,12.307,13.9,24.61,1.033,877.7
35.17,4.990,37.5,17.48,1.359,89.4
20.33,4.444,571.9,9.38,1.799,1269.8
21.90,3.022,113.8,11.20,2.293,240.8
20.79,1.458,122.9,20.85,4.701,69.9
19.67,3.275,22.2,18.47,2.917,18.4
26.18,4.893,156.3,8.14,1.834,421.7
31.59,4.019,43.7,132.21,6.198,22.7
257.35,7.111,151.7,54.30,3.600,752.5
135.83,2.616,586.7,97.91,3.498,756.2
140.40,7.003,43.1,72.34,2.777,97.5
129.70,4.479,40.1,24.54,2.762,47.6
18.66,3.871,1167.6,30.08,0.954,646.7
61.71,2.734,57.9,17.88,3.155,182.3
65.46,4.606,171.3,58.60,2.750,200.1
23.32,3.030,514.2,26.33,2.384,412.3
22.35,0.942,439.0,381.49,7.065,25.7
21.66,1.483,44.3,37.35,4.498,87.6
275.57,4.222,1447.0,732.75,12.657,527.0
217.45,4.670,39.1,19.26,1.260,188.9
26.96,6.005,102.4,18.40,1.092,170.8
107.58,1.676,166.7,95.55,3.907,172.9
72.04,5.487,226.9,87.58,2.534,237.2
91.70,3.920,41.5,25.80,1.745,110.5
23.56,4.309,230.2,15.47,1.822,393.9
27.32,3.946,94.8,14.38,1.977,50.4
56.50,2.085,63.4,149.87,4.964,30.6
85.88,3.966,208.5,144.54,2.448,141.4
27.89,2.598,681.8,86.27,2.377,223.3
33.96,0.679,738.7,21.74,3.930,1106.5
69.73,2.841,91.3,6.75,1.610,1043.3
18.90,3.069,69.0,12.08,2.501,123.0
71.74,1.060,1093.1,67.90,4.395,1134.8
114.43,2.256,324.5,17.21,2.410,2192.3
56.98,4.734,1331.7,187.06,5.995,348.3
39.58,5.067,26.1,26.18,1.018,131.0
50.27,10.872,196.8,20.37,1.631,470.3
26.70,4.959,598.2,22.11,1.197,819.5
19.96,1.390,942.5,310.95,8.767,55.0
85.71,7.688,302.2,15.99,1.108,1574.6
23.41,1.946,380.1,279.78,7.489,43.4
162.69,5.687,37.7,379.27,9.727,28.7
35.28,2.608,645.8,49.98,3.606,470.3
45.67,1.569,88.0,240.74,5.637,15.5
24.54,4.649,489.2,15.82,2.403,742.2
40.34,4.165,578.4,21.31,1.931,1144.5
20.53,2.599,96.9,19.17,4.054,168.9
60.75,1.544,149.9,18.22,2.525,372.2
19.90,3.671,54.5,10.25,2.144,169.8
88.98,6.366,262.2,84.59,2.682,255.8
35.22,7.977,150.2,6.59,1.039,803.3
10.64,1.919,1593.5,72.74,1.003,279.5
80.61,3.266,602.7,48.32,3.518,1012.9
14.74,2.237,567.2,13.76,3.097,538.7
20.84,1.943,286.1,16.43,3.232,444.3
26.61,3.996,366.1,42.62,0.987,135.5
104.26,2.747,190.2,19.82,2.054,1046.0
17.17,3.345,224.6,29.50,7.186,97.5
231.57,3.323,454.7,17.41,1.632,5818.5
217.75,7.875,128.0,17.64,1.782,1557.8
12.56,2.268,6.6,14.02,3.194,31.2
19.01,4.960,5.6,64.39,7.545,13.6
24.06,2.803,138.2,12.30,2.564,150.1
33.87,3.284,1231.8,193.96,6.233,221.1
84.75,1.841,216.4,54.05,5.437,291.1
90.74,3.463,116.9,38.95,4.611,238.8
62.71,8.828,429.7,68.23,9.181,410.1
29.41,2.716,483.2,18.89,4.486,650.4
11.30,2.123,554.3,14.76,3.358,437.2
19.13,3.237,1265.9,23.56,2.373,1050.9
91.83,3.264,811.1,337.60,5.015,171.9
44.56,5.271,688.6,26.43,2.286,1226.3
13.28,2.589,70.0,25.04,2.515,60.8
102.17,3.538,2213.8,184.10,3.464,1207.5
9.81,1.995,1145.3,21.63,4.308,508.3
27.04,2.723,27.9,13.99,2.516,62.3
78.43,1.906,114.4,29.12,3.963,214.9
24.07,4.853,69.7,8.45,1.509,211.3
61.59,3.123,761.8,144.33,4.902,352.4
94.88,3.741,49.0,155.91,2.150,53.7
41.79,4.430,95.2,16.36,1.624,285.6
140.41,4.684,4.7,38.22,1.692,36.2
65.06,4.426,263.8,18.27,1.633,868.8
10.35,2.405,2695.8,53.46,0.808,562.3
28.13,3.840,356.0,56.41,2.617,154.2
79.04,3.831,10.2,22.24,2.295,117.0
119.06,2.916,158.6,62.72,4.794,245.5
102.68,2.625,977.0,27.19,2.203,3615.0
8.03,1.908,435.4,50.61,2.089,71.3
78.98,1.643,48.9,12.80,2.038,255.9
33.56,2.869,535.3,119.93,6.701,158.6
12.98,2.426,910.0,32.91,3.851,332.0
107.81,2.710,229.4,75.71,4.613,398.7
64.66,1.623,558.1,13.21,2.364,2752.4
14.65,3.496,32.7,17.82,2.986,17.7
70.85,1.647,81.7,23.64,3.611,178.9
140.55,4.545,363.9,57.55,1.924,921.0
24.16,3.419,522.8,23.44,2.365,575.0
21.71,3.164,122.9,45.64,7.648,48.6
97.13,1.963,259.4,16.67,2.183,1514.4
87.60,3.759,23.2,27.88,3.729,75.5
65.83,1.939,113.5,7.25,1.616,1088.0
32.56,2.423,163.7,54.20,3.012,78.9
74.96,3.755,56.0,78.71,1.637,85.1
11.66,2.760,114.9,10.04,2.639,126.7
32.94,3.964,459.5,8.11,1.689,1931.1
23.43,3.339,1204.3,16.54,3.650,1739.1
29.63,3.534,175.3,9.98,2.036,550.3
6.04,0.972,4546.9,126.85,4.246,208.2
48.86,9.244,25.7,23.07,4.520,42.7
54.09,5.312,572.0,158.81,12.875,204.4
232.45,10.234,124.3,246.04,5.904,89.4
97.00,5.913,146.8,28.07,1.317,462.4
20.88,5.365,554.8,50.82,4.876,210.8
65.47,7.146,24.2,13.46,1.042,111.8
18.61,1.927,386.7,145.29,2.550,116.3
13.62,2.884,445.9,33.12,4.353,161.3
6.90,1.022,1409.8,193.07,4.950,67.8
14.30,2.747,347.1,26.23,5.407,182.9
16.02,1.443,2260.3,212.62,11.209,189.0
124.85,5.730,26.8,50.71,1.107,138.6
38.01,3.074,77.7,34.51,2.405,102.1
18.48,3.361,1005.8,11.01,2.585,1619.4
22.77,4.645,395.5,24.94,2.226,348.9
17.34,2.439,484.1,15.97,3.966,549.8
88.88,8.858,231.6,187.63,11.712,103.5
11.76,2.284,149.3,32.09,2.850,58.8
206.11,5.290,46.0,46.17,3.681,101.3
180.08,6.919,439.4,69.95,1.556,1053.2
332.91,8.269,432.6,88.63,3.079,1521.3
15.28,3.884,127.3,19.96,1.131,102.3
18.46,3.498,275.3,12.41,2.068,408.4
9.54,1.165,1813.2,271.63,5.797,99.7
33.30,4.357,256.6,15.90,1.634,620.1
6.28,1.591,1835.8,74.67,2.435,122.7
9.62,1.666,387.2,197.55,10.225,32.9
28.11,3.814,40.0,12.88,1.893,125.8
213.36,3.026,643.6,49.77,2.867,2818.6
56.36,5.865,58.5,18.63,3.815,85.0
43.07,2.334,254.7,31.89,5.799,399.7
57.81,1.157,821.2,108.36,5.615,449.6
34.38,1.221,46.3,41.42,4.411,19.1
14.48,1.854,705.7,31.84,3.883,292.0
50.43,4.219,665.0,108.56,2.630,306.8
87.39,4.432,587.6,26.03,1.611,1814.3
45.66,5.703,445.6,13.96,1.806,1476.4
43.96,7.292,44.0,6.69,1.546,74.7
185.29,4.052,205.9,42.90,2.280,1163.8
109.09,2.179,49.5,89.44,3.752,82.0
6.15,1.262,4487.4,124.68,2.028,230.6
97.70,6.680,82.4,42.26,0.656,157.7
38.49,2.981,782.4,56.90,2.276,459.3
145.62,4.681,167.3,47.77,1.539,413.3
31.38,1.960,204.5,73.63,3.668,74.1
11.10,2.706,82.5,17.54,4.504,78.1
312.36,6.313,39.3,76.36,1.766,134.4
72.67,2.363,568.0,350.12,7.615,157.7
12.71,2.575,259.6,58.73,3.914,85.7
7.27,1.718,1032.1,61.00,2.216,125.6
33.73,3.243,538.0,112.72,2.159,192.9
12.09,2.742,560.8,33.65,3.479,225.9
25.36,1.657,363.2,109.20,5.604,81.9
109.34,3.062,663.4,58.74,4.801,1169.7
18.41,1.018,256.5,17.85,4.293,167.7
13.46,3.531,381.2,13.28,1.917,401.3
7.85,1.200,4322.9,121.98,3.041,338.6
7.79,1.911,3074.9,67.58,4.703,352.7
19.18,0.712,43.1,38.05,6.390,28.8
18.99,2.650,120.2,83.79,4.444,33.4
53.10,3.894,129.5,14.46,1.874,459.8
56.21,1.967,54.5,35.33,4.345,100.9
47.32,4.746,34.0,23.75,1.420,132.3
270.18,5.652,214.1,59.88,1.812,903.0
98.05,2.519,1164.8,172.83,6.360,638.3
25.26,3.319,302.3,28.49,1.952,302.2
104.14,8.603,43.1,34.60,1.685,76.0
17.25,3.008,694.0,23.28,2.291,512.6
74.01,2.175,343.3,81.87,3.962,252.9
40.23,4.655,239.3,18.53,1.495,522.4
18.75,3.192,582.0,25.77,2.207,456.5
38.80,2.747,103.9,8.39,2.061,564.8
72.10,1.257,499.5,18.99,2.556,1929.0
49.27,2.637,197.3,37.51,5.943,201.4
14.37,3.669,150.9,13.04,2.002,181.5
102.51,3.268,419.0,301.16,4.748,151.9
31.91,1.104,83.1,20.81,5.009,52.8
33.58,2.864,328.6,38.00,3.441,268.9
60.71,3.946,416.9,66.10,3.270,400.4
38.26,2.748,878.4,70.41,3.375,495.0
33.64,3.318,932.4,16.99,2.139,1923.3
23.67,2.254,269.2,54.94,3.165,64.5
9.68,1.845,1894.9,88.26,2.230,174.2
25.96,2.684,365.9,14.73,2.571,603.7
65.72,4.313,92.5,34.38,2.077,169.8
67.88,3.158,279.0,50.78,2.551,407.5
30.96,2.072,113.9,39.51,3.471,62.6
14.97,3.144,295.8,22.92,2.568,217.7
14.21,2.730,823.1,19.36,2.576,548.8
35.94,1.022,776.8,235.14,7.246,101.4
43.98,1.644,1092.1,87.70,7.985,544.2
112.27,4.040,43.1,132.22,2.989,22.7
95.31,4.190,54.0,11.52,1.354,594.4
36.69,8.340,375.8,22.45,3.743,549.6
48.69,3.301,152.8,41.75,3.316,185.6
118.77,7.833,274.9,49.37,6.566,653.4
115.52,5.187,29.7,18.29,2.924,263.7
113.22,3.799,393.9,67.21,2.213,708.4
13.23,2.918,1162.8,29.67,6.879,531.2
114.44,2.727,133.6,50.27,3.270,267.4
144.87,3.015,1300.7,25.97,2.063,7318.8
45.32,2.081,692.9,42.24,3.244,674.0
150.64,4.494,128.8,6.46,0.945,2810.9
56.52,1.683,52.3,11.27,2.302,185.2
133.30,6.960,46.0,48.64,3.524,113.3
15.96,2.775,83.4,12.60,2.586,63.3
13.95,1.705,52.1,70.62,3.468,21.6
26.87,3.478,51.1,40.17,1.353,86.0
12.21,3.180,20.0,10.04,2.524,31.8
291.46,5.973,322.7,80.83,2.701,1222.3
24.23,3.102,190.3,8.21,2.148,493.5
27.44,6.469,327.8,13.53,2.152,762.0
89.02,4.502,326.1,112.15,1.528,274.5
20.48,2.365,1524.6,75.23,5.345,426.4
327.81,9.269,21.7,32.08,2.579,191.1
8.52,1.210,690.7,107.17,4.273,14.1
38.20,2.817,316.4,66.89,2.444,180.3
43.12,2.582,180.4,45.80,3.346,158.2
11.97,2.302,401.1,16.37,3.203,266.5
43.48,2.545,159.0,169.83,3.182,71.9
39.51,4.243,140.7,45.15,0.942,162.2
62.73,2.850,53.2,118.97,6.238,6.7
47.31,3.314,405.0,155.64,8.419,115.1
119.74,2.659,565.5,122.35,3.873,538.1
18.91,1.816,554.2,14.88,3.360,671.8
136.86,3.103,10.4,7.60,1.357,662.5
12.24,1.882,653.8,25.95,3.826,336.3
122.38,5.371,599.6,30.62,1.551,2333.8
49.85,1.062,468.3,189.97,11.294,117.0
197.13,6.838,305.9,89.13,4.314,661.6
69.20,6.134,624.4,52.19,2.766,890.4
18.35,1.218,1555.1,92.63,5.934,297.7
48.87,3.825,266.3,18.78,2.202,736.9
206.96,6.553,257.6,30.11,1.262,1971.2
47.59,3.656,158.0,53.27,1.819,208.3
157.43,2.814,25.6,6.52,1.037,231.0
15.06,1.893,196.8,93.40,2.913,30.1
104.52,1.617,28.2,8.96,1.549,66.6
9.34,1.960,918.5,29.65,5.160,292.1
12.35,2.664,2082.5,77.73,3.448,328.8
63.91,3.604,50.7,51.78,2.253,38.0
28.35,2.742,44.2,8.43,2.117,194.8
391.51,8.625,56.5,36.07,2.411,465.7
15.42,3.759,1178.7,20.19,1.889,846.5
53.00,3.946,602.7,19.49,2.885,1663.0
12.57,2.765,720.9,14.42,3.074,627.0
131.83,3.043,43.1,7.72,1.426,319.5
24.60,4.051,97.2,19.38,1.993,82.6
28.25,2.107,855.6,287.70,5.175,85.9
7.38,1.405,1033.8,81.29,5.999,72.7
136.93,3.674,341.8,22.41,1.664,2228.5
53.53,2.563,369.5,40.78,3.550,400.4
17.79,3.386,380.6,30.72,1.179,192.7
309.38,6.037,86.5,36.40,1.211,830.2
44.23,3.583,11.5,22.68,3.498,68.5
276.57,5.481,138.0,44.34,1.487,724.7
223.79,7.654,32.9,30.73,1.015,266.8
88.89,4.423,65.1,62.25,3.320,90.4
60.14,3.632,746.9,256.73,6.460,182.5
30.42,1.782,25.6,25.67,3.420,80.3
82.20,1.308,473.0,98.85,5.879,351.5
44.60,1.695,95.8,38.23,5.250,124.2
21.52,1.844,12.6,45.72,4.441,47.0
137.47,2.293,438.1,56.37,2.962,1056.0
116.10,2.276,90.0,71.13,3.790,169.0
17.03,1.905,213.6,81.34,3.476,53.2
105.75,3.370,306.8,83.44,6.764,364.4
47.24,3.715,295.6,14.74,2.188,1010.3
56.61,1.287,209.7,25.37,3.021,422.3
67.51,2.381,1319.4,519.71,8.828,190.6
329.31,5.652,244.4,11.19,0.892,6251.9
22.38,3.480,342.9,12.99,2.263,632.2
13.00,3.424,1043.1,27.74,2.259,499.9
11.37,1.923,444.6,44.00,4.665,177.0
55.03,7.353,57.0,6.49,1.075,241.6
8.64,1.472,1790.4,75.57,5.553,235.0
122.63,3.732,371.1,29.73,2.034,1552.2
33.34,2.214,183.4,11.93,2.620,478.3
65.21,5.594,488.5,70.51,2.367,441.9
69.50,3.294,157.2,33.08,2.216,242.7
27.74,1.817,763.2,108.48,4.614,174.2
151.07,4.854,367.3,32.46,1.752,1744.3
28.06,5.305,218.6,10.50,2.347,605.1
134.55,2.512,656.8,212.37,7.161,467.6
29.74,2.950,851.2,55.62,2.254,433.1
69.46,4.124,816.3,153.10,5.735,374.1
75.82,4.127,115.0,17.06,1.689,687.5
53.00,2.300,145.7,82.42,3.972,89.7
73.78,1.188,572.4,118.06,8.643,311.1
209.59,8.168,136.3,51.65,2.596,582.5
135.89,3.909,340.6,99.82,2.690,434.5
39.11,2.263,127.4,102.20,3.363,91.8
45.98,1.524,362.0,29.04,3.323,513.7
22.86,3.656,262.6,18.45,3.092,344.6
33.03,1.687,349.2,13.22,3.095,964.0
26.35,2.502,1002.2,100.47,1.398,269.6
133.45,6.702,55.7,24.15,1.110,211.1
123.77,3.579,144.3,24.22,1.741,644.7
8.76,1.314,4031.5,91.41,4.524,389.9
18.73,2.606,71.9,105.26,2.048,52.2
28.23,4.058,331.9,16.85,1.729,594.5
44.71,4.328,186.9,55.88,10.810,200.1
12.11,2.409,300.9,63.05,1.049,61.3
68.09,11.331,804.2,22.77,0.998,2484.1
67.52,2.998,1983.8,94.78,3.325,1390.1
80.85,4.256,155.5,70.87,1.909,212.6
47.09,4.163,1201.8,115.22,2.272,554.1
25.45,2.167,164.6,93.88,4.485,58.1
84.74,1.973,583.5,204.14,5.308,230.6
78.58,2.798,181.3,7.57,1.892,1881.5
64.48,9.503,458.6,13.52,0.526,2076.4
68.67,5.474,131.4,32.48,1.103,249.0
48.43,2.462,186.4,51.84,4.586,153.3
402.85,6.328,41.5,44.04,2.421,273.4
10.36,2.752,1251.3,12.38,2.577,1023.8
166.65,4.403,121.7,53.93,2.000,422.9
25.16,3.720,262.6,22.62,3.108,303.4
34.06,2.928,452.5,10.41,2.087,1406.2
43.65,4.688,186.0,24.01,1.410,285.8
67.48,1.642,78.3,152.37,4.762,41.9
62.53,3.447,76.6,6.38,1.542,694.5
25.35,2.038,274.0,190.04,2.891,51.0
41.37,4.510,147.8,8.09,1.494,651.7
189.12,4.972,125.5,161.49,8.640,172.0
20.27,2.134,379.0,20.33,3.419,358.2
59.36,4.505,522.5,184.90,8.006,161.1
39.40,5.896,304.4,18.85,3.208,713.9
21.08,1.456,64.5,12.39,3.279,27.4
17.04,4.262,411.8,12.34,1.945,593.5
118.30,4.656,1686.5,254.60,7.169,789.2
111.05,3.699,10.4,54.13,2.663,51.2
36.00,4.491,403.5,43.52,3.844,344.8
25.18,2.846,250.6,57.80,1.587,123.6
20.52,1.647,309.0,114.47,4.836,38.3
12.35,2.341,287.0,11.71,3.018,313.7
8.17,1.963,1409.5,49.57,1.456,223.8
47.94,1.127,365.7,47.91,4.269,320.6
28.38,3.446,125.4,12.18,2.316,221.5
51.75,2.057,841.5,187.07,6.060,248.6
7.45,1.852,1127.1,57.24,1.120,118.1
84.56,13.268,285.9,32.33,4.122,735.8
44.33,0.693,94.5,17.16,3.308,85.8
14.87,3.828,685.4,9.03,1.882,1139.4
68.90,4.350,1556.5,60.73,2.285,1674.7
138.13,3.099,905.4,145.74,3.616,850.9
52.95,2.784,272.8,21.10,2.835,578.4
15.99,1.528,50.9,150.10,7.349,4.8
55.95,3.488,50.8,6.10,1.541,250.7
20.93,1.510,346.1,42.75,5.866,194.5
73.01,5.416,294.7,50.75,0.771,378.4
39.09,3.833,1481.7,48.58,1.383,1160.2
12.82,2.574,1236.5,28.41,2.303,563.1
13.01,2.235,309.7,57.44,1.497,67.7
61.08,5.794,49.9,19.01,4.164,57.8
25.67,4.497,713.2,24.44,3.310,743.1
8.81,1.462,2758.3,101.77,4.832,248.3
313.94,7.947,41.5,11.69,1.072,720.0
45.66,2.383,1515.9,80.96,3.237,872.6
130.41,5.238,179.5,53.87,1.404,430.8
26.05,4.401,1013.8,74.03,3.589,367.8
17.02,3.162,74.2,28.65,1.622,50.7
85.45,4.173,719.5,42.51,2.161,1409.1
51.36,4.096,507.4,71.90,2.445,370.9
101.43,4.953,759.4,50.35,1.439,1540.7
34.94,3.535,205.3,20.66,2.051,426.0
24.03,2.049,1409.8,63.73,8.663,544.9
302.85,5.454,797.9,826.19,23.733,304.0
21.39,3.639,238.4,34.42,1.125,147.9
47.59,3.315,57.3,17.38,2.258,315.9
7.12,1.575,83.4,89.86,3.683,82.3
91.13,5.818,13.4,7.12,1.043,184.2
27.69,2.328,1030.9,46.65,3.452,635.2
54.42,2.281,815.1,180.84,3.738,270.6
181.20,6.281,544.3,359.03,10.849,275.7
35.51,2.940,513.2,44.81,3.208,376.3
70.99,1.880,246.7,335.31,10.165,20.2
78.59,4.508,305.9,63.27,2.934,355.0
13.79,3.278,376.2,10.38,2.191,560.1
90.64,3.037,1914.7,218.40,8.541,769.6
259.44,4.690,281.8,101.20,3.687,718.1
74.51,5.662,163.2,38.21,0.963,380.3
86.83,6.738,233.7,32.17,2.412,651.6
70.80,6.505,438.4,7.94,1.777,3760.3
27.12,2.102,801.4,56.69,3.358,384.6
103.81,5.278,142.9,158.60,2.217,121.7
63.56,1.155,386.6,20.31,3.364,1279.5
31.80,3.707,94.1,9.80,2.219,446.1
23.79,3.171,263.2,8.59,2.103,711.1
48.69,5.552,21.4,10.91,1.296,145.5
142.48,3.388,126.5,8.02,1.147,2603.6
18.98,1.969,997.1,60.27,3.579,324.1
23.59,3.328,123.1,38.67,2.756,103.7
358.79,10.880,45.2,17.98,0.651,361.8
29.62,3.693,1793.8,188.75,12.211,308.2
6.69,1.521,269.1,70.82,4.369,36.5
74.93,4.191,1927.6,71.48,1.796,1982.8
21.38,2.671,315.4,11.11,2.553,588.5
179.20,6.816,70.8,22.02,1.093,615.6
28.08,1.962,139.1,24.62,4.173,181.6
51.96,5.687,90.1,39.41,3.431,159.0
43.87,1.881,2086.3,164.53,5.276,568.3
17.87,4.296,565.1,28.47,0.844,345.7
7.94,1.358,730.7,126.61,4.006,55.6
100.53,7.584,1363.6,169.82,14.243,796.1
71.38,1.145,215.9,17.15,2.757,1011.8
11.25,1.789,420.0,97.68,4.018,54.8
11.89,3.064,124.6,19.54,1.847,92.6
57.99,4.189,197.4,39.00,3.023,193.5
36.53,4.081,679.3,22.81,2.919,1059.2
268.20,7.802,8.7,82.29,2.465,69.4
97.36,3.844,236.0,44.32,2.935,583.3
103.12,2.053,846.7,48.41,4.101,1843.8
8.34,1.264,623.4,72.58,6.638,68.5
96.62,3.443,110.0,111.13,2.499,127.2
260.20,4.395,147.7,317.86,5.333,76.7
29.66,2.475,95.2,13.90,2.623,169.8
63.89,1.277,987.7,154.04,6.153,416.4
29.78,3.970,21.9,52.96,2.258,14.8
157.78,5.117,159.1,151.23,4.835,181.1
31.83,1.682,46.7,16.73,3.095,86.2
92.58,2.318,130.5,20.59,2.592,561.2
59.38,1.236,1145.4,592.29,14.230,102.0
173.06,6.537,1906.2,264.31,3.717,1211.6
19.20,1.176,345.3,31.39,4.927,183.8
76.47,3.719,348.9,25.85,1.880,848.2
33.46,2.845,412.5,35.41,2.951,405.2
121.14,5.850,1719.3,165.06,3.938,1289.9
115.09,3.991,33.3,49.14,1.980,58.6
14.38,2.367,19.6,56.84,6.909,43.9
25.90,3.074,761.1,47.47,2.898,435.8
29.56,4.421,272.5,36.62,0.621,250.9
39.69,1.760,673.3,228.65,6.456,107.1
15.85,3.364,523.2,14.39,2.073,511.6
34.39,7.877,61.1,8.58,1.735,142.3
145.05,3.179,323.0,37.78,2.938,1551.1
23.28,5.100,200.1,8.07,1.574,475.2
48.56,2.632,84.8,9.76,1.895,198.8
26.93,1.730,805.5,92.17,4.154,226.4
9.49,2.503,2186.3,19.96,3.589,1042.2
51.96,4.520,301.2,36.58,1.378,506.1
47.78,4.864,487.4,19.98,1.931,1041.6
43.82,6.962,555.6,8.63,1.465,2756.2
25.91,5.200,131.0,15.76,2.438,166.5
85.32,8.109,530.4,45.57,2.226,1045.9
106.28,4.395,49.2,22.53,1.538,241.2
15.45,2.764,313.6,17.88,2.594,277.4
8.53,1.943,620.4,40.43,2.559,133.9
86.00,2.594,300.7,96.79,3.842,246.9
16.55,1.580,4747.9,144.69,7.442,533.9
35.32,3.506,335.0,16.06,3.898,665.6
25.53,3.446,167.0,21.54,2.216,200.6
47.86,2.941,32.4,13.76,2.051,100.7
329.94,6.740,534.3,219.31,4.854,820.9
180.75,5.586,449.9,153.80,3.224,469.0
255.51,14.006,236.9,231.75,17.485,223.7
37.20,1.501,669.8,168.22,7.230,170.1
58.26,6.199,989.9,50.94,8.618,1109.9
45.47,1.982,315.3,48.20,7.182,275.2
108.78,4.106,11.0,95.47,2.855,6.6
450.35,7.592,39.0,39.31,2.179,290.0
10.76,2.011,192.1,50.41,4.392,79.8
120.69,1.972,248.6,99.61,3.894,277.5
64.03,1.537,60.7,118.45,9.166,9.6
67.67,6.688,148.9,8.62,1.196,1356.3
11.55,2.337,160.4,47.14,5.528,8.4
6.21,1.423,803.6,34.86,4.698,162.5
116.06,8.402,13.8,43.53,2.937,82.4
59.41,5.905,443.5,12.73,2.910,2087.0
169.12,6.449,54.5,119.72,2.553,123.0
31.34,0.517,178.3,60.24,7.935,44.1
87.80,2.063,63.5,13.12,2.350,369.8
263.25,8.021,620.7,41.96,3.413,3660.6
69.11,1.643,316.1,99.96,4.127,193.1
11.89,1.208,200.6,21.92,5.530,106.6
39.95,2.161,202.7,54.04,4.254,163.7
22.38,4.076,358.7,17.93,1.537,459.3
149.57,5.218,98.1,46.16,1.383,94.7
133.41,3.358,302.1,40.92,2.406,793.5
16.94,1.139,1005.3,192.62,5.363,82.0
11.09,1.084,781.4,162.80,12.489,32.6
13.79,2.366,3292.3,62.71,1.394,746.3
27.37,3.970,106.9,14.86,3.386,173.7
52.79,5.005,99.2,36.57,2.013,67.8
11.66,1.811,589.1,81.77,2.893,59.1
103.64,2.861,58.4,19.22,1.983,143.5
7.64,1.585,793.2,72.62,4.602,84.1
38.10,1.751,742.8,51.70,3.882,560.8
47.20,1.677,285.5,23.64,3.086,418.2
14.82,3.913,3433.8,51.60,3.844,993.6
36.14,4.590,403.3,14.68,1.588,981.5
192.11,2.617,255.3,299.24,6.723,205.3
40.84,2.336,768.1,48.89,3.155,604.6
39.22,1.279,705.8,49.53,4.413,572.5
59.55,3.212,194.7,16.46,2.175,787.8
45.26,1.350,206.1,101.25,5.209,42.6
28.34,2.183,74.3,16.23,2.838,31.3
32.62,2.804,430.2,109.02,2.768,160.3
16.52,3.451,88.7,14.89,2.097,76.2
99.73,1.474,321.9,26.57,2.581,1132.7
29.43,1.896,1733.7,93.31,3.551,581.2
16.95,2.715,137.6,131.32,6.203,33.0
104.97,6.818,248.4,61.49,1.023,365.1
37.05,4.207,236.1,31.29,1.922,267.3
12.46,1.276,318.5,30.45,5.261,181.3
27.65,1.440,110.6,15.95,3.236,75.0
45.77,3.840,71.0,25.09,2.241,114.3
26.64,2.153,250.7,167.93,4.406,57.8
184.13,6.836,448.4,55.57,1.383,1563.3
297.63,6.947,89.2,42.48,1.395,383.9
13.84,1.817,68.9,44.48,3.779,31.2
54.01,3.078,18.3,13.17,3.098,66.0
48.51,3.218,398.8,8.98,2.293,2503.0
74.07,4.967,64.8,13.91,1.416,531.5
11.88,2.938,1486.8,12.72,2.622,1376.1
191.70,4.769,190.3,307.73,8.193,126.5
176.15,6.965,61.2,26.13,1.070,755.4
29.34,2.337,35.2,24.62,5.002,56.3
91.10,4.719,201.6,35.88,1.549,467.7
22.61,1.740,402.3,38.54,4.145,236.5
55.29,2.418,462.6,85.58,5.033,307.5
29.90,0.930,346.9,54.75,6.236,195.8
102.22,4.233,44.9,22.37,1.686,175.3
67.95,5.837,355.9,73.08,2.342,310.8
38.69,3.115,75.5,9.67,1.905,433.6
13.40,1.038,1322.1,89.86,7.018,222.4
22.79,2.565,179.6,29.53,5.405,117.2
24.03,2.293,216.1,23.01,3.152,226.9
10.60,2.411,745.9,30.83,2.497,212.0
11.62,2.358,483.5,29.67,3.581,217.9
67.86,3.163,120.6,13.07,2.016,348.9
116.35,2.445,44.2,36.27,2.726,228.2
27.17,3.576,642.0,9.47,1.927,1809.0
13.93,2.075,47.7,46.00,2.945,14.5
7.91,1.921,65.4,46.12,1.988,132.1
43.47,2.811,15.6,106.85,2.268,55.7
15.26,2.988,194.4,31.07,1.569,72.9
12.80,2.538,306.6,38.33,1.682,68.3
45.76,1.804,46.0,39.05,5.809,30.1
66.71,4.665,652.9,17.63,2.049,2333.8
45.07,3.475,2485.7,41.82,2.858,2604.9
42.09,1.920,49.8,67.05,3.712,27.1
75.91,5.251,1429.6,229.05,9.034,445.5
20.92,5.348,888.6,13.59,3.305,1325.4
14.75,2.708,343.8,24.90,2.901,174.7
241.79,4.109,195.8,102.80,3.082,402.8
42.08,3.147,1231.3,138.54,2.238,423.5
211.86,11.071,6.5,35.83,1.040,153.9
47.53,2.026,353.7,80.24,4.471,208.8
26.62,3.005,597.9,52.23,3.124,320.3
25.17,1.268,998.9,257.40,4.861,115.8
43.34,3.461,458.8,8.41,1.803,2089.6
10.59,2.550,567.1,17.23,2.732,370.0
54.32,5.968,57.1,26.35,5.641,20.3
159.51,2.508,50.3,25.28,2.517,96.6
114.94,3.548,1071.9,48.87,4.951,2462.1
44.63,3.244,2592.1,100.33,3.140,1167.9
33.89,2.199,212.6,45.56,5.837,123.6
203.30,5.189,146.5,22.02,2.318,1298.7
8.67,1.592,20.9,27.72,4.520,14.1
22.98,2.369,464.2,21.06,3.187,512.0
50.32,3.252,1185.9,68.56,4.551,930.7
44.69,1.607,782.8,172.29,4.662,196.3
25.75,2.704,2080.9,91.55,1.701,535.4
32.44,3.164,499.6,125.48,4.716,100.4
16.27,2.895,879.6,84.51,5.076,185.6
96.30,3.460,111.4,29.90,1.948,452.3
211.92,7.082,1240.5,298.93,8.535,889.6
12.46,1.538,813.4,44.91,4.836,262.9
64.23,1.137,338.7,31.72,4.309,766.9
55.51,0.905,426.1,244.30,8.585,70.0
86.77,5.359,30.1,6.68,1.275,314.1
136.33,2.239,1038.9,102.62,6.136,1364.3
36.28,6.891,64.1,12.59,2.602,165.1
20.90,3.343,257.7,41.27,4.536,125.1
53.45,2.846,524.1,15.19,2.129,1875.0
23.41,0.914,94.7,52.69,6.271,61.8
35.89,2.898,108.0,13.61,3.374,230.9
13.07,1.546,577.2,73.10,4.106,104.6
69.11,8.368,119.9,55.22,7.585,142.6
26.79,4.102,487.7,31.55,4.314,378.0
53.29,1.212,406.6,42.34,5.048,577.0
38.17,3.754,935.6,16.21,1.976,2152.6
17.04,0.436,755.7,46.57,8.079,264.3
38.55,3.878,66.0,30.84,4.890,78.4
38.88,3.178,93.0,17.96,2.188,163.2
31.85,3.271,1180.6,65.74,1.182,639.3
45.66,2.615,396.3,137.77,16.527,129.4
21.04,4.092,967.3,37.68,2.038,538.7
15.99,2.208,1514.4,66.01,2.012,359.0
46.30,3.197,156.3,7.71,1.810,610.6
100.55,2.320,33.2,160.95,5.165,27.2
163.94,4.430,72.0,18.24,1.609,728.5
10.59,1.254,33.0,55.61,6.815,42.0
119.48,4.697,304.5,69.80,2.200,552.9
24.04,2.274,1386.6,77.68,4.046,419.2
20.31,5.049,548.0,17.27,1.703,632.9
34.60,1.832,431.5,24.07,3.278,598.7
8.41,1.854,585.2,68.64,2.027,33.6
26.44,0.445,1960.7,243.62,13.272,221.7
27.82,1.826,1863.4,105.39,3.893,510.9
85.01,8.094,807.4,61.16,1.384,1142.8
249.29,3.764,24.9,11.17,1.273,171.5
74.12,4.950,36.4,14.59,3.021,127.7
15.25,2.044,391.7,75.44,2.557,55.8
10.41,1.264,5311.7,319.70,10.178,186.2
12.21,2.933,161.7,56.37,5.787,38.9
41.27,3.808,1528.7,46.81,2.004,1368.1
18.09,3.491,57.4,10.86,2.103,74.3
15.28,2.685,272.0,33.71,2.484,131.6
19.46,2.879,22.5,34.56,2.462,81.3
17.65,1.788,45.6,26.65,3.945,73.1
12.58,0.659,210.8,33.45,6.983,28.0
44.62,5.147,581.4,9.02,1.811,2828.9
30.20,2.350,1044.9,85.57,3.008,352.4
100.08,5.576,39.1,285.06,6.929,49.4
28.48,2.584,3118.0,113.56,3.805,795.5
133.76,4.556,55.6,41.80,1.574,173.2
45.72,1.001,105.3,66.63,5.294,19.4
14.38,1.658,585.6,31.68,4.727,276.4
100.09,5.040,50.9,29.24,2.228,121.6
9.84,1.507,552.2,85.28,3.876,64.2
35.84,4.842,414.0,18.69,3.090,761.3
35.03,2.514,2888.0,135.16,1.869,770.4
47.25,4.545,382.6,17.69,3.043,1081.2
8.66,1.953,672.1,21.72,3.770,301.3
9.44,1.928,685.6,36.14,5.328,187.1
289.50,13.111,459.3,406.59,12.415,302.8
59.16,5.016,424.3,50.55,4.492,506.1
115.77,3.445,492.3,41.41,3.640,1371.7
237.28,3.964,80.3,52.58,3.013,230.6
21.30,4.171,247.0,6.70,1.694,693.6
22.62,5.434,650.0,18.83,0.624,715.4
12.34,1.771,270.8,16.90,4.383,169.2
80.86,3.766,131.0,37.57,2.522,341.5
144.96,4.860,85.7,6.49,1.089,2213.2
144.79,3.163,241.8,97.66,4.878,349.3
73.96,9.625,94.0,23.00,4.030,163.7
346.94,5.124,54.5,48.27,2.134,359.1
28.32,4.133,356.6,38.48,0.712,353.2
7.24,1.360,60.9,62.16,6.293,24.7
17.32,3.117,209.0,11.64,2.908,233.3
92.00,5.226,13.0,9.20,1.343,340.3
144.90,6.577,60.2,35.53,3.176,149.1
22.00,3.808,1068.4,51.82,4.985,436.6
31.54,1.109,1110.5,11.87,2.854,2986.4
17.38,3.056,969.5,31.78,1.853,540.9
51.08,3.743,35.2,51.42,1.731,29.0
10.40,1.341,1171.4,104.67,4.486,131.0
106.01,4.954,367.8,34.06,2.487,978.9
37.66,1.987,796.5,30.09,3.228,963.3
16.15,2.178,1446.0,125.01,2.003,243.9
9.89,1.423,3518.3,215.61,14.087,158.8
38.39,5.220,236.9,15.33,1.304,605.6
203.28,8.895,331.5,127.30,4.458,495.3
35.66,5.647,322.4,58.74,2.682,192.9
72.21,5.269,200.7,26.52,1.316,488.8
34.65,1.988,2544.9,644.00,15.409,148.2
136.51,4.716,226.0,35.33,1.741,765.8
24.87,2.562,1671.1,61.88,2.589,626.6
193.10,3.137,7.7,30.78,1.995,65.2
44.37,3.107,17.0,13.31,2.577,82.4
49.44,3.152,375.2,47.34,5.699,376.0
10.82,1.572,180.3,19.66,4.442,115.1
35.04,2.544,646.8,166.09,2.907,109.6
23.26,2.932,727.6,49.88,1.997,335.9
64.10,4.928,136.6,57.44,1.958,116.5
20.02,3.726,18.4,11.65,2.106,18.5
7.98,1.087,318.1,179.95,3.490,23.3
89.89,7.452,70.1,13.10,1.828,584.4
26.27,1.868,348.7,30.22,3.963,295.4
42.33,1.932,199.2,162.47,4.154,39.5
14.77,1.457,2145.5,34.59,6.229,918.6
89.68,3.259,38.0,56.65,3.951,94.4
12.79,3.270,700.8,46.20,1.841,198.2
79.68,3.117,2458.4,417.99,8.115,496.1
14.40,2.547,2552.3,66.24,1.846,544.6
8.28,1.559,520.4,48.49,3.830,79.2
55.10,5.270,473.5,21.52,2.127,1095.3
98.67,4.672,132.1,87.11,4.445,171.3
50.46,3.271,147.5,29.79,2.687,249.1
19.22,4.367,2247.2,46.82,2.374,930.6
35.39,3.441,742.5,61.57,1.921,461.0
239.88,6.119,455.6,78.34,1.707,1333.3
77.23,2.970,285.3,59.54,3.393,425.7
28.08,1.683,82.5,211.77,4.075,17.1
26.33,2.347,783.6,63.42,3.254,315.0
49.28,6.718,457.8,59.93,3.226,424.5
800.10,14.041,373.9,180.82,4.970,1715.1
9.67,1.391,3149.0,76.13,4.113,419.3
36.13,1.549,1064.7,70.95,6.734,548.4
19.81,1.647,742.6,85.35,4.527,179.1
10.40,1.873,287.7,115.78,5.040,21.6
104.87,5.220,1755.1,77.74,3.399,2359.2
83.77,1.170,919.5,31.15,3.541,2493.3
72.08,4.960,70.6,56.99,3.542,87.1
46.01,3.510,352.7,26.38,2.049,721.5
23.10,3.095,975.5,17.19,2.472,1239.0
30.23,3.266,96.0,10.67,2.287,271.5
34.59,2.740,105.5,19.09,2.987,178.1
91.42,2.215,19.6,8.06,1.545,262.0
33.26,1.732,82.7,11.36,2.665,181.5
18.65,2.457,62.6,31.08,3.399,65.1
28.19,3.192,281.9,12.70,2.955,598.7
25.74,1.360,1334.6,69.07,7.423,517.6
91.04,2.135,756.0,175.61,4.489,357.8
45.14,3.182,174.2,40.69,2.962,140.8
65.62,1.298,49.1,64.60,4.411,36.6
67.27,3.287,44.5,37.48,2.233,87.0
257.92,6.211,106.9,12.94,0.936,1939.4
12.77,1.747,133.5,37.14,4.155,52.3
56.69,1.541,283.2,277.36,7.566,47.6
153.74,3.149,32.0,46.97,3.654,11.9
943.50,17.317,191.1,32.28,1.531,5497.5
26.74,3.628,1080.5,41.80,2.431,712.7
54.44,1.785,458.4,86.97,3.946,295.5
24.23,1.226,1542.4,135.34,6.461,283.8
59.29,2.269,104.5,11.77,2.811,715.6
11.24,2.720,423.9,20.08,2.494,257.8
307.31,7.025,188.6,58.14,1.548,1121.5
102.94,6.646,426.9,101.33,2.240,473.2
26.17,2.669,64.6,39.24,3.130,54.4
22.78,2.185,44.8,38.41,3.347,23.9
26.23,4.165,295.8,10.07,1.738,729.2
21.56,4.799,561.5,10.66,1.405,1161.3
17.08,2.860,1528.4,69.76,2.885,368.3
16.12,1.101,3611.8,363.54,5.785,187.9
54.55,5.530,294.1,95.82,2.749,201.8
13.65,2.128,216.3,60.92,4.281,90.4
77.37,1.952,773.9,15.81,2.760,3645.7
16.14,2.598,609.8,18.76,3.339,483.4
24.72,3.349,460.9,19.33,2.255,660.5
27.19,2.314,228.2,24.08,3.441,231.3
177.45,3.117,422.8,146.91,4.080,510.5
15.83,3.237,235.6,38.50,1.564,44.9
16.88,3.418,73.9,13.65,2.540,105.2
27.20,2.541,365.3,37.21,4.808,220.6
28.07,1.047,246.2,120.53,8.501,67.4
12.78,2.480,245.6,26.34,2.943,158.5
57.36,4.407,640.0,130.27,2.100,276.5
177.10,5.759,168.6,27.14,1.230,1082.6
17.53,1.450,4279.0,141.66,4.902,508.4
114.48,9.163,232.0,74.08,9.805,389.4
18.90,3.920,2064.1,26.23,1.774,1499.9
72.72,4.694,382.6,65.62,0.963,428.8
60.28,5.832,429.8,110.37,9.464,235.8
33.39,2.579,648.5,90.74,2.790,208.1
12.42,2.456,241.5,18.29,3.012,180.7
98.29,2.883,519.4,52.46,2.871,958.9
148.67,10.125,120.9,10.20,1.934,1178.7
50.07,0.980,2157.7,49.64,4.390,2178.0
43.22,8.338,209.0,14.61,3.429,644.7
11.93,2.801,73.1,14.57,2.806,71.8
32.54,1.957,66.4,15.70,2.918,226.7
22.70,3.365,193.5,26.57,1.999,145.6
19.03,1.324,724.2,38.43,5.038,351.2
95.48,1.573,483.9,76.18,4.290,549.0
71.21,2.545,116.0,147.98,5.393,29.1
25.51,2.525,65.0,105.20,5.610,22.2
49.42,1.440,2648.7,239.73,6.089,573.9
38.39,6.957,293.8,8.66,1.076,1279.3
134.60,6.212,334.2,21.21,1.223,2231.8
188.36,3.091,116.9,17.64,1.582,852.5
108.29,3.609,130.4,20.76,1.938,624.9
11.64,1.174,2291.1,178.79,3.598,145.7
54.76,2.034,485.9,55.63,3.919,463.1
161.93,7.185,471.9,233.01,4.363,318.9
42.89,3.606,368.2,89.24,7.130,138.6
135.49,2.803,97.5,32.97,2.852,318.9
79.06,2.432,237.0,10.43,1.680,2100.3
20.04,0.517,2369.0,25.08,5.345,1877.4
29.24,4.073,1729.7,28.70,2.169,1792.9
58.61,3.779,114.4,40.69,1.870,174.9
94.92,8.641,60.5,31.55,5.334,205.3
43.43,2.181,397.2,174.26,7.118,53.0
23.15,3.793,453.6,62.20,2.627,231.5
67.39,1.895,188.0,153.78,4.333,112.9
38.10,4.890,93.4,14.75,1.490,257.8
44.71,3.442,47.2,43.01,5.928,77.4
30.21,0.571,243.9,37.53,5.508,252.8
25.58,3.318,43.1,38.34,2.572,31.3
46.49,2.829,103.1,62.52,7.712,60.5
143.56,4.590,27.4,7.60,0.991,42.4
139.80,3.433,265.2,39.98,2.327,898.4
36.27,2.892,897.5,27.16,4.380,1194.9
17.36,3.831,1489.1,37.54,2.052,642.6
15.96,3.121,220.7,17.65,2.215,180.5
6.59,1.118,1146.0,118.14,4.816,52.2
17.71,4.052,3084.9,62.99,8.025,843.4
101.24,6.517,290.7,100.95,1.854,318.9
124.92,4.928,610.6,18.95,1.472,4031.2
91.90,5.033,135.7,208.59,4.513,132.8
140.10,2.049,321.4,43.89,3.160,854.8
109.38,1.839,107.1,150.87,6.369,58.1
81.32,3.471,353.7,65.90,5.097,462.1
58.47,1.436,673.2,202.01,5.251,213.7
22.10,5.639,1352.9,44.24,4.220,676.2
65.98,3.388,186.6,62.96,3.336,193.5
14.33,1.805,136.2,25.20,3.946,46.7
41.40,6.295,613.5,63.40,3.041,371.4
43.24,1.587,988.1,48.06,4.685,871.6
56.02,1.123,1368.3,408.61,7.207,205.9
46.12,5.300,455.1,31.85,2.192,586.2
79.25,1.571,116.1,32.68,2.954,304.0
67.99,3.459,214.1,25.54,2.184,429.7
132.58,4.530,30.3,101.01,2.487,60.1
76.53,5.581,422.4,95.55,4.753,363.9
16.88,1.350,1703.9,96.58,5.099,318.3
14.59,3.142,591.4,31.99,2.491,255.4
28.58,2.391,69.2,52.36,3.387,62.4
132.89,4.633,645.4,104.35,2.843,810.5
13.38,1.725,1516.5,93.11,6.589,216.2
37.95,2.964,2181.2,42.56,2.574,1957.4
242.48,5.267,622.6,311.93,6.156,436.6
45.98,1.636,299.2,24.57,3.523,608.6
16.76,2.806,1300.2,13.43,2.796,1492.0
98.85,3.832,137.0,397.30,7.101,34.6
64.04,6.152,237.4,19.03,1.584,854.1
81.91,4.141,46.4,24.65,1.695,242.5
64.10,3.651,43.9,20.71,2.827,223.6
20.17,1.935,118.8,38.09,4.661,29.8
245.33,8.025,497.5,40.16,1.130,3022.0
30.16,3.259,164.2,19.61,3.222,238.8
12.52,2.734,79.5,23.28,3.355,36.6
34.32,4.259,39.5,11.13,1.717,153.7
88.49,4.416,763.8,73.10,1.539,912.0
62.73,9.554,81.2,21.89,3.920,174.8
64.78,12.208,93.4,11.86,1.432,465.6
95.75,4.141,80.4,7.98,1.586,1075.0
13.71,1.409,60.6,22.59,4.560,34.7
215.97,4.686,429.8,88.99,3.183,1110.5
34.63,1.614,1171.1,91.25,5.442,456.4
55.22,3.277,331.0,84.73,1.900,217.7
164.54,6.559,236.7,28.78,2.480,1291.0
158.73,6.208,174.4,14.32,2.137,2235.0
29.81,3.644,611.1,57.52,1.570,328.6
6.39,1.373,386.5,71.76,2.757,26.7
136.45,3.920,57.7,10.56,1.205,445.4
85.61,1.186,121.6,37.74,3.088,342.5
83.21,5.854,433.5,108.94,7.389,353.9
15.41,1.489,80.4,117.34,3.640,20.7
64.36,3.999,315.4,21.60,2.343,903.8
140.78,2.421,348.0,97.32,3.478,470.1
33.46,1.856,2098.2,90.94,4.350,750.6
123.82,4.065,113.2,12.34,1.650,512.2
38.42,3.979,1692.1,52.13,3.432,1247.2
27.71,2.047,2254.2,162.11,7.932,396.4
10.87,0.859,3353.7,44.74,7.865,830.3
76.91,5.799,28.8,28.36,1.711,73.4
48.93,1.746,79.2,13.41,3.221,437.8
29.64,3.241,829.7,40.94,4.673,601.5
112.89,3.285,43.7,90.50,3.244,89.9
60.62,5.420,232.5,40.12,0.990,310.0
142.51,9.009,306.4,59.63,1.385,703.8
25.62,3.003,3937.9,225.70,13.349,442.7
8.64,2.005,1060.3,14.91,3.701,626.7
32.35,1.940,1311.5,92.10,3.966,438.5
115.59,5.110,154.1,21.79,1.946,633.7
58.98,1.698,1304.2,65.52,3.917,1202.7
133.20,3.374,262.4,48.01,2.578,641.1
107.51,4.173,371.5,81.96,1.692,526.5
72.46,3.872,646.0,55.24,1.736,811.4
12.24,2.548,1236.4,40.78,1.594,295.6
161.61,4.218,41.9,152.67,2.469,29.3
27.88,4.861,275.4,22.74,1.609,257.7
63.27,3.838,499.1,32.58,1.872,999.4
15.07,3.396,79.7,11.91,2.129,158.1
35.42,3.066,1785.0,38.66,3.461,1613.4
36.44,1.064,773.7,76.52,5.592,386.1
56.02,1.320,556.1,111.16,8.378,227.7
155.93,5.386,346.2,109.10,2.241,547.8
154.24,4.379,33.5,7.50,1.277,676.3
28.20,2.844,699.2,31.57,3.143,587.6
70.46,2.599,240.1,129.13,6.742,126.7
24.96,3.487,561.8,28.53,2.675,442.8
33.83,2.329,77.8,129.12,4.875,45.5
18.73,4.749,121.7,8.66,1.475,337.5
361.04,8.954,108.1,55.53,0.891,812.0
41.25,7.749,144.0,11.34,0.843,325.7
36.35,2.924,336.8,8.96,1.964,1263.0
25.22,3.423,45.1,53.16,1.600,27.4
140.05,4.489,830.7,127.02,4.138,914.8
100.86,3.661,188.0,88.30,4.659,231.5
74.36,1.879,426.1,203.60,4.720,181.4
63.28,8.232,284.9,80.41,5.294,170.0
12.77,3.107,202.9,32.94,1.314,119.7
22.56,4.117,283.7,22.13,4.111,300.1
10.33,2.458,1077.2,57.55,3.839,229.2
52.13,3.840,18.3,8.87,1.614,34.3
107.10,2.920,538.0,19.03,2.697,2735.4
54.69,1.876,273.0,7.71,1.863,1830.8
20.22,3.200,88.4,18.36,3.778,36.5
328.88,5.153,39.7,20.69,1.319,552.2
246.91,4.528,448.1,61.62,3.286,1834.9
73.83,1.751,326.3,19.42,2.506,1321.7
240.63,5.918,44.3,74.31,3.709,263.4
87.96,3.124,104.9,16.37,1.742,496.6
8.23,2.123,1711.6,26.17,2.844,541.7
20.43,2.542,1369.7,142.22,6.691,177.4
24.13,1.926,1077.4,303.85,8.687,90.1
30.42,3.346,88.8,49.58,3.613,47.5
31.29,0.927,695.2,189.35,11.202,80.2
161.47,3.865,90.3,8.45,1.028,756.0
329.88,5.342,84.7,16.69,1.273,1670.2
45.47,4.681,109.2,28.87,1.692,181.6
64.84,1.971,918.0,344.00,7.875,167.1
33.75,1.768,84.5,37.94,6.358,20.1
20.45,0.926,161.0,247.39,11.128,32.0
15.33,2.270,249.8,29.99,6.066,167.6
55.13,2.206,455.7,15.71,2.319,1803.9
47.19,6.821,114.1,22.07,4.959,198.1
53.40,1.268,662.0,12.57,2.585,2638.4
201.33,3.569,37.7,38.55,2.322,39.9
46.60,2.103,1127.8,36.98,3.227,1402.0
23.95,1.205,1907.4,125.50,6.323,401.7
15.56,1.636,688.4,124.28,2.734,111.4
216.18,8.660,146.8,60.54,4.439,637.7
6.35,1.209,79.4,33.31,6.010,18.6
93.18,3.628,47.5,9.90,1.493,436.4
23.89,3.470,361.7,45.28,0.822,292.5
33.42,3.777,513.2,19.12,1.969,854.1
158.37,2.537,202.9,39.66,2.446,812.1
18.11,1.540,6555.4,201.39,4.773,582.2
47.62,8.208,558.6,13.59,2.143,1951.2
35.35,3.739,159.7,14.60,1.914,275.7
62.82,4.813,216.1,8.18,1.349,1523.9
39.08,5.666,626.1,136.09,11.798,156.5
184.12,2.894,680.2,296.96,6.031,377.2
27.43,1.873,22.1,91.01,4.160,21.8
22.99,3.824,171.3,9.32,1.985,322.8
150.55,7.005,24.6,22.43,2.120,52.7
59.75,1.331,32.6,201.30,7.426,27.5
116.74,4.112,92.3,24.68,1.597,426.5
48.19,3.912,16.1,14.95,1.965,46.4
30.16,1.792,1389.3,37.62,3.813,1122.3
18.62,3.196,517.7,32.01,2.951,354.3
60.74,3.237,23.3,128.51,4.047,33.7
14.60,1.587,401.6,105.23,3.250,52.7
119.42,3.940,561.6,36.10,2.227,1763.8
68.15,4.900,275.7,18.60,2.424,991.4
13.07,1.327,722.4,90.54,5.505,124.6
20.44,2.268,266.7,38.31,3.561,120.2
25.10,2.094,304.3,14.09,2.948,567.0
34.43,2.773,758.4,16.01,3.302,1499.4
63.25,3.110,134.5,11.69,1.920,760.7
15.75,2.253,634.0,41.23,3.011,186.7
9.25,1.196,3568.3,173.72,3.938,198.5
35.02,2.512,97.8,13.16,2.511,245.7
111.44,4.596,1350.6,280.23,5.176,535.7
73.16,4.733,279.3,9.08,1.523,2272.4
56.57,1.880,557.9,99.57,9.989,293.5
16.76,2.532,469.2,51.78,1.815,136.4
298.42,5.115,84.9,33.30,1.798,760.3
26.27,4.958,368.1,27.44,4.104,337.1
53.66,3.383,504.0,230.79,4.150,139.2
21.61,0.960,603.5,18.11,4.144,680.4
107.27,3.678,184.1,57.75,2.550,328.6
35.44,4.564,177.2,32.01,1.129,149.7
22.32,3.366,181.3,13.27,3.340,188.4
15.65,1.762,795.4,116.14,9.645,102.2
110.73,3.855,56.1,21.26,1.608,170.5
21.38,1.582,1267.8,185.88,7.149,153.7
83.57,6.211,11.5,18.76,1.270,127.5
59.69,5.573,2319.7,56.38,4.050,2450.9
16.52,1.490,1578.0,195.66,6.317,143.3
74.88,1.654,97.0,88.39,4.203,60.3
21.90,3.428,350.1,76.25,5.275,101.3
53.10,4.158,388.5,112.90,2.020,186.6
20.50,1.381,76.7,157.87,5.572,5.2
153.58,4.356,139.7,172.97,5.261,169.1
435.41,11.278,61.8,19.13,1.026,1145.8
79.29,4.842,231.8,87.95,2.040,224.0
53.34,3.977,979.5,77.61,4.510,631.4
79.28,3.168,61.5,13.59,2.257,539.2
22.79,4.049,107.5,30.68,2.202,122.9
95.86,3.407,521.5,52.45,3.319,959.3
119.56,3.651,89.8,109.48,3.334,108.8
307.74,5.346,334.5,276.84,4.276,371.5
45.22,3.180,1282.7,71.22,4.579,835.8
36.72,3.429,278.9,17.75,2.424,660.3
53.67,3.206,62.8,33.50,2.311,53.8
25.66,1.922,411.1,17.72,3.409,551.1
9.47,2.223,180.8,20.73,4.874,60.2
59.75,1.903,1679.9,119.40,6.658,810.0
23.00,3.386,505.0,13.72,2.227,978.4
68.61,5.013,88.8,22.47,1.680,248.0
12.62,1.184,2633.6,29.97,5.529,1092.6
10.14,2.279,2053.8,49.05,5.655,428.1
21.98,2.209,328.1,83.85,5.559,98.3
69.34,2.020,539.3,84.87,4.254,425.0
76.14,2.927,400.3,9.29,1.708,3040.3
43.37,5.924,413.4,14.79,1.111,1184.2
80.47,1.701,385.2,26.63,3.637,1175.0
743.91,16.832,31.8,38.03,1.826,669.5
18.79,1.824,1042.0,235.15,3.930,68.7
329.80,8.477,21.6,59.78,3.763,170.2
13.40,1.490,2091.3,97.41,4.622,313.4
89.51,3.838,154.1,80.03,2.209,246.1
242.34,5.735,35.9,86.37,2.638,129.4
6.31,1.011,162.4,117.31,4.315,9.3
6.43,0.712,5206.0,109.95,10.394,301.0
14.33,1.657,25.4,59.25,4.901,35.3
12.45,0.910,142.2,76.84,10.066,75.2
90.35,6.755,383.7,124.96,3.490,238.0
12.53,3.061,411.0,22.81,2.056,224.4
119.60,4.737,207.4,173.64,6.250,166.5
99.66,1.490,187.2,201.24,5.886,78.8
103.59,5.272,224.5,22.50,1.421,1032.2
11.88,1.385,2037.9,226.98,4.864,116.7
17.70,2.209,2001.3,21.76,3.256,1549.1
140.43,3.528,862.4,146.90,5.572,832.9
7.48,1.444,2550.1,61.70,3.537,305.0
12.65,1.403,6304.6,243.69,5.046,346.3
295.43,6.098,34.0,10.38,0.942,1507.2
25.51,3.288,34.8,20.74,3.018,66.5
253.03,12.643,49.2,32.43,2.137,153.7
19.91,3.049,120.7,22.36,3.209,148.6
25.39,3.005,78.0,115.46,2.359,49.0
75.15,1.930,65.1,17.14,2.543,231.0
26.62,1.396,203.8,17.14,3.681,298.4
47.16,3.231,483.4,93.99,1.268,176.7
49.25,1.764,283.7,108.10,4.123,117.3
32.30,2.423,284.5,91.60,6.565,90.6
25.68,5.213,579.6,26.18,3.455,554.4
27.70,2.273,572.4,185.09,3.176,78.0
146.03,5.057,198.2,29.63,2.763,935.7
55.56,4.173,139.0,69.66,5.195,81.2
39.41,4.598,36.8,10.59,1.572,22.8
60.45,6.481,1008.2,39.01,3.954,1589.9
38.77,1.171,230.2,61.29,5.677,114.8
11.76,1.164,7395.4,148.36,5.586,587.7
81.66,3.521,345.2,216.83,3.912,141.2
108.62,3.386,608.8,70.25,4.398,1052.3
67.04,5.015,516.2,15.70,2.596,2067.3
15.65,1.828,3609.4,47.53,3.866,1181.6
36.14,2.385,192.5,23.45,2.930,220.9
129.34,3.613,60.6,11.85,1.301,542.2
148.18,2.386,60.5,18.26,1.731,281.4
11.26,1.658,279.7,42.45,7.186,31.8
18.44,1.718,191.8,17.82,4.357,224.9
11.19,2.939,201.8,33.14,3.380,109.8
47.06,2.784,912.4,77.32,4.866,542.7
72.28,4.652,62.3,18.43,1.825,150.8
169.23,4.539,186.0,31.82,1.492,1086.2
18.50,3.188,621.6,26.52,2.201,389.7
60.84,6.667,686.2,45.34,2.892,881.4
65.59,3.919,24.7,11.73,1.900,40.4
57.68,5.045,11.3,58.41,4.921,13.1
25.32,5.825,742.3,10.90,1.246,1737.9
37.15,3.536,451.5,32.12,4.085,574.6
17.06,2.055,649.6,24.14,4.258,433.6
73.55,4.835,1835.5,81.24,1.762,1643.3
63.98,1.035,303.4,190.79,6.279,129.3
36.60,2.167,240.4,30.29,3.091,251.4
45.85,1.802,1854.2,82.01,3.998,1054.9
67.19,4.869,22.7,18.88,1.478,106.9
60.81,2.876,352.4,84.52,3.133,319.4
42.38,2.831,68.7,13.12,2.426,63.7
30.45,1.569,99.6,23.25,3.546,149.8
13.03,2.122,26.4,64.35,1.750,37.1
27.43,3.238,941.3,33.49,4.016,746.9
213.59,6.043,487.0,52.46,1.704,1889.1
41.34,1.243,84.1,30.12,3.764,133.7
24.03,1.033,899.2,72.42,9.350,260.6
21.16,1.231,93.8,26.83,4.486,107.1
15.39,2.124,308.8,86.78,2.155,73.9
54.45,4.903,354.1,25.72,4.426,724.6
112.59,2.684,107.5,142.01,4.746,113.7
28.08,1.992,494.4,21.68,4.160,687.9
40.29,1.419,357.1,12.95,2.576,950.2
25.35,2.476,770.1,71.90,2.913,277.8
67.99,0.933,97.3,346.70,7.721,14.9
38.29,3.203,977.2,48.21,2.302,808.5
10.20,1.890,152.0,87.42,2.704,6.7
54.17,6.563,1771.9,46.74,3.206,1976.6
65.47,1.882,469.4,67.69,4.245,431.1
145.08,6.078,475.5,138.60,2.454,545.0
20.23,3.921,889.7,27.77,1.158,642.3
203.08,6.511,877.4,654.92,13.420,285.2
22.48,2.758,74.3,27.59,3.192,86.4
138.96,4.744,171.1,56.71,1.911,347.7
40.08,8.974,142.4,6.72,1.732,857.4
172.71,6.805,212.9,56.25,1.154,669.3
57.33,2.203,179.2,46.65,3.531,216.3
143.42,5.886,116.4,130.96,8.062,122.6
562.57,20.581,187.7,179.71,3.578,684.5
27.89,4.971,405.2,13.92,2.293,814.3
67.65,5.808,65.5,55.72,0.803,112.3
41.26,1.122,122.6,54.47,5.362,74.7
13.30,1.547,2169.5,43.51,4.882,636.9
27.90,3.482,853.0,62.10,1.128,333.9
37.41,1.489,692.2,33.42,4.378,807.6
8.99,0.875,6132.1,214.18,5.364,262.4
190.01,9.927,138.2,10.99,1.817,3636.5
48.12,4.769,271.4,31.57,1.244,487.3
18.12,3.005,632.5,49.79,0.929,241.3
99.25,1.599,579.1,36.18,3.104,1416.1
41.80,2.448,582.5,38.18,3.282,616.1
60.62,2.681,39.2,13.44,2.152,61.6
14.26,2.727,77.1,70.30,4.805,25.6
100.53,2.568,351.8,42.28,2.828,885.3
14.65,1.444,975.5,63.80,5.462,239.1
27.78,1.153,779.5,52.29,6.320,381.0
40.95,1.406,939.0,169.22,5.398,231.9
217.64,5.306,162.7,71.61,1.907,401.4
130.37,3.129,176.3,224.80,3.992,135.0
82.39,1.381,2050.3,390.52,8.020,427.7
12.84,2.375,474.7,47.07,1.602,85.0
82.49,3.312,178.0,11.73,1.568,1141.2
58.41,2.327,1884.5,384.09,5.523,304.3
12.39,2.839,809.1,25.40,2.061,350.1
10.30,0.969,355.7,105.59,7.225,41.5
570.63,11.967,20.6,526.62,10.966,11.1
56.85,5.885,123.2,14.01,1.717,493.9
43.22,1.473,100.7,16.97,2.885,158.7
82.17,8.077,153.3,46.93,1.314,195.3
16.77,2.116,223.8,15.19,3.183,264.7
160.78,2.584,87.8,71.69,3.424,195.8
76.24,1.966,494.8,10.72,1.869,3719.5
60.97,3.137,540.5,278.50,4.153,118.9
15.78,4.165,563.9,11.68,2.747,759.3
12.99,1.205,10854.4,185.04,5.931,761.0
26.12,2.116,851.8,34.61,6.723,642.5
34.55,4.209,397.4,14.54,2.123,978.0
19.30,4.687,467.3,20.98,1.460,465.6
34.40,1.769,839.0,70.53,4.646,436.3
152.10,6.365,676.8,65.75,4.217,1425.1
687.78,10.904,15.4,44.96,1.895,77.7
130.68,2.918,152.1,119.29,3.750,186.3
94.47,3.982,348.8,138.86,6.015,254.0
88.15,4.866,27.3,9.17,1.248,94.0
28.17,3.223,774.5,74.95,1.038,332.0
36.81,2.667,2233.4,242.25,3.825,332.2
27.04,3.568,89.4,12.78,3.102,166.1
66.62,2.423,1379.2,190.50,6.796,460.0
174.21,4.296,80.7,46.02,3.867,273.5
7.82,1.348,409.9,141.40,4.153,49.0
20.40,2.081,1591.5,136.90,6.199,266.9
32.33,2.668,1615.2,91.06,3.398,574.2
30.78,4.344,20.0,27.33,1.302,19.3
75.70,3.168,175.1,21.45,1.994,516.4
113.40,2.823,25.9,136.54,4.092,26.1
37.15,3.162,195.2,184.70,4.133,83.0
8.67,0.585,3096.8,477.80,7.633,53.5
10.31,1.449,369.7,60.21,5.157,47.9
19.11,4.722,46.7,15.19,1.022,37.7
89.02,3.808,267.3,19.28,1.729,1136.8
215.51,3.147,2163.1,175.56,5.244,2620.2
51.70,5.530,277.4,17.95,2.200,733.8
64.13,3.427,198.0,25.42,2.018,490.7
15.82,1.755,3849.5,216.24,4.324,277.9
22.36,0.931,833.2,29.58,4.955,683.2
31.35,3.676,357.3,7.80,1.755,1586.3
51.09,2.987,505.6,33.03,2.959,779.6
120.06,5.554,157.6,24.11,1.452,652.7
28.00,3.570,359.0,9.56,1.976,1185.2
44.35,3.229,282.8,18.44,2.571,590.9
11.30,2.284,330.4,56.05,3.916,49.1
22.12,1.690,123.1,29.65,4.901,80.8
10.13,2.098,210.4,28.27,3.244,103.3
40.78,3.715,170.7,68.11,2.950,81.4
67.75,3.779,1233.8,162.66,2.629,531.3
226.87,6.111,229.3,52.53,2.720,881.4
6.05,0.974,2485.7,140.83,3.040,118.7
76.53,1.408,242.3,63.13,4.266,266.1
25.77,3.472,58.6,31.27,1.883,57.2
40.39,1.732,96.9,53.37,3.898,50.7
15.13,3.611,1631.2,34.09,2.247,708.1
22.46,3.911,718.9,55.25,1.485,261.6
80.25,1.398,401.4,39.29,3.091,821.1
421.23,6.297,7.6,9.70,0.728,504.0
25.54,3.464,357.9,27.37,3.735,366.8
13.42,2.464,382.1,15.19,3.904,374.2
120.34,4.011,15.8,152.69,8.808,15.1
199.51,9.716,562.1,60.39,3.747,1928.1
75.94,3.296,84.2,9.37,1.919,374.6
38.23,1.259,297.3,26.90,4.325,357.0
38.66,0.690,92.5,15.74,3.447,335.7
9.52,1.797,1852.3,40.18,3.521,407.5
57.55,1.379,71.1,16.79,2.870,296.2
57.60,3.723,21.5,21.89,2.338,35.2
11.03,2.803,64.6,13.08,2.578,95.1
10.37,1.836,48.7,42.71,3.353,38.3
28.52,1.232,136.9,95.11,5.690,30.4
80.16,4.861,382.7,9.10,1.428,3774.2
8.93,1.409,46.1,147.04,4.129,25.1
105.37,3.917,240.2,42.42,2.899,573.7
13.44,0.999,1113.3,40.04,6.667,358.1
23.30,2.912,284.1,49.72,1.967,148.3
15.63,1.999,2173.1,29.29,3.632,1150.7
237.53,8.770,43.5,151.01,6.966,38.4
61.23,8.401,937.2,83.96,5.550,714.6
24.78,1.467,1622.0,80.58,5.980,512.2
23.58,1.863,2154.7,228.97,4.266,222.2
10.04,1.072,237.4,69.60,6.676,31.0
18.89,1.981,469.9,68.02,4.538,141.1
501.27,12.305,144.7,185.96,2.527,331.5
108.17,4.238,874.4,126.76,1.743,677.7
22.20,4.355,148.6,7.92,1.649,283.4
214.51,4.058,247.3,68.42,3.885,688.8
42.22,2.547,51.2,40.39,2.943,64.3
101.17,4.804,45.2,8.59,1.213,35.8
95.36,1.644,568.9,114.17,4.659,481.9
18.30,3.436,798.6,28.36,2.239,473.6
21.72,3.169,402.8,21.79,3.225,381.3
26.74,2.190,1251.9,25.36,4.487,1317.4
26.30,2.091,279.9,11.03,2.592,687.6
37.98,1.595,798.7,86.03,5.064,331.4
29.32,1.285,66.2,305.64,5.314,12.1
13.44,1.896,276.8,31.81,5.484,102.7
31.06,2.669,285.7,20.88,3.438,429.7
25.34,5.711,28.7,17.05,2.598,58.4
30.71,4.673,191.9,15.95,1.463,389.2
83.25,4.597,28.0,18.37,1.717,91.6
18.73,1.094,801.7,94.94,6.871,135.7
78.85,2.514,56.5,20.10,2.342,184.0
126.33,8.264,99.7,37.39,1.797,402.7
59.51,5.915,352.3,23.37,1.108,935.3
25.09,3.850,389.3,23.10,2.580,424.1
89.00,2.146,78.8,121.17,3.953,18.2
207.19,12.244,129.2,88.51,2.473,292.9
116.07,4.189,371.4,36.52,2.825,1172.7
6.44,1.525,1986.4,48.60,3.165,255.3
45.61,1.905,26.2,30.72,3.313,41.6
7.01,1.679,1331.3,53.40,4.228,190.4
96.37,3.424,131.0,100.61,4.019,130.1
45.42,3.478,132.6,34.91,2.033,162.9
51.80,1.866,830.9,252.86,5.636,173.7
19.21,1.642,4213.4,112.52,5.682,697.4
21.99,3.964,270.1,10.09,1.882,690.9
56.92,1.383,528.3,24.19,3.688,1147.1
76.98,4.556,111.6,62.80,1.387,100.1
26.82,2.534,511.6,218.80,6.118,48.2
16.92,3.464,199.8,51.89,4.775,81.7
61.09,2.037,134.1,20.97,3.031,307.3
11.39,2.005,652.8,13.36,3.488,549.8
436.94,6.116,42.5,13.60,1.037,115.9
35.98,3.808,45.2,12.72,2.697,116.6
86.79,2.821,2283.0,112.62,3.487,1837.6
119.15,6.104,521.7,40.89,1.464,1480.6
131.66,5.774,637.0,40.01,1.737,2125.1
76.34,3.191,230.1,35.97,2.729,524.9
26.38,1.580,22.3,46.25,4.345,35.6
69.87,6.359,38.4,31.96,1.262,117.8
12.93,1.760,653.5,58.58,3.598,152.5
35.53,4.523,449.4,14.76,1.819,1042.0
54.30,3.593,238.4,9.99,1.982,1250.0
85.89,2.529,121.4,202.86,7.330,64.9
91.98,3.813,381.6,35.27,1.982,999.3
171.09,3.270,29.4,66.35,4.265,144.9
34.02,5.002,102.0,6.18,1.395,539.5
110.08,3.145,0.8,12.51,1.822,81.1
15.77,2.967,7.6,23.81,2.584,77.7
34.85,1.672,31.7,10.31,2.435,49.0
13.67,0.622,126.3,33.02,6.880,15.1
16.73,3.806,48.9,9.30,1.947,119.7
25.44,2.236,72.8,63.40,3.382,28.4
16.25,2.528,3009.6,60.01,2.572,803.2
77.59,3.771,655.8,64.03,1.922,769.1
27.46,6.397,298.6,16.00,0.786,516.2
58.44,0.801,68.0,66.08,5.574,30.9
22.82,2.184,1956.7,241.04,5.705,192.3
15.00,1.632,317.2,102.57,3.339,66.2
88.30,1.211,75.5,6.87,1.575,650.2
61.84,5.700,95.6,99.77,2.561,52.1
160.22,9.741,183.8,15.06,2.014,2089.4
51.96,2.175,41.5,65.48,4.416,19.0
56.76,1.986,1111.9,132.55,4.118,521.1
98.16,3.545,283.9,47.89,2.204,532.2
30.22,6.496,301.9,7.30,1.081,1197.6
263.74,5.031,239.9,67.13,2.332,956.3
17.29,4.030,789.5,7.47,1.783,1881.2
127.73,4.947,350.9,89.44,2.218,499.0
8.94,1.366,490.7,80.54,4.511,5.5
107.17,1.585,1553.0,540.22,12.992,269.1
170.69,2.551,93.2,14.29,1.757,1194.2
156.29,6.010,450.4,62.79,1.487,1017.5
10.50,1.282,4031.6,223.64,7.655,236.2
11.79,1.759,229.8,43.74,4.814,44.9
217.26,5.439,582.9,291.06,5.803,426.8
37.28,1.559,5996.2,136.63,4.620,1675.9
25.20,1.963,358.5,161.26,9.352,89.8
14.89,1.923,909.3,49.18,3.725,254.0
299.73,8.275,28.2,39.40,2.709,27.6
13.16,1.368,115.4,81.29,5.116,40.5
38.37,6.471,26.7,13.50,2.498,103.4
94.18,2.590,109.5,23.72,2.431,517.1
98.87,2.149,1070.9,229.31,4.955,431.8
23.58,0.583,2699.2,105.77,10.483,551.4
239.04,4.540,146.6,16.55,1.716,1826.4
41.47,2.168,6.7,26.61,4.101,21.7
26.28,3.419,968.1,60.83,3.494,434.0
30.91,4.505,63.0,21.01,1.507,119.7
12.58,2.450,3456.8,74.49,1.884,577.7
20.70,1.991,181.4,32.63,4.092,97.4
40.51,4.019,485.4,20.90,2.809,974.2
59.73,7.779,26.8,8.05,0.945,272.2
37.50,2.448,514.6,61.65,3.959,296.4
8.77,2.238,2446.1,28.76,2.392,785.9
7.76,1.914,3170.3,78.73,3.390,318.7
17.61,1.134,737.3,30.76,5.144,504.5
11.00,2.790,196.8,10.53,2.708,232.9
312.80,4.783,37.1,32.40,1.582,631.3
35.31,3.188,441.3,52.15,2.975,324.4
11.07,1.167,1208.2,31.50,5.722,484.6
39.52,2.388,1056.1,81.76,3.722,515.8
18.91,2.227,1201.7,84.12,2.463,258.0
91.47,5.546,953.3,188.04,4.864,452.0
89.40,3.006,73.8,10.62,1.779,584.4
61.52,5.990,356.3,37.89,5.216,535.6
124.25,6.867,35.0,27.06,2.554,119.1
12.94,3.424,26.1,22.02,1.453,68.9
52.25,1.169,701.9,108.70,5.858,276.5
130.58,7.558,33.0,85.11,8.905,79.1
23.15,2.922,261.0,77.27,2.202,133.0
87.41,4.875,48.7,83.11,3.540,27.5
26.47,4.827,234.0,12.52,1.509,530.8
250.28,8.776,84.9,7.94,0.686,2673.8
9.15,2.225,1812.4,30.49,2.470,536.3
121.77,3.041,973.1,203.12,5.184,594.2
22.46,3.893,392.2,20.89,3.715,416.6
19.72,3.078,799.4,22.19,3.275,770.8
10.18,2.572,916.7,36.83,1.174,288.9
128.02,5.118,445.2,51.28,1.657,1152.5
39.99,4.405,864.4,69.48,3.228,487.0
12.18,1.458,934.1,91.27,3.757,90.5
56.67,3.819,302.9,49.03,1.963,353.5
14.81,3.625,1109.6,63.20,4.591,266.5
132.74,3.342,695.4,18.05,1.594,5247.6
201.29,3.559,38.2,26.07,2.266,466.3
47.13,5.997,148.5,41.40,4.344,130.4
122.27,4.764,124.9,17.68,1.484,797.6
33.01,2.419,991.0,60.67,3.491,518.1
19.13,1.579,685.6,78.25,4.924,196.0
19.45,3.956,941.5,32.69,2.618,576.5
13.44,1.509,77.6,64.75,11.659,27.8
163.17,3.157,51.6,65.80,3.203,254.1
43.34,2.085,320.0,81.84,3.554,164.2
16.75,0.320,1013.6,87.04,13.466,184.8
52.86,1.180,204.0,18.54,3.141,646.7
204.83,5.888,67.6,24.47,1.991,443.2
198.52,6.830,1328.3,335.59,9.787,764.9
111.30,6.934,271.9,10.22,1.335,3023.7
31.11,4.244,582.7,29.36,3.200,676.9
75.12,2.918,139.1,56.58,5.969,220.1
22.39,2.424,264.6,17.18,3.367,417.5
160.62,5.260,260.4,44.28,2.037,930.3
20.73,4.217,290.3,52.33,2.244,145.3
26.75,0.869,133.1,40.47,5.431,97.5
29.51,1.011,1351.3,303.60,8.154,139.6
276.11,9.260,19.3,20.49,0.992,232.7
33.00,5.423,323.9,22.08,5.831,491.2
33.03,1.940,752.3,97.38,3.626,275.7
109.48,4.281,417.2,293.35,5.447,152.0
11.45,2.058,595.0,32.98,5.469,235.1
28.65,3.658,415.8,20.37,2.212,578.8
38.80,1.696,649.5,135.72,4.097,203.8
32.36,1.918,42.6,115.63,3.630,21.3
34.56,2.742,698.3,204.67,3.551,85.7
172.37,3.125,169.4,24.80,2.467,1199.3
105.98,3.579,175.8,6.26,1.118,2935.2
21.70,2.456,163.7,14.26,2.819,279.5
9.18,1.272,458.2,59.03,6.147,60.4
36.79,0.922,1311.7,168.28,9.385,289.5
85.66,2.346,438.5,30.75,2.941,1169.3
84.68,1.360,882.5,51.69,3.558,1357.1
45.74,2.201,342.1,107.03,3.858,148.1
12.00,1.732,1369.0,92.43,15.610,159.3
15.32,1.655,1212.7,102.01,4.877,186.4
26.39,2.120,107.8,26.01,6.794,102.3
8.38,1.461,2544.8,124.79,1.942,189.3
50.85,2.864,480.0,420.85,8.925,61.7
50.05,1.832,224.9,14.04,3.062,901.4
29.56,2.733,2389.5,135.70,6.060,532.6
77.23,5.346,865.5,93.87,4.457,723.4
103.84,5.103,35.5,15.86,1.469,114.7
119.84,4.629,90.0,86.42,4.032,131.5
127.45,2.923,685.7,47.88,3.410,1855.3
166.88,4.015,84.9,38.67,2.632,305.4
13.47,2.932,522.9,48.93,2.832,173.5
64.11,4.456,17.2,17.69,3.960,67.9
102.40,4.077,349.3,14.14,1.521,2533.5
14.37,3.463,60.2,26.57,6.417,14.5
8.07,1.850,1750.5,71.87,1.083,270.2
94.67,3.302,101.9,12.22,1.504,497.3
67.61,3.760,21.4,10.88,2.130,156.7
7.31,1.524,1141.7,111.49,2.497,109.2
17.23,1.727,708.0,82.20,5.875,169.3
39.52,3.463,56.3,30.00,2.077,91.1
461.56,25.590,19.6,18.42,2.039,306.7
21.48,2.841,333.5,42.25,3.633,134.5
167.89,2.547,120.7,69.85,3.123,160.3
108.10,5.861,41.2,25.71,1.264,103.8
15.34,1.591,314.3,47.01,6.009,138.7
63.54,7.918,120.8,27.59,0.722,290.6
27.64,2.850,236.5,21.44,3.314,274.2
121.02,5.553,158.3,13.96,1.940,1337.7
13.62,1.648,1353.5,74.52,4.383,230.0
33.61,2.392,421.4,35.73,6.431,371.0
44.42,1.100,662.1,21.47,3.424,1315.0
41.77,1.430,75.5,70.82,4.812,62.1
48.36,2.762,8.9,44.78,3.672,7.2
29.74,1.262,1332.2,206.84,5.443,186.6
49.59,1.970,146.2,8.78,1.954,911.0
70.88,3.632,2068.2,69.23,1.884,2115.1
73.12,1.465,353.9,300.27,6.838,118.6
11.49,0.989,382.3,157.61,7.320,30.3
55.67,2.713,45.8,11.56,2.536,163.7
54.03,5.552,148.3,22.68,5.210,331.5
41.80,2.717,659.3,108.57,2.279,236.3
183.25,3.005,84.7,27.29,1.994,420.7
7.51,1.593,979.9,82.13,2.918,121.5
9.27,1.494,985.1,25.80,5.166,321.3
56.45,4.304,254.9,33.96,1.623,463.4
25.06,0.689,316.6,46.79,6.228,174.5
29.20,2.627,259.6,51.80,3.058,182.3
59.42,6.388,267.5,26.08,4.239,602.6
68.22,2.397,55.6,17.33,2.309,341.2
47.55,2.360,102.1,109.21,3.863,59.2
312.95,9.129,137.8,454.59,13.731,86.2
16.74,3.586,1316.9,26.05,1.350,818.8
15.47,3.854,1728.0,18.60,3.484,1371.2
43.64,3.737,79.2,13.96,1.847,268.3
10.08,1.891,1014.6,30.29,3.638,337.3
44.24,2.329,302.1,29.51,3.193,400.0
33.86,2.251,938.5,20.71,3.612,1450.1
77.61,4.837,174.1,71.97,1.427,162.6
17.41,3.644,89.2,20.62,3.195,74.5
15.60,3.175,811.3,19.40,2.568,713.9
160.41,3.616,42.3,12.07,1.314,113.8
32.97,2.315,2261.8,176.04,2.454,452.0
29.73,1.413,363.2,69.91,5.220,188.1
17.28,1.898,39.8,36.67,3.892,26.6
73.49,6.130,315.4,13.36,1.172,1533.5
99.78,3.050,458.5,58.33,2.909,731.5
153.27,2.465,104.7,37.82,2.614,298.2
124.79,4.860,121.3,51.97,3.858,292.8
209.74,3.843,373.3,127.63,4.524,611.9
43.41,2.345,216.7,11.96,2.873,803.1
57.65,2.477,18.2,43.46,3.540,13.6
16.94,2.521,1228.0,30.74,3.001,665.6
128.88,5.568,17.1,35.67,1.754,206.3
42.89,1.735,423.8,19.48,2.925,801.3
8.94,1.119,395.3,87.41,6.076,50.1
39.29,7.206,498.5,23.67,6.067,800.3
59.89,4.322,66.0,9.57,1.533,226.5
52.58,2.475,1272.4,47.92,3.344,1428.2
23.34,5.406,266.4,14.70,1.603,453.1
118.91,4.905,327.8,66.08,1.605,513.3
312.73,8.149,55.0,15.26,1.530,133.9
17.49,2.907,38.7,42.06,1.759,73.7
36.46,4.550,12.6,102.44,4.745,20.2
43.74,4.112,425.1,27.39,2.175,579.8
47.77,4.057,76.1,42.00,1.613,99.1
14.68,2.288,1087.6,51.60,3.858,328.0
22.04,3.575,1077.2,62.12,6.463,340.9
39.25,7.806,405.6,31.83,7.932,486.2
17.98,1.621,776.1,127.45,3.322,68.5
38.57,2.926,225.3,36.21,2.543,258.8
73.11,4.886,835.0,34.34,1.810,1739.2
66.79,1.626,284.3,20.09,2.589,835.6
102.06,6.307,31.2,96.68,2.300,26.6
191.97,2.981,171.9,55.48,2.732,639.1
19.69,2.238,1141.2,151.82,4.326,147.6
85.81,2.741,683.8,78.33,3.124,727.2
40.30,3.428,646.6,12.61,2.096,2120.9
42.87,10.597,921.5,12.83,0.348,3258.6
38.86,1.523,112.7,89.05,4.821,84.3
155.73,5.334,133.5,36.26,2.474,492.8
231.94,4.699,31.0,38.70,2.545,109.5
37.92,3.115,91.8,52.98,5.508,14.9
9.37,2.004,1968.3,82.86,3.050,248.4
106.50,2.958,470.9,14.38,1.715,3728.7
26.88,2.770,1188.5,18.19,2.620,1696.8
34.13,2.852,108.9,10.10,2.121,499.8
15.92,2.150,268.1,25.91,3.571,165.2
242.17,9.634,1161.3,117.21,8.382,2467.1
16.88,1.118,326.6,22.77,4.914,245.8
25.59,2.225,440.7,12.12,2.665,887.5
24.27,1.886,685.8,65.67,5.391,244.7
20.01,1.109,2378.5,182.18,6.269,271.7
21.52,2.336,489.5,65.39,2.505,183.5
105.18,5.453,928.0,133.50,3.753,697.8
46.42,3.428,1698.1,45.59,2.332,1719.4
59.65,1.431,52.4,11.80,2.312,52.2
127.89,4.778,235.3,18.55,2.241,1340.9
405.11,9.761,15.9,65.07,3.691,78.0
58.93,1.130,262.5,302.86,7.904,66.4
48.62,1.475,154.0,20.29,2.965,272.3
15.45,1.072,414.8,29.16,6.306,238.9
185.71,7.750,248.2,31.50,0.896,1487.6
56.15,3.093,254.5,155.54,2.101,108.6
41.15,5.046,338.1,39.52,1.064,334.2
13.98,1.761,3126.0,118.82,1.830,325.6
27.20,2.482,37.7,121.17,3.410,27.6
25.96,1.629,775.9,14.12,3.139,1416.4
70.54,4.326,3309.8,79.78,1.274,2932.7
275.78,5.846,206.2,72.14,3.805,850.5
9.68,1.343,489.2,125.88,2.574,31.0
157.55,2.137,180.1,134.91,4.210,250.0
25.65,5.299,622.4,11.74,1.973,1340.0
12.38,2.974,774.5,51.65,4.180,222.8
66.22,7.113,24.2,6.81,1.791,384.5
61.57,4.471,687.2,67.80,1.863,578.6
182.20,3.211,96.1,57.37,3.933,158.4
223.31,7.577,1858.4,282.40,9.460,1480.0
18.08,2.554,1940.4,47.34,2.363,787.0
24.08,3.890,489.7,32.34,6.159,312.4
52.27,3.880,133.9,7.10,1.443,1178.3
27.98,1.919,552.1,15.31,3.593,949.3
65.14,2.690,1045.2,66.99,4.533,1027.3
74.15,6.838,41.0,86.73,12.855,37.0
70.21,7.690,29.0,10.36,1.686,166.0
21.51,2.990,1610.9,26.41,6.505,1314.0
14.63,2.870,899.0,50.91,1.452,245.7
97.87,4.136,85.5,8.22,1.295,1212.5
33.04,3.594,1027.0,53.36,1.273,631.8
35.28,0.842,99.2,32.98,4.417,63.6
10.38,2.191,585.3,17.65,3.447,357.6
21.13,1.452,327.4,98.70,4.812,60.2
25.90,1.054,1799.2,77.02,6.121,614.8
71.51,4.938,60.5,57.14,1.302,64.2
43.88,4.739,34.6,20.72,1.624,127.8
97.20,3.169,90.6,16.50,2.416,394.6
20.68,4.341,715.1,14.88,1.824,1000.7
97.60,1.602,789.8,85.57,3.900,892.8
11.35,2.358,108.0,19.49,4.624,59.7
102.52,4.355,281.6,23.58,2.103,1329.3
11.72,2.991,449.3,16.21,2.239,344.9
237.19,4.231,35.6,66.82,2.396,138.5
59.83,0.921,124.8,85.98,6.441,129.2
380.36,5.346,31.1,55.15,1.963,154.9
23.81,3.993,132.4,11.38,2.806,248.0
177.33,5.606,199.5,87.08,2.505,452.3
52.80,4.491,332.9,144.50,5.792,139.8
43.12,2.928,1197.6,53.31,4.330,982.2
32.09,2.505,3.7,191.31,3.079,10.4
33.84,2.898,61.9,61.30,2.181,41.7
17.40,1.855,1199.4,48.66,4.881,428.3
51.50,3.792,1280.3,65.05,1.746,1003.5
58.23,1.453,396.5,18.79,3.496,1342.1
7.20,1.779,3022.9,17.99,4.108,1227.7
31.78,5.154,1371.9,79.38,5.673,540.1
51.08,3.706,268.4,24.59,3.355,615.5
58.28,3.829,127.5,16.54,2.495,468.5
35.05,2.039,585.1,62.02,6.983,328.1
61.50,3.036,20.1,52.42,2.983,12.5
69.43,3.755,1146.0,109.39,1.880,740.7
17.39,2.776,103.2,141.53,7.486,37.8
34.35,2.164,1064.1,32.91,3.177,1086.7
31.83,5.978,1381.0,62.64,8.043,719.8
15.54,2.026,88.3,44.22,3.548,44.4
20.14,3.600,492.0,59.74,1.807,138.3
175.77,7.446,58.6,44.32,3.414,118.1
18.65,1.462,2447.0,32.35,5.185,1435.3
52.58,3.365,86.1,19.70,2.048,140.9
25.14,1.809,84.2,15.23,3.290,136.4
177.35,3.638,108.5,33.12,2.342,567.9
24.62,1.759,655.5,58.07,5.553,305.2
123.51,5.378,450.7,243.06,4.775,231.9
62.90,3.667,144.3,77.97,4.851,146.4
38.80,1.287,238.5,10.98,2.594,808.4
7.85,1.757,1020.8,58.74,2.050,157.4
39.89,3.340,1465.9,34.16,2.521,1644.3
37.71,2.641,337.8,79.89,5.666,147.6
97.44,3.825,121.9,130.57,3.692,149.3
47.91,2.315,24.4,25.01,2.949,50.4
65.19,10.365,456.2,68.90,6.791,425.0
14.04,2.699,612.6,30.95,3.526,267.0
35.70,4.169,164.2,16.14,2.376,304.7
50.51,6.247,729.8,13.30,3.212,2686.7
11.18,0.912,371.1,281.66,4.744,12.1
25.18,3.202,299.7,128.12,14.052,58.3
62.84,1.772,97.2,97.65,4.453,48.6
40.96,2.232,953.3,63.37,4.635,616.3
166.13,5.939,63.4,72.00,1.006,116.1
99.89,3.941,125.6,22.46,1.804,588.9
14.01,1.829,2043.1,40.87,6.279,715.0
11.33,1.666,511.9,30.92,4.723,190.0
12.77,2.804,229.8,29.71,2.285,104.3
10.66,1.331,253.5,53.50,6.598,44.8
528.72,10.823,162.9,533.12,16.271,205.6
69.12,1.550,224.2,16.71,2.975,945.7
223.19,12.169,61.7,106.66,6.558,98.2
7.32,1.387,3234.6,76.60,3.699,332.6
23.55,1.542,243.6,66.28,6.333,94.2
22.45,2.206,313.8,10.42,2.722,638.4
61.89,2.979,315.5,123.31,3.864,133.1
90.55,3.855,26.5,101.84,4.482,15.1
12.19,1.278,3116.9,87.63,5.243,437.6
149.82,3.230,173.5,14.19,1.866,1979.7
258.12,5.473,84.9,42.79,1.620,582.3
222.87,10.317,64.6,10.08,1.356,1014.9
37.51,5.084,42.8,13.23,2.389,37.7
50.23,1.660,158.5,14.57,2.444,599.8
30.68,1.106,757.3,71.31,5.850,354.8
52.65,3.363,312.0,85.24,2.472,189.3
217.52,7.254,122.0,17.07,1.101,1446.1
122.86,2.406,119.5,57.39,4.625,364.2
987.01,28.991,197.0,63.28,3.194,2776.4
159.36,13.610,111.0,38.25,0.656,450.1
74.09,3.549,52.4,60.45,2.962,38.6
54.20,4.198,602.2,83.93,1.855,381.7
23.72,3.017,371.0,13.92,2.824,543.6
11.43,2.013,1219.0,20.02,4.546,720.0
170.28,4.738,187.0,18.11,1.243,1657.2
13.02,2.392,286.4,15.92,3.066,202.7
275.82,4.202,154.6,18.61,1.495,2147.0
18.47,3.891,58.3,19.47,1.739,26.0
43.59,5.604,14.4,20.53,1.038,72.1
318.91,10.002,14.1,251.25,7.304,15.4
78.88,2.289,216.5,12.45,2.171,1111.8
14.99,2.614,4539.4,28.86,2.654,2282.9
21.79,1.706,82.8,195.55,2.910,41.7
79.98,4.540,279.7,54.35,4.092,374.6
124.57,3.471,108.7,58.87,2.474,226.3
37.51,6.535,352.5,6.26,1.277,2156.7
48.21,1.912,162.1,170.08,4.327,55.2
161.01,4.331,103.6,49.52,2.097,232.4
61.57,3.576,969.6,87.29,2.577,681.3
61.47,2.826,46.3,36.84,2.753,106.2
13.09,1.802,552.4,17.10,3.771,445.9
63.47,2.009,373.0,45.85,3.222,439.8
58.04,3.914,138.5,11.48,2.869,723.3
23.61,2.841,367.8,58.68,2.736,172.2
117.47,4.625,288.0,21.35,1.452,1430.9
170.11,5.377,31.5,22.44,2.082,117.1
30.07,1.221,519.3,146.74,6.603,106.3
60.00,4.700,50.6,25.54,1.503,95.7
29.54,1.487,266.8,12.94,2.964,474.6
572.45,8.489,46.2,185.06,4.508,70.9
22.41,3.060,110.7,33.28,3.023,141.9
28.02,0.847,124.1,14.08,3.510,277.3
104.59,4.260,98.3,11.30,1.393,1039.4
56.86,3.454,730.6,85.31,1.772,480.7
125.75,2.658,224.3,7.83,1.369,3918.4
89.23,4.052,313.7,99.59,1.406,316.0
54.59,4.736,315.1,17.65,2.284,1053.8
23.40,3.159,43.4,18.33,4.299,21.9
16.79,1.877,535.2,13.29,3.276,646.4
28.20,2.893,907.8,87.16,3.631,306.0
158.93,8.060,263.0,6.51,0.779,5603.5
23.77,2.258,26.7,35.10,3.220,55.3
88.07,2.984,908.5,188.23,3.405,375.2
33.17,5.081,267.1,17.20,3.320,496.0
60.37,1.587,20.6,41.53,3.646,56.3
28.19,4.078,430.8,51.45,3.939,204.6
73.74,4.383,245.1,37.97,6.065,438.9
37.09,2.923,952.4,46.35,2.526,692.2
16.35,2.449,2865.4,85.71,10.944,542.6
91.06,1.641,1128.0,121.10,5.096,832.1
54.47,4.859,2060.5,29.62,2.487,3777.8
20.29,2.965,335.5,24.65,3.350,281.9
6.54,1.303,1567.6,81.00,3.081,113.5
25.72,2.600,617.9,62.22,2.460,265.2
116.42,3.011,363.5,31.36,2.249,1342.3
203.64,4.268,819.2,322.36,5.681,533.3
38.46,2.922,987.6,108.72,2.406,348.4
194.19,2.666,11.5,25.16,1.887,141.3
22.56,1.068,539.7,19.31,4.221,516.5
133.70,10.644,309.2,66.48,3.321,584.7
410.74,8.912,114.3,90.14,1.893,475.3
272.78,7.184,262.8,145.42,2.638,495.8
114.77,3.900,492.9,45.97,3.781,1162.3
27.65,2.613,969.9,130.10,2.014,242.5
29.81,2.514,67.5,48.77,3.110,12.2
119.37,2.769,68.5,33.14,2.551,291.6
131.80,4.350,400.6,91.61,1.998,544.4
7.86,2.048,41.6,18.78,3.388,46.5
184.57,8.914,136.6,9.67,0.928,2822.8
62.27,5.554,145.6,30.94,1.100,257.0
91.14,2.555,602.2,49.05,3.199,1094.9
21.31,1.608,282.0,206.90,7.435,39.1
19.43,3.721,391.7,10.89,2.874,714.5
39.42,1.418,732.1,21.00,3.693,1377.8
21.83,2.016,60.8,20.26,3.293,56.5
37.41,1.146,279.8,10.13,2.490,1081.1
11.12,1.168,325.2,21.84,5.218,162.3
9.30,2.106,1169.8,37.85,2.546,248.5
133.95,4.972,467.1,126.90,3.681,502.1
54.55,3.383,217.4,10.13,2.497,1304.4
49.61,6.558,15.7,39.99,6.645,34.7
28.36,3.494,648.2,15.55,2.078,1206.3
89.58,2.601,462.3,98.32,3.418,423.3
142.45,4.250,390.3,71.76,1.861,771.0
73.94,2.414,1671.8,167.89,3.809,671.7
244.99,4.468,171.3,198.36,4.919,218.6
198.16,2.826,513.2,212.78,4.828,510.5
61.26,3.620,51.4,85.67,2.261,33.8
71.72,4.362,706.8,66.69,1.116,787.0
105.08,3.854,1401.5,197.64,7.665,754.6
39.18,2.565,254.1,23.67,2.946,388.7
59.69,2.239,43.2,134.62,4.120,26.5
8.26,2.003,135.5,46.89,1.899,33.5
23.68,4.325,142.5,27.00,1.503,146.1
45.29,1.498,116.0,11.61,2.321,580.2
10.52,1.036,1538.3,190.76,3.994,88.0
160.78,3.156,435.8,68.72,3.010,1116.8
177.35,3.614,35.0,79.53,3.408,42.8
32.25,5.115,182.4,18.48,1.579,297.2
345.65,5.934,49.2,11.73,0.842,1347.7
20.90,1.416,920.9,419.05,6.703,36.1
12.04,1.755,129.1,32.69,4.131,33.9
34.02,1.705,200.7,27.72,3.891,221.9
44.76,2.773,88.8,14.57,3.761,132.6
130.96,4.325,75.9,28.16,2.776,267.3
105.02,8.821,48.1,17.75,3.395,141.8
17.28,2.745,164.9,14.03,2.899,314.3
52.69,4.081,22.5,54.33,2.764,64.1
73.25,1.440,485.5,36.05,4.396,963.7
11.18,1.007,1761.9,33.76,6.269,580.9
275.31,6.222,128.2,91.53,2.706,311.5
102.00,3.123,81.1,19.94,1.867,64.0
22.18,0.696,162.0,51.64,6.846,70.3
24.71,5.280,64.3,9.36,1.369,139.9
86.17,8.132,163.9,45.77,4.253,270.4
15.60,2.306,15.5,16.00,3.305,26.0
25.14,1.936,88.4,93.07,5.275,29.1
47.14,10.644,91.4,7.24,0.555,455.0
21.13,4.017,898.4,67.97,3.390,248.6
45.84,1.226,448.1,10.78,2.808,1635.5
270.61,9.524,285.0,139.35,2.404,514.9
61.31,3.567,369.6,34.66,3.635,678.0
25.30,4.800,417.3,53.62,3.953,199.8
141.25,4.739,165.2,8.87,1.047,2786.0
49.01,3.828,1288.4,82.23,1.726,834.0
51.48,1.121,1083.8,169.94,10.771,318.6
15.38,0.965,176.6,173.98,7.270,13.7
42.31,2.155,60.2,19.22,4.460,5.5
120.76,2.748,65.3,288.31,6.691,27.7
41.13,3.153,208.7,27.80,2.559,315.2
57.96,7.641,180.6,8.91,0.931,1186.7
47.60,3.348,101.2,12.70,2.667,492.4
53.32,4.956,295.5,15.94,2.640,985.4
36.54,6.984,145.1,9.12,1.153,534.4
31.39,3.315,82.3,8.51,1.888,269.9
106.34,3.651,349.8,37.60,4.447,1011.5
25.24,1.494,777.3,24.67,3.842,853.1
16.69,3.683,680.9,27.85,1.329,378.1
9.29,2.100,740.6,22.54,3.639,289.6
41.07,3.006,282.3,82.96,1.698,115.0
36.23,3.218,603.3,12.23,2.160,1747.8
315.61,6.923,86.2,102.28,1.452,259.6
15.30,0.348,1418.5,51.68,9.333,471.0
40.94,3.817,287.9,19.82,2.318,572.1
81.51,1.811,3554.0,382.64,9.921,760.7
57.40,2.992,442.5,11.68,1.837,2291.0
54.31,1.154,64.2,33.73,4.910,83.6
157.94,3.045,312.1,38.63,2.510,1360.1
102.68,4.660,12.1,73.17,2.979,28.7
103.35,2.825,704.5,21.57,2.060,3346.1
28.52,3.644,33.5,53.06,4.910,42.5
160.22,8.181,160.8,208.85,5.592,125.3
61.22,1.127,40.8,15.94,2.494,60.5
39.84,4.038,687.0,80.41,2.017,283.2
36.87,4.434,188.1,13.53,3.352,502.9
56.58,1.492,74.0,68.69,7.357,18.4
86.48,1.408,996.0,118.06,7.230,715.7
93.28,4.791,284.6,124.03,2.268,243.3
52.51,2.640,726.7,37.51,2.881,1065.2
31.34,5.307,307.6,33.49,2.045,298.7
121.77,4.119,188.7,23.25,1.597,854.0
17.26,4.124,178.4,28.62,2.805,95.0
95.17,2.129,122.1,310.33,6.105,70.1
34.47,1.492,1248.5,110.77,4.824,406.0
18.53,2.473,49.3,36.79,2.757,1.8
80.42,6.093,21.9,24.67,1.806,34.3
40.03,9.888,816.4,38.49,8.792,839.4
22.29,1.186,101.3,69.94,6.933,24.6
24.46,3.511,267.7,12.34,2.064,486.9
11.59,2.261,207.4,25.69,3.003,89.5
24.32,4.451,1011.3,36.98,5.361,640.1
24.02,2.648,2264.5,129.74,1.882,424.5
15.25,2.477,262.3,23.26,4.586,187.1
6.48,1.115,9061.5,153.80,2.911,376.8
110.43,5.578,98.9,28.21,4.121,409.0
128.71,4.822,177.1,312.80,4.850,99.0
107.14,2.392,43.7,40.62,4.097,212.6
24.21,3.422,14.7,30.02,2.425,60.0
134.93,4.143,306.6,139.25,9.376,301.0
14.20,3.061,62.8,9.50,2.349,104.9
19.29,3.636,141.2,11.66,2.577,143.5
37.17,4.425,453.3,18.29,2.081,955.5
29.00,2.711,298.8,61.13,5.146,155.1
7.39,1.850,429.4,34.44,4.542,61.5
187.69,4.523,234.5,36.65,1.940,1164.2
17.61,3.295,65.7,41.55,2.979,69.8
49.51,2.117,860.9,102.26,5.190,407.5
26.48,1.129,105.3,40.05,5.167,43.0
11.18,1.149,892.7,148.53,5.879,76.6
94.43,3.174,54.7,11.48,1.648,217.9
98.23,1.514,102.1,127.15,4.681,29.5
125.32,9.511,555.1,98.07,11.666,675.8
73.88,1.673,309.7,137.57,6.100,141.7
48.84,3.871,182.6,90.08,4.250,84.9
9.91,2.211,294.9,46.36,1.194,88.5
25.93,4.368,142.6,11.02,1.774,368.2
131.60,8.747,192.5,74.83,4.176,375.4
81.71,4.268,118.5,32.69,1.834,311.0
21.92,4.175,802.1,42.39,3.897,384.2
163.04,3.900,1116.7,54.92,2.743,3352.1
48.73,2.265,620.5,55.81,3.771,539.2
40.94,4.327,52.3,37.96,1.757,56.0
163.41,4.173,42.6,11.95,1.155,199.9
38.97,2.779,107.9,63.08,3.828,13.4
103.37,3.050,263.6,112.74,4.592,233.6
53.30,2.434,336.6,102.14,5.277,204.2
31.92,3.172,34.2,40.24,2.392,17.9
82.08,7.857,59.3,27.57,0.743,96.9
14.62,3.775,97.1,21.03,2.268,48.8
29.98,2.465,979.7,48.19,6.172,537.0
15.16,1.768,3544.1,71.63,3.320,733.1
15.62,2.145,186.7,138.91,3.208,29.5
45.16,2.046,130.8,41.61,3.804,183.8
105.92,2.961,34.4,264.76,10.216,35.2
295.00,8.648,61.6,137.84,7.652,181.3
21.79,2.878,801.8,62.47,0.956,285.8
248.51,26.373,12.4,7.01,1.199,1072.9
45.00,3.900,236.1,38.75,4.080,280.5
39.24,7.127,63.0,12.50,1.940,152.8
21.90,3.256,332.3,43.48,2.001,192.4
156.17,3.971,31.1,13.78,1.329,104.1
45.45,1.356,195.2,36.78,3.879,262.1
54.00,6.709,47.3,24.66,1.095,119.4
63.17,3.420,840.9,88.00,3.988,536.6
22.87,2.497,221.1,14.78,2.833,297.7
73.40,3.670,1183.8,91.95,2.359,939.8
18.05,2.413,792.7,67.48,2.231,248.2
7.27,1.588,832.9,65.65,6.313,86.0
46.12,4.355,40.5,76.46,4.231,25.2
65.01,4.318,188.0,120.19,2.643,87.3
17.51,2.766,1428.7,88.68,14.425,295.6
68.09,1.954,131.3,269.49,5.138,31.1
77.37,1.869,152.8,25.65,2.606,404.9
33.92,4.974,415.0,8.55,1.881,1567.1
48.65,2.338,1941.9,204.89,4.315,452.4
157.66,3.839,439.9,16.03,1.348,4524.6
40.36,1.118,1320.0,40.00,4.228,1257.3
83.11,1.407,555.7,435.66,7.643,77.0
21.80,2.931,439.4,39.62,2.195,276.1
19.89,3.795,148.8,27.60,1.051,95.9
46.15,2.580,471.9,89.66,3.440,243.1
19.64,2.998,306.9,58.46,1.760,135.1
13.48,1.319,1836.8,19.68,4.985,1203.3
17.90,2.848,1845.6,36.19,2.607,884.4
67.24,4.870,42.3,8.39,1.472,243.3
24.37,3.346,115.0,12.32,2.527,237.2
26.42,2.178,2127.1,44.86,4.804,1285.7
44.25,6.957,25.7,9.57,1.047,88.0
38.56,1.188,158.8,26.14,5.133,279.1
69.38,5.826,1492.6,103.17,2.628,1023.9
252.25,6.798,148.5,111.44,2.683,358.4
18.48,1.839,637.9,146.06,2.431,47.2
27.37,4.264,177.1,7.31,1.680,689.0
34.75,4.776,185.7,38.34,1.435,160.3
13.07,2.288,196.4,33.82,3.638,120.4
12.76,1.717,475.3,76.26,3.113,117.2
155.57,7.453,825.9,178.66,10.784,683.1
149.02,3.731,44.1,38.75,2.427,84.4
112.55,2.781,152.2,12.54,1.551,1475.0
17.98,4.099,1040.0,17.33,3.424,1111.4
34.95,3.781,75.0,53.22,1.140,54.2
216.13,6.485,1539.8,109.17,2.354,3051.8
144.52,4.344,107.5,31.13,1.589,448.2
48.69,1.912,1477.9,196.16,4.364,326.8
63.38,3.395,51.2,72.47,2.153,54.7
76.79,4.289,15.7,118.44,2.657,36.5
28.36,1.559,1307.9,127.94,5.613,308.5
10.64,1.485,2339.2,42.77,7.395,597.6
75.64,3.931,403.7,55.17,1.717,507.0
17.58,2.017,2221.5,26.64,4.180,1412.2
12.88,2.291,683.9,12.96,3.072,654.6
109.71,5.129,41.8,72.56,0.988,76.6
22.45,1.925,375.2,11.80,2.867,651.7
43.57,1.756,66.2,112.69,4.132,45.6
80.03,5.967,303.5,11.51,2.074,1957.1
66.81,4.934,44.9,78.58,2.341,46.1
199.07,4.426,421.4,161.46,5.025,521.8
71.46,5.603,322.7,44.47,2.632,517.0
10.10,2.024,1052.5,38.46,4.367,271.1
24.42,1.374,185.0,105.50,5.243,32.5
221.64,4.199,540.7,606.74,8.413,186.9
171.85,6.144,93.7,60.58,1.042,311.5
15.12,2.718,64.7,37.84,1.809,40.5
27.03,4.465,386.9,44.51,1.617,217.5
191.90,5.150,456.8,100.29,5.784,884.5
237.76,3.221,118.3,86.49,4.344,295.8
48.87,2.145,616.5,157.90,4.312,185.5
101.71,2.930,206.8,14.61,1.650,1268.9
63.87,3.275,1128.9,237.02,4.355,357.5
42.23,2.918,1014.3,12.64,2.258,3406.7
120.54,3.394,459.9,44.10,2.841,1276.1
9.02,2.183,577.3,20.40,3.629,290.1
89.34,4.502,150.5,8.88,1.266,1444.2
17.60,3.935,413.3,18.75,2.465,368.2
83.03,2.906,255.6,57.25,3.026,346.4
140.11,12.749,1208.2,668.81,49.705,260.0
33.47,4.106,372.9,8.55,1.664,1511.4
6.71,1.059,1929.0,88.49,5.574,167.4
34.22,8.222,553.9,12.73,1.197,1476.6
26.99,2.348,1807.2,48.29,3.209,1001.0
24.37,3.119,579.8,34.88,2.319,389.7
29.96,1.917,70.6,60.87,3.813,50.6
35.91,2.389,207.9,48.02,3.424,178.1
84.20,3.693,129.5,48.81,2.600,219.7
6.89,1.157,485.2,31.69,7.343,104.3
23.32,2.703,108.1,10.07,2.404,286.7
47.22,3.141,1456.0,79.48,2.325,883.1
11.72,2.776,2447.4,33.74,1.115,846.3
142.58,3.426,101.6,94.69,2.932,161.5
59.65,4.533,66.0,9.12,1.433,241.0
36.48,1.146,138.4,199.02,6.411,43.9
10.08,1.146,896.8,128.45,5.150,67.7
18.88,3.191,323.9,9.93,2.324,690.5
23.26,5.818,219.3,30.57,1.615,201.3
8.22,1.826,685.9,51.28,4.572,140.0
15.80,2.906,76.1,26.30,4.653,33.2
9.24,1.707,807.4,64.73,2.393,72.9
17.70,3.009,1141.3,39.51,1.692,471.4
52.06,4.429,59.0,34.82,2.362,80.2
170.96,5.240,582.2,69.68,1.431,1429.9
34.72,2.320,337.9,59.66,3.475,226.2
17.96,1.223,59.6,23.81,4.548,34.0
20.78,4.438,140.4,14.46,1.799,240.7
50.92,2.652,213.8,44.64,4.559,220.3
11.38,1.833,33.5,21.98,4.012,29.1
19.79,3.390,546.3,8.89,2.088,1204.5
84.53,4.999,572.5,50.71,3.132,891.1
26.27,3.953,1060.7,95.73,5.572,280.6
24.72,2.990,77.5,21.85,3.043,120.2
37.01,1.810,1953.6,92.17,4.753,749.2
46.93,4.496,58.0,10.06,1.753,199.5
64.34,8.599,216.5,92.22,7.077,127.1
87.20,1.804,97.1,32.46,2.923,45.2
155.76,13.009,12.9,9.28,1.828,289.8
14.02,2.464,1676.5,25.47,5.481,917.8
53.97,2.416,987.2,163.45,4.326,284.7
207.57,5.481,301.4,16.16,1.641,3943.9
123.57,10.715,57.8,9.92,1.319,878.7
43.86,3.100,67.2,8.63,2.222,246.6
115.84,3.521,166.5,82.42,4.693,230.4
53.62,7.043,586.6,76.35,3.870,402.2
10.39,1.544,491.4,23.13,4.984,228.9
35.94,4.269,37.3,47.55,2.769,53.0
20.42,3.011,1380.0,17.79,2.388,1563.8
53.76,0.915,97.0,129.53,8.340,62.7
119.74,4.232,197.8,54.11,1.734,439.5
31.00,1.951,47.4,31.45,3.777,47.1
71.02,3.213,645.5,14.36,2.628,3127.7
118.60,7.132,47.9,18.96,1.246,209.4
700.80,11.883,28.9,60.00,1.071,308.3
15.58,0.856,2129.2,117.50,8.915,254.1
157.46,2.936,382.5,97.57,3.313,638.4
314.30,5.172,441.9,1020.93,14.551,125.9
24.37,3.128,50.6,11.94,2.261,125.2
209.27,4.508,391.8,286.49,5.008,294.0
11.22,2.358,65.8,71.79,2.667,53.6
8.22,1.732,261.4,33.55,3.886,101.3
36.30,2.007,802.8,41.41,3.475,740.1
154.30,6.281,126.5,21.09,1.291,688.5
17.31,1.570,995.2,177.35,5.159,93.2
150.73,8.361,146.6,307.90,9.630,68.9
26.69,3.009,273.6,21.59,2.427,337.0
10.61,1.148,731.6,41.30,6.430,187.5
101.50,7.255,612.6,21.88,1.249,2815.1
21.93,4.302,557.9,11.57,1.747,1084.4
38.22,1.301,19.8,35.48,4.096,59.4
28.28,3.793,1212.8,44.20,2.681,841.0
11.11,1.340,3076.9,129.29,3.833,272.7
15.61,1.854,326.8,96.88,3.377,53.5
18.93,3.645,56.9,51.70,1.148,28.5
33.76,0.496,510.0,62.19,7.094,273.2
87.16,1.636,386.9,44.50,3.143,756.1
38.69,4.110,881.7,35.76,1.955,994.9
63.44,1.974,748.5,308.77,6.685,125.2
23.75,1.522,579.8,32.53,5.903,423.7
40.46,6.384,48.8,96.89,8.294,67.2
27.60,2.396,499.1,66.99,2.910,264.0
40.29,3.624,354.5,49.56,5.205,317.4
16.21,2.751,459.9,10.83,2.703,756.7
54.64,4.671,167.7,69.48,1.042,129.6
13.05,2.019,118.1,34.46,3.682,66.4
8.57,1.677,37.5,82.17,1.977,26.9
82.78,8.643,110.2,9.89,2.083,1001.8
112.05,4.039,954.6,14.70,1.476,6852.9
284.80,7.826,28.5,16.89,1.026,469.5
69.94,1.836,854.8,37.66,3.977,1617.0
17.30,3.247,1343.2,17.68,2.348,1354.0
40.55,3.217,173.6,148.80,3.661,65.9
138.43,2.547,167.4,80.34,3.493,246.3
74.80,5.182,412.8,95.90,5.034,333.6
22.90,5.124,850.3,17.21,1.177,1154.7
83.94,4.705,302.3,53.28,2.791,505.8
65.42,1.344,108.6,30.80,3.448,260.5
134.87,3.067,253.7,176.01,4.828,217.5
59.92,3.172,143.1,13.57,2.539,686.8
29.04,1.727,1081.3,33.17,5.444,1066.6
204.22,4.203,126.2,361.67,5.852,116.9
9.65,2.115,697.6,59.34,5.198,110.2
7.29,1.384,280.4,51.57,4.627,44.1
306.56,5.826,178.9,45.24,2.707,1101.8
91.04,3.532,195.3,95.56,6.544,186.6
32.39,3.685,411.1,31.35,4.594,422.0
265.24,5.012,524.7,329.75,4.786,392.5
78.16,3.506,531.1,71.93,2.248,558.2
10.24,2.267,913.0,49.89,1.783,189.7
19.48,2.128,551.6,52.40,3.223,234.2
96.74,4.040,119.2,28.96,2.790,475.5
8.01,1.182,7750.8,274.62,9.573,230.1
22.28,5.837,181.0,14.70,1.257,309.7
14.80,2.411,298.6,21.36,2.976,264.9
40.58,3.416,255.2,9.66,1.818,939.6
37.59,4.515,37.6,21.27,1.761,43.4
35.69,2.626,1063.6,149.72,2.451,263.3
86.05,4.259,1222.1,122.99,1.763,912.0
77.77,4.687,714.4,18.10,2.700,3077.7
45.54,4.984,194.9,32.66,2.973,301.8
35.62,2.368,208.0,161.19,4.530,80.3
96.78,4.517,97.9,28.59,1.591,207.2
18.49,2.526,359.1,38.81,2.913,180.5
131.51,4.321,643.4,80.59,2.127,999.3
38.20,2.832,2335.3,205.17,2.860,435.3
47.87,1.322,258.4,199.05,5.604,81.1
11.58,2.477,95.1,14.27,3.476,49.9
11.08,2.943,66.2,11.16,2.583,74.3
151.08,2.575,77.3,21.78,2.398,373.9
16.49,1.366,2863.0,135.31,6.125,338.8
143.54,2.852,25.6,9.64,1.257,721.3
127.35,3.245,57.0,18.35,2.239,171.3
40.19,0.962,980.6,10.97,2.682,3374.2
12.80,2.474,428.8,78.17,2.169,99.7
9.58,2.132,331.3,24.56,3.109,157.7
39.19,3.366,99.7,53.07,2.287,94.1
24.97,3.157,126.9,10.88,2.175,309.4
189.10,4.616,139.9,11.99,1.540,1941.5
59.02,2.770,41.8,97.08,3.675,76.1
195.06,2.686,17.3,11.06,1.336,110.7
29.85,3.978,114.3,19.89,2.332,142.4
97.80,5.101,65.2,55.50,5.764,152.9
72.96,4.556,798.4,148.05,3.276,371.4
40.92,8.705,555.4,50.53,8.746,467.4
153.87,2.222,101.3,15.20,1.824,1134.9
53.63,2.657,2352.4,102.98,3.735,1217.7
12.09,1.416,2125.0,189.12,3.210,190.8
76.58,5.515,79.4,41.77,2.013,159.5
169.71,11.883,258.5,75.71,4.621,608.1
108.28,12.410,172.8,21.44,1.767,815.6
23.04,2.302,1090.4,27.16,3.393,922.3
8.79,1.784,192.5,52.59,3.488,24.1
26.93,1.986,79.2,21.65,3.273,113.6
36.86,1.685,23.3,56.99,4.097,21.2
13.43,1.619,2291.1,90.07,3.325,326.1
72.64,6.748,242.2,61.55,4.120,269.0
11.69,1.947,146.5,25.61,3.739,110.0
19.25,3.456,537.7,37.67,0.727,249.7
35.53,4.578,662.9,84.37,2.635,317.2
28.49,1.178,1416.6,53.61,5.254,778.5
15.84,1.897,83.8,149.79,4.219,15.3
42.92,4.087,583.1,49.57,2.680,524.9
89.32,4.558,263.5,43.11,1.578,577.8
29.41,2.260,787.1,30.50,3.416,738.4
37.15,3.744,866.5,33.08,1.889,933.5
217.99,6.536,192.9,11.96,1.242,3426.7
186.49,6.452,300.5,101.95,1.803,630.8
74.79,4.529,382.6,44.73,1.462,599.0
50.84,3.388,788.2,117.12,2.020,330.6
21.59,1.474,471.6,71.56,6.165,137.4
38.79,1.655,1801.2,88.91,4.330,788.7
62.51,1.500,696.4,70.75,6.474,638.5
11.68,2.281,422.7,27.39,3.070,195.8
19.52,4.415,182.2,9.92,2.544,342.2
72.65,3.484,1476.1,80.28,2.397,1343.1
66.03,4.834,144.6,48.12,1.087,122.3
10.86,2.617,1622.2,22.33,3.935,799.9
37.56,3.316,730.6,172.57,4.590,153.8
35.28,7.125,472.1,15.09,0.490,992.1
46.13,4.087,119.7,27.26,2.382,223.1
8.77,2.007,174.9,38.53,2.742,37.6
73.00,3.416,32.3,19.69,1.881,59.6
62.66,1.455,135.0,157.71,5.012,55.9
11.81,1.327,140.4,74.51,10.150,33.7
44.75,2.034,285.9,37.95,3.414,366.4
9.94,2.425,249.5,28.05,4.941,79.0
271.37,8.390,61.9,27.45,0.905,521.8
32.30,7.303,38.2,21.18,2.960,22.5
15.74,1.761,368.7,60.88,4.869,76.5
19.59,1.814,1068.9,107.27,8.397,202.5
88.80,6.989,328.5,15.78,1.327,2044.8
65.02,3.241,157.9,114.58,3.647,119.1
39.15,1.761,1028.1,41.75,3.716,961.0
43.27,3.849,883.7,27.49,2.187,1419.2
28.71,3.113,49.7,103.36,2.241,81.0
86.79,1.302,110.0,13.89,2.040,606.6
38.06,2.371,239.6,64.73,7.592,163.8
44.84,1.852,2276.5,110.62,6.025,876.0
45.79,4.209,150.3,13.58,2.763,609.7
172.71,5.122,54.1,68.66,1.962,66.9
149.43,6.949,185.4,47.60,1.053,414.8
26.59,1.526,1355.7,78.88,5.112,467.4
13.90,2.177,691.9,14.25,3.264,672.0
104.78,3.108,2646.3,1042.54,15.009,271.2
86.91,3.743,150.9,80.98,2.474,152.9
13.57,2.523,594.7,60.85,5.836,114.4
90.26,2.330,238.4,103.22,3.704,174.5
87.25,3.960,94.6,22.12,1.730,424.3
32.47,4.952,329.6,37.81,2.940,332.9
144.37,4.520,208.9,13.78,1.757,2149.7
21.29,1.651,396.3,130.65,3.483,26.1
10.74,1.879,802.7,51.42,2.873,172.0
60.51,2.112,70.6,7.53,1.952,285.1
41.46,3.350,472.7,66.13,3.085,317.5
114.85,3.481,140.0,157.92,3.580,47.2
9.86,1.063,247.0,34.34,7.289,93.1
33.62,2.320,132.1,58.92,4.941,102.6
94.74,4.432,885.1,60.91,1.601,1371.5
27.76,4.787,402.7,24.02,1.040,473.6
33.49,1.787,1244.7,116.23,4.486,332.0
56.30,3.190,1039.4,15.17,2.206,3806.4
96.85,6.333,968.7,63.49,1.781,1497.8
13.34,3.469,245.1,12.27,2.883,255.7
117.43,5.960,7.9,240.82,5.443,23.4
31.93,4.854,219.6,14.10,1.560,464.9
103.87,18.032,82.7,24.29,3.840,328.1
28.45,3.837,62.8,55.54,2.404,57.6
72.16,3.969,159.6,33.77,5.309,339.9
30.47,3.435,581.3,34.18,3.905,568.9
80.32,3.150,187.5,19.04,2.133,763.5
74.92,2.715,250.0,126.16,3.585,115.5
14.78,1.731,1060.8,51.47,4.128,328.7
47.73,3.424,424.0,16.34,2.461,1205.1
91.49,4.132,347.5,96.68,2.813,249.4
64.42,1.466,184.1,34.13,3.770,321.4
96.32,4.453,614.8,76.17,1.391,796.0
38.85,3.212,244.1,9.17,1.862,990.6
10.73,2.467,291.4,34.74,1.620,60.7
49.43,3.856,216.0,11.76,1.841,862.7
17.44,2.669,528.3,22.11,2.985,418.2
27.93,2.945,285.6,51.48,1.897,180.0
7.20,1.261,1138.1,116.97,3.122,68.6
139.54,6.336,413.2,68.08,1.902,768.7
92.48,1.277,552.6,214.87,6.136,183.6
24.49,3.152,1199.7,13.01,2.343,2299.7
41.77,5.389,829.7,19.32,2.154,1797.0
24.27,3.301,266.5,58.64,2.467,130.3
53.14,1.641,492.8,96.84,4.547,294.3
6.14,0.925,2928.0,132.41,4.814,107.5
32.37,1.431,827.6,33.65,5.750,771.6
148.87,6.240,145.5,94.52,2.016,159.5
7.29,1.660,379.8,47.49,5.427,54.0
15.35,2.023,907.0,80.41,2.033,209.5
6.06,1.108,606.2,101.85,3.303,27.9
16.69,2.492,1870.3,59.56,1.840,545.2
71.24,2.333,360.4,285.97,4.491,78.8
122.74,3.698,290.7,38.09,3.011,872.6
7.10,0.998,1139.7,151.53,6.613,91.3
45.84,6.058,250.6,63.96,2.320,149.8
51.59,1.371,2301.7,188.37,5.378,644.9
14.04,3.253,236.2,32.72,0.598,32.9
151.44,3.425,2165.3,195.42,6.934,1651.6
14.50,3.077,892.4,21.56,3.183,577.9
92.06,6.411,433.2,174.03,4.765,228.4
76.73,2.034,191.2,86.55,4.050,174.2
163.54,4.752,326.0,25.86,2.347,2028.0
36.04,2.323,407.9,46.32,3.197,333.2
11.20,2.758,422.1,10.51,2.707,448.1
378.94,8.019,18.1,54.95,1.108,148.4
7.34,1.409,897.1,45.25,5.478,148.2
31.73,2.507,2515.6,101.77,3.644,750.0
61.31,1.938,137.5,11.95,2.346,796.0
72.12,4.493,353.2,23.19,1.625,1129.8
47.62,1.361,55.4,52.91,4.221,40.6
56.65,3.398,2333.1,104.83,7.528,1252.1
12.46,0.830,418.4,40.71,9.249,145.5
12.59,1.264,1200.5,166.49,4.613,70.2
17.38,3.362,654.3,19.34,2.014,618.0
175.84,3.976,115.0,59.02,2.437,281.5
113.59,1.904,470.4,65.50,3.771,855.3
70.00,3.444,349.8,26.57,2.176,857.9
10.74,2.356,253.9,81.41,5.629,33.5
41.55,2.505,3078.8,168.92,4.290,733.6
110.65,2.882,117.5,71.89,3.317,157.1
37.70,3.082,9.6,184.28,3.362,27.8
188.64,9.583,361.8,77.89,3.533,881.7
43.95,3.496,26.2,15.36,1.971,67.3
28.01,3.314,1382.1,33.02,2.193,1181.1
29.62,4.058,1199.3,47.76,3.737,712.5
96.20,1.329,188.2,88.95,4.248,189.4
9.88,1.732,118.2,24.69,5.932,48.1
52.53,0.873,148.8,20.98,3.038,363.0
50.09,3.128,103.6,34.36,5.581,144.0
43.15,7.131,355.2,11.08,1.057,1245.3
116.61,3.084,118.2,23.84,2.983,529.3
18.19,3.304,85.1,17.53,2.276,116.1
88.97,5.184,312.9,45.86,1.242,671.1
23.87,3.402,190.2,40.46,2.414,115.2
10.90,0.310,152.2,34.62,8.989,63.6
69.95,7.281,71.0,52.71,1.399,164.5
12.33,1.466,551.5,42.25,4.909,146.7
33.86,4.168,180.1,12.84,2.857,407.6
10.29,2.191,864.6,22.34,5.411,385.3
234.30,4.660,274.2,55.43,3.146,1082.2
208.80,3.429,170.6,36.82,2.051,898.4
11.62,1.340,1178.2,21.78,5.459,625.4
123.82,10.259,117.4,8.58,1.894,1478.1
230.19,18.695,219.2,8.01,0.546,6422.1
97.09,5.342,59.0,11.02,2.085,450.1
86.17,1.266,130.9,28.79,3.100,376.4
22.58,3.293,378.9,14.39,2.525,648.7
34.41,3.784,139.8,29.68,3.258,138.1
152.52,3.547,73.6,74.02,5.259,71.6
26.45,2.274,531.1,25.91,3.272,649.3
94.73,1.918,78.1,56.91,3.333,115.8
19.66,4.010,748.1,22.64,1.257,668.9
170.83,5.164,345.5,49.24,1.390,1205.5
133.53,2.575,27.5,39.67,2.855,84.3
63.68,2.153,255.3,37.78,3.502,412.2
43.35,1.883,370.6,197.77,4.063,102.8
32.02,3.740,3297.3,131.72,6.259,797.9
85.13,4.476,50.3,43.96,1.542,62.2
52.67,3.065,52.4,8.76,2.214,70.2
119.01,6.699,49.2,40.95,1.765,111.2
20.42,2.541,1098.8,132.71,3.126,166.8
62.20,1.275,226.1,17.59,2.503,697.9
13.48,0.905,254.7,296.91,5.579,17.6
16.00,2.842,1199.5,14.95,3.483,1294.7
91.44,2.383,1436.3,207.41,4.771,601.4
108.51,10.677,401.1,38.41,2.790,1113.1
275.53,8.272,124.1,30.57,1.092,1192.7
229.37,4.439,229.2,36.09,1.802,1362.6
8.67,1.993,708.4,24.40,5.611,240.5
118.70,5.182,64.8,30.53,1.913,274.9
116.94,4.628,52.1,28.47,2.103,162.1
17.59,1.861,140.0,50.53,4.226,43.9
40.36,4.858,530.7,77.11,2.121,272.0
123.53,8.559,48.0,99.55,8.923,47.7
61.41,2.555,191.7,159.83,6.879,94.0
313.29,7.349,366.6,25.32,0.944,4588.2
59.29,1.930,223.8,24.84,2.730,596.7
86.34,1.735,296.3,105.72,4.367,192.4
28.92,3.423,177.7,12.66,2.083,332.5
132.02,3.764,2068.2,80.31,4.144,3368.2
260.15,4.693,463.7,31.65,2.157,3894.8
85.95,4.413,69.7,179.48,3.429,48.1
79.64,4.129,134.7,31.36,2.584,331.8
32.19,1.164,638.5,42.84,6.435,481.2
33.42,4.361,90.5,10.72,2.300,332.0
7.62,1.794,1703.1,83.21,3.457,133.3
33.41,2.069,456.6,156.58,3.551,157.2
51.07,0.875,539.0,364.55,13.183,69.9
21.61,2.412,215.8,40.87,3.161,186.3
15.54,2.353,1493.3,61.69,2.124,387.3
120.39,3.109,108.5,10.11,1.369,1799.5
10.24,1.477,197.1,33.76,5.030,33.3
13.23,0.622,2094.2,203.17,14.776,124.1
14.76,2.674,2364.7,28.91,2.458,1178.9
8.51,2.096,1495.4,55.80,1.548,200.2
40.21,7.506,209.8,21.29,1.015,445.3
12.75,2.590,626.1,45.90,1.283,195.6
25.83,1.532,662.4,15.66,3.271,1069.6
10.25,2.263,96.5,25.80,2.873,11.4
47.87,3.900,125.1,73.17,1.328,103.6
68.67,3.912,1571.8,42.33,1.894,2559.3
29.26,4.139,624.6,35.31,2.202,540.9
14.89,1.943,134.1,22.51,3.887,163.9
110.94,7.058,353.4,103.75,9.916,354.1
87.84,6.200,238.6,15.20,1.187,1399.4
10.80,2.134,1356.3,50.95,1.673,279.1
53.37,4.669,429.2,15.98,1.623,1346.5
20.64,2.935,239.4,53.84,1.062,184.3
23.97,1.822,417.0,260.72,4.868,43.5
47.32,4.241,2204.1,72.90,3.272,1463.3
39.46,3.130,55.3,7.27,1.752,289.5
26.11,5.022,29.0,14.51,2.006,18.9
90.06,3.163,192.4,131.44,4.719,113.3
118.67,4.043,90.1,14.29,1.403,514.4
49.24,4.124,249.4,54.69,1.165,253.7
17.74,2.325,198.3,140.71,6.478,26.0
71.00,2.724,448.7,96.33,3.210,306.6
38.51,2.382,383.5,209.93,3.570,68.8
40.24,1.129,1698.5,208.15,6.437,340.7
146.86,4.059,416.9,131.57,2.742,474.7
14.15,1.858,898.6,62.64,3.973,225.9
130.04,4.669,117.6,85.18,2.131,206.2
24.87,3.734,34.3,19.02,2.894,62.9
36.71,2.396,252.9,79.16,5.215,164.6
54.98,1.693,60.5,32.70,3.317,56.6
18.23,3.995,368.8,44.69,2.525,138.2
89.19,3.079,507.2,20.21,2.457,1972.1
180.15,9.951,144.3,22.41,2.970,1066.7
114.38,2.522,774.5,93.46,3.482,971.0
55.35,3.424,466.4,34.00,2.149,720.3
143.79,3.345,21.9,8.48,1.313,402.8
54.01,1.005,586.8,46.18,4.261,753.8
27.17,1.713,7465.7,406.79,6.140,475.7
64.68,2.352,115.7,19.49,3.633,385.8
51.06,2.599,36.2,52.06,3.103,77.5
115.74,4.728,231.7,47.55,1.699,575.4
17.17,2.472,1395.5,26.91,4.065,862.0
36.47,3.561,380.5,32.30,1.900,415.4
56.53,2.229,31.8,21.43,2.518,45.9
29.23,3.057,99.4,18.29,2.628,247.1
40.94,3.367,110.5,53.00,7.998,78.2
18.20,2.682,969.8,32.27,2.799,519.1
11.04,2.452,731.8,69.34,2.080,147.7
44.63,5.710,140.8,13.10,2.686,461.5
64.79,2.203,167.3,13.03,2.046,1116.1
111.64,7.236,116.6,20.03,2.676,689.6
71.43,4.825,219.2,22.55,1.878,640.2
42.41,1.389,64.0,68.26,6.066,16.7
11.35,1.278,57.5,33.27,6.572,45.2
26.80,2.776,91.4,15.95,2.662,165.4
14.81,2.043,981.3,69.17,8.148,223.3
6.82,1.191,2484.7,105.45,3.414,168.3
40.37,2.673,638.6,20.82,2.907,1279.9
24.30,0.667,179.9,25.94,4.850,141.5
76.27,4.189,333.3,16.16,3.324,1461.8
33.67,4.972,437.9,17.77,1.661,866.4
14.25,3.291,22.1,15.07,2.064,53.4
13.59,2.459,498.5,26.03,2.872,251.2
78.53,4.028,331.4,247.53,3.784,131.5
20.15,2.973,386.0,15.86,2.779,450.6
18.74,3.041,381.7,106.11,4.538,35.6
163.72,5.467,113.6,21.62,1.233,746.2
11.05,2.467,7220.5,67.06,1.938,1167.8
115.33,2.522,569.4,37.14,2.741,1631.8
121.26,3.306,486.1,98.47,2.866,574.6
26.13,3.873,1130.7,35.98,2.131,822.3
32.90,2.666,1150.2,27.22,3.867,1385.5
110.15,3.607,1125.5,92.34,4.363,1314.6
53.93,4.815,219.7,108.79,2.200,139.7
30.96,3.075,306.2,18.65,2.320,661.2
21.11,2.375,570.9,12.54,2.726,991.1
53.41,3.973,359.9,15.06,1.889,1305.3
35.40,1.507,196.1,16.17,3.181,447.0
103.44,3.329,362.8,52.03,2.406,765.5
156.80,2.815,15.6,19.83,2.190,359.0
35.59,3.033,1369.7,68.50,2.172,727.9
9.21,1.367,1085.1,95.57,3.313,109.7
56.61,0.811,1339.8,192.18,8.199,383.6
9.48,1.743,1191.0,56.05,3.918,213.0
9.39,1.385,4924.1,158.94,6.136,290.6
61.81,3.098,1693.6,362.03,6.802,274.3
6.51,0.947,1958.6,257.89,5.929,59.7
43.83,3.830,233.5,56.20,3.044,175.7
23.06,3.240,220.8,14.43,2.277,360.7
25.11,1.085,297.5,17.01,3.997,255.8
41.90,8.050,1051.8,21.01,1.271,2093.6
13.26,2.738,151.7,17.77,2.676,117.1
46.54,2.564,1151.2,35.31,3.397,1457.0
176.34,6.225,249.4,343.31,6.160,139.2
32.58,1.301,531.9,96.84,7.668,214.1
44.28,4.238,466.9,37.12,1.547,517.1
29.45,1.125,5975.1,162.28,7.337,1056.2
21.08,1.721,440.2,116.29,5.045,61.5
12.71,1.392,6686.1,239.10,3.748,382.8
43.19,4.664,583.9,50.70,6.837,504.5
22.02,5.218,261.2,9.22,1.392,667.3
11.08,1.534,299.9,27.37,4.657,95.6
21.84,0.897,7049.3,406.04,7.229,366.1
12.63,2.340,208.5,41.56,2.480,100.0
59.75,1.892,279.9,11.15,2.008,1386.5
48.81,3.075,263.9,137.89,2.260,77.3
133.03,3.174,47.1,88.27,2.941,60.1
287.59,6.183,1569.2,74.82,3.696,6026.2
49.62,5.247,199.5,54.93,2.921,103.2
10.11,1.373,980.3,62.82,5.070,192.4
38.61,1.368,250.0,259.61,6.645,68.1
29.78,1.756,5666.6,259.75,4.088,656.6
25.26,2.007,2596.0,238.02,5.777,318.8
43.42,5.209,85.8,38.70,0.788,9.8
17.39,1.671,956.5,25.12,6.370,691.0
28.70,2.778,134.9,15.59,2.581,315.2
60.91,1.951,151.6,73.00,3.611,153.4
66.80,4.392,426.7,10.42,1.532,2669.7
17.17,4.154,57.5,10.33,2.583,111.9
49.12,2.098,641.6,405.00,8.298,71.1
41.14,4.137,522.6,17.76,1.739,1274.0
115.04,2.015,757.7,259.86,7.603,324.9
16.69,2.490,818.0,91.82,1.302,171.5
23.46,3.633,1410.0,68.86,2.116,462.1
42.75,3.768,59.1,21.56,5.620,127.6
102.33,3.462,1623.9,559.93,7.654,282.0
202.82,6.618,31.3,12.44,1.376,215.8
16.75,2.964,420.3,32.84,2.338,232.8
65.82,3.214,69.5,6.96,1.424,668.4
70.45,4.251,15.4,11.77,1.616,118.3
111.19,4.476,237.4,75.83,1.808,288.0
52.28,2.094,573.9,10.14,2.422,3008.2
31.36,2.576,549.2,18.08,2.882,928.1
259.42,8.429,198.6,290.77,4.638,141.2
94.22,3.052,208.2,210.15,4.095,105.7
29.25,2.083,70.8,80.74,5.100,19.7
23.36,2.272,358.2,39.82,3.136,198.1
55.43,1.943,801.9,25.74,4.143,1809.3
31.43,4.800,1324.0,30.93,0.960,1371.4
65.08,5.674,16.5,32.11,1.006,51.6
18.27,1.771,1014.3,48.86,4.318,397.1
46.05,3.100,232.2,84.87,2.437,133.4
67.53,3.525,277.7,97.49,3.069,203.8
15.67,2.738,50.2,46.26,2.713,62.7
22.09,4.197,126.0,24.81,1.713,191.1
203.31,10.494,544.6,396.59,13.775,264.2
164.91,4.629,210.0,41.27,2.877,1008.0
71.62,7.121,505.5,43.36,2.989,852.3
14.98,1.893,164.1,84.42,3.325,29.8
40.48,2.008,216.3,391.10,6.233,38.9
90.96,2.442,783.8,127.56,4.047,567.7
29.88,2.050,492.6,72.87,3.608,203.0
40.52,1.735,2367.0,47.19,5.039,1977.8
139.76,4.210,390.4,420.09,5.907,106.5
22.66,5.120,914.9,6.78,1.758,3068.6
93.86,4.973,603.3,71.46,4.251,745.9
44.83,3.669,411.7,10.96,1.894,1690.3
87.50,2.001,545.5,20.53,2.291,2268.0
80.35,1.485,151.1,235.07,6.796,63.1
181.98,6.346,177.8,68.53,0.949,365.5
48.74,3.295,127.7,79.15,1.926,45.7
29.50,2.255,1325.2,36.28,3.446,1110.6
247.62,8.125,81.6,144.37,3.957,138.3
7.20,1.057,255.5,37.56,6.728,83.0
48.00,3.031,2109.0,270.48,7.235,346.6
120.87,2.580,465.4,96.82,3.794,546.6
59.48,2.486,83.6,26.95,3.296,110.4
53.78,2.396,1514.2,66.56,3.309,1241.3
26.82,2.030,482.6,39.89,3.582,290.1
53.91,3.281,349.6,29.47,2.823,714.5
15.68,3.182,67.7,15.86,3.263,78.3
112.96,3.910,59.2,12.77,1.358,105.8
232.33,5.411,77.5,32.77,1.829,669.9
95.27,4.016,44.8,14.54,2.493,101.5
12.87,1.295,714.8,106.84,5.817,96.9
26.88,1.988,2768.9,79.09,3.376,905.5
32.03,3.915,80.1,16.59,1.921,189.2
21.20,2.205,186.4,20.94,3.155,173.4
30.44,0.615,136.7,39.80,5.864,158.9
46.64,3.832,74.4,13.48,2.223,191.8
75.01,4.165,50.5,30.86,2.384,110.8
30.24,3.042,362.0,55.81,4.079,199.0
174.80,7.680,944.6,43.75,1.288,3818.5
7.72,2.016,1406.6,13.96,3.655,826.3
67.97,2.696,342.7,15.82,2.071,1464.4
179.34,2.862,341.6,62.60,3.294,949.7
318.95,9.204,41.3,22.95,0.773,692.3
243.00,6.739,908.8,357.53,8.843,640.1
16.24,2.939,240.0,13.66,2.497,286.3
31.06,5.593,621.1,62.89,5.213,352.8
10.05,2.000,541.4,17.81,4.125,292.4
20.02,3.424,27.3,47.19,2.044,28.1
69.31,8.839,14.7,11.16,2.796,179.5
13.71,2.888,58.2,19.75,2.281,24.8
26.17,1.580,125.5,155.01,3.904,35.0
220.45,3.922,668.6,208.87,4.383,707.7
160.02,2.857,705.9,145.16,5.987,757.2
37.66,8.896,27.1,33.27,4.236,21.5
52.01,4.622,476.4,39.70,1.337,656.8
61.17,1.666,36.8,81.83,4.684,8.3
91.41,4.164,115.5,34.43,4.588,324.5
28.53,4.960,978.8,46.52,1.311,620.0
12.65,2.849,1535.7,14.82,3.660,1306.6
39.36,2.940,138.4,10.60,2.379,404.8
30.33,2.706,2882.4,196.75,4.041,454.9
24.74,4.696,167.6,23.71,0.740,168.7
219.75,7.199,119.4,84.44,5.396,424.3
446.18,10.449,129.8,284.34,6.229,214.1
601.19,13.885,183.8,76.16,1.873,1403.3
53.13,1.035,112.0,11.26,2.284,154.6
12.32,2.978,168.3,12.54,2.831,223.1
22.10,1.406,353.3,24.28,4.232,358.4
12.82,2.363,51.9,24.90,2.886,26.6
15.45,1.780,71.2,90.56,4.955,75.9
23.93,2.223,295.2,13.62,2.793,513.2
396.89,5.868,94.4,10.39,0.839,2782.2
77.72,1.221,187.2,35.36,3.157,337.1
16.53,2.171,411.7,46.67,4.724,183.5
23.52,3.404,403.4,24.69,2.550,331.8
25.36,2.628,1800.8,100.26,2.567,462.7
8.99,1.827,696.4,66.32,2.522,77.9
44.61,1.745,294.6,75.17,4.849,170.0
43.40,4.749,158.9,7.28,1.751,744.4
47.59,1.774,2398.8,22.76,2.908,4999.5
19.81,1.873,810.1,64.22,4.147,257.3
192.40,6.535,290.7,26.67,2.833,2139.5
29.70,3.375,1273.9,101.59,2.662,385.4
142.26,3.151,237.9,167.33,4.020,201.5
167.99,3.569,53.0,176.52,5.618,40.9
13.17,2.521,534.2,34.59,2.421,232.6
102.90,1.623,56.7,23.56,2.908,311.9
17.59,2.384,95.4,18.51,3.069,123.8
38.83,2.291,747.1,47.51,3.186,588.1
33.84,4.287,17.6,7.47,1.616,107.2
30.26,4.501,1224.1,60.73,4.854,586.4
248.65,4.337,97.6,44.52,1.866,677.0
122.46,5.101,142.1,83.86,2.318,149.2
48.67,5.826,42.0,105.74,5.440,31.7
19.10,1.309,1208.7,34.86,5.581,689.0
34.28,1.408,158.5,106.57,5.371,79.7
78.68,2.218,428.0,257.49,4.949,114.9
15.06,2.671,449.3,43.63,5.806,170.4
127.04,3.505,20.9,48.16,3.832,153.0
27.29,2.924,678.2,197.81,7.237,146.8
45.95,4.975,719.0,10.36,1.576,3125.0
25.16,3.860,46.4,20.94,1.703,45.4
140.21,4.139,137.6,59.63,1.929,240.3
8.37,1.112,8411.2,247.75,4.009,310.3
41.15,2.967,272.1,21.34,2.949,525.6
18.47,1.941,822.7,69.12,3.664,217.7
130.68,3.888,44.4,139.88,3.897,0.6
76.68,4.758,522.3,33.55,1.557,1246.4
8.20,2.140,93.5,12.76,3.363,44.3
385.30,10.290,305.0,242.09,9.271,501.4
47.00,3.127,896.6,37.57,2.921,1100.9
217.69,5.071,228.9,78.80,2.846,544.7
75.07,1.258,178.6,131.63,5.157,99.2
35.06,3.544,198.5,29.42,2.121,248.4
91.77,3.873,62.1,38.07,2.272,19.4
98.97,10.473,18.5,24.11,3.110,126.6
25.45,1.800,336.1,26.47,3.621,262.0
40.46,2.233,290.8,18.66,4.388,676.7
18.91,2.436,159.4,38.98,3.383,54.6
33.57,4.480,200.3,14.29,1.609,393.2
7.13,1.395,2856.5,114.46,3.110,248.3
130.32,4.752,208.3,32.19,3.701,852.9
230.45,10.146,21.5,14.66,1.233,201.5
30.90,2.696,2425.0,127.83,2.271,575.9
31.62,2.794,190.0,100.66,1.974,27.6
7.72,1.767,225.9,99.30,6.231,35.9
46.09,2.225,85.2,24.93,2.846,251.5
17.20,3.077,90.8,8.93,2.312,111.1
139.88,8.297,366.7,162.16,4.433,284.6
23.73,3.020,77.9,50.65,1.465,60.5
57.87,2.967,586.0,119.06,2.681,351.3
33.57,1.197,229.3,69.19,5.230,67.5
36.19,3.390,583.8,15.87,2.194,1235.7
10.23,1.415,6.2,111.33,2.615,69.2
71.04,2.865,530.7,23.41,2.341,1597.6
41.76,5.446,180.8,52.78,4.778,179.8
23.65,1.420,690.9,52.51,5.257,350.1
76.37,2.750,788.4,219.87,3.700,286.8
45.68,9.341,5.2,33.58,4.521,33.8
48.58,2.130,636.7,37.32,3.513,838.7
72.87,3.634,383.8,49.79,2.162,560.0
29.45,3.852,894.4,41.45,2.396,616.4
26.94,6.425,203.6,17.03,0.642,351.0
22.97,4.162,882.5,64.47,2.851,348.9
50.74,4.077,1028.2,110.97,2.689,447.1
34.13,7.929,220.4,34.01,4.452,263.5
56.46,8.888,188.7,20.34,2.573,439.9
20.56,2.954,758.2,47.51,1.774,354.0
17.45,3.627,107.7,27.11,4.867,55.8
22.94,1.792,136.2,95.70,4.214,47.8
19.28,4.051,151.4,9.24,1.946,234.2
62.52,3.265,440.5,45.50,2.403,538.7
99.71,2.617,45.3,157.78,4.102,6.9
74.92,3.678,135.0,57.03,2.571,194.1
70.04,5.119,55.6,9.70,1.286,228.0
21.94,1.578,37.8,101.05,4.320,26.4
57.74,0.943,70.3,45.88,4.040,55.8
61.46,10.614,833.7,25.59,4.632,2084.6
121.29,2.668,39.9,12.29,1.720,185.7
88.62,3.346,231.3,12.56,1.554,1721.0
25.34,3.602,410.5,36.60,1.532,292.9
16.28,2.088,816.3,64.47,3.785,240.8
35.16,4.627,149.5,13.58,1.560,377.7
20.91,5.171,281.0,18.96,2.374,267.3
116.73,3.209,371.2,44.64,2.934,982.5
38.05,4.359,17.1,18.28,1.630,55.6
166.96,7.171,8.3,12.22,1.756,179.3
53.54,1.861,781.8,117.12,7.046,389.0
261.99,4.977,207.3,323.44,5.134,161.8
21.25,4.322,48.9,19.20,2.163,50.6
56.31,3.100,226.3,45.22,2.658,283.7
237.96,5.564,26.6,11.10,1.214,171.2
992.38,19.676,112.2,123.01,3.303,902.6
152.55,5.067,46.3,64.69,2.591,101.7
33.43,3.841,1310.6,97.15,3.891,411.5
271.85,6.588,144.7,80.02,4.601,428.1
95.14,3.931,568.6,51.27,1.874,955.4
23.28,4.344,1139.9,30.20,2.861,889.6
21.06,2.063,1345.4,84.04,2.852,312.4
54.35,1.971,86.0,21.98,2.946,136.9
120.63,3.979,375.4,43.00,1.890,1068.9
44.79,1.194,137.8,10.54,2.335,350.9
42.94,3.867,466.3,18.80,2.934,918.7
34.81,1.792,650.3,114.16,3.845,186.2
62.11,2.251,268.6,12.36,2.789,1300.9
15.05,1.954,1235.7,63.94,2.942,317.6
29.33,2.456,2035.6,81.09,3.337,707.7
59.56,3.724,105.3,29.32,2.439,303.8
12.98,1.525,2785.5,152.42,4.024,228.6
13.41,1.097,76.4,18.77,4.802,5.7
79.75,4.371,214.4,60.69,5.396,319.4
170.43,4.252,74.0,12.18,1.718,826.8
10.71,0.724,1345.9,131.21,15.932,112.7
12.96,1.093,1893.2,296.33,8.913,97.8
15.32,1.362,372.1,132.35,4.548,41.5
11.88,2.876,381.7,9.90,2.595,417.9
104.67,4.255,482.3,184.51,3.254,235.7
261.43,3.545,74.3,6.50,0.907,2402.4
97.14,3.413,655.9,75.32,2.560,843.6
51.62,4.383,272.7,6.63,1.360,2189.6
18.26,2.648,314.4,49.92,2.057,124.7
7.84,1.342,1241.0,76.47,3.625,150.7
95.07,8.139,529.1,32.59,5.114,1507.8
171.18,9.125,113.7,76.98,4.127,248.3
25.70,2.255,424.8,13.41,3.257,866.4
28.09,7.196,199.0,12.93,0.708,513.6
35.00,6.189,45.6,14.29,1.107,35.1
21.05,2.048,136.8,109.47,4.954,41.7
32.32,1.366,55.3,137.04,5.662,23.2
30.57,2.492,87.0,52.65,2.901,84.9
19.11,2.000,812.1,49.47,3.450,308.7
24.23,2.712,672.9,65.32,11.565,224.5
37.99,2.803,302.4,20.89,3.769,618.7
37.49,2.687,863.0,36.72,4.229,882.5
58.58,0.895,7.4,8.22,2.111,308.8
88.90,3.014,700.3,397.85,6.136,166.9
10.28,1.998,1259.4,59.87,4.286,199.7
90.74,4.677,1464.9,85.82,2.006,1533.4
23.86,1.587,1352.2,117.84,4.601,286.7
33.96,1.467,331.3,11.38,2.623,876.8
49.00,4.822,830.3,38.90,3.625,1077.2
74.54,2.125,65.2,9.65,1.863,482.0
151.11,6.327,315.5,102.71,5.201,450.9
55.15,3.104,117.5,30.10,4.029,242.8
44.65,1.611,374.1,161.08,10.024,97.0
13.90,3.232,115.6,15.33,2.363,49.6
72.08,3.297,158.1,7.80,1.472,1209.3
15.73,3.314,29.0,24.69,1.550,64.3
9.91,2.316,109.8,22.64,2.810,45.0
48.75,4.560,70.4,12.26,3.183,354.1
111.13,3.247,94.9,22.04,2.824,592.1
83.65,4.458,180.3,26.99,1.630,540.3
6.31,1.572,3039.3,60.51,2.684,297.3
7.53,1.451,293.2,88.36,5.761,25.0
133.10,5.865,38.0,47.16,1.135,54.5
178.72,3.060,859.6,51.06,3.113,2911.1
149.66,5.463,201.6,29.50,2.816,1038.1
157.77,4.411,111.3,23.99,2.461,575.3
37.24,2.292,1422.6,126.97,3.865,389.3
59.37,5.390,250.7,28.02,2.328,522.2
36.26,1.862,1122.8,244.86,5.429,142.9
17.72,2.146,1017.4,50.54,2.978,368.2
23.59,1.099,1607.1,273.11,5.532,176.0
313.09,12.913,107.8,10.27,0.977,2929.1
15.51,1.681,2531.8,238.60,7.912,144.4
56.72,1.231,379.9,14.58,2.500,1612.9
34.97,4.734,325.0,29.28,1.675,400.8
7.16,1.149,2153.0,182.84,2.468,81.3
7.32,1.654,277.9,29.26,4.381,72.1
74.58,1.891,46.4,6.49,1.714,584.9
141.14,2.267,81.1,11.19,1.659,612.0
458.20,6.979,221.2,50.90,1.474,2017.5
88.02,4.404,103.1,161.76,4.102,61.4
7.39,1.681,510.5,40.64,3.414,134.1
18.29,2.610,914.9,28.66,2.757,572.8
81.44,3.470,290.6,91.90,2.297,268.2
130.85,5.967,120.8,34.38,3.260,407.8
20.02,1.694,661.5,153.96,4.750,72.8
100.55,3.140,45.7,16.33,1.723,171.3
35.38,1.171,4128.0,235.63,6.957,620.1
117.13,4.079,278.3,52.98,2.191,574.5
84.79,2.017,203.3,129.25,7.023,97.4
17.65,2.521,1372.6,10.77,2.681,2245.5
50.91,2.506,864.7,102.07,4.061,391.1
23.76,2.968,295.7,34.93,3.371,195.4
86.54,7.258,136.9,23.11,2.731,559.6
121.43,4.306,478.8,73.67,1.904,747.3
33.72,7.259,85.0,38.60,2.689,162.6
19.00,3.248,184.4,34.65,2.438,101.9
58.05,4.275,172.1,65.46,2.207,149.5
29.97,2.344,54.2,44.91,3.146,35.6
19.66,1.631,756.1,14.81,3.824,996.6
129.05,4.740,239.6,76.49,5.242,434.0
19.55,2.272,275.3,29.86,5.449,163.7
8.09,0.717,4959.7,362.65,6.710,101.6
15.01,1.755,945.3,27.71,4.045,555.7
220.79,6.307,228.4,19.06,1.219,2543.8
68.44,1.569,136.2,12.49,2.150,569.7
202.49,7.150,248.6,94.50,5.383,543.2
48.11,1.672,613.3,204.93,5.273,179.3
57.98,4.127,109.9,67.43,1.991,21.1
61.42,4.680,23.2,33.01,3.548,61.1
38.86,3.995,358.3,79.35,1.588,146.9
11.86,1.617,1904.3,133.18,2.859,165.2
23.88,0.737,527.5,46.58,6.123,292.3
28.51,4.624,3681.4,53.39,2.177,1942.5
16.35,2.630,1226.5,28.86,4.982,684.7
22.73,2.488,91.9,10.08,2.530,204.1
14.53,1.472,102.2,89.06,6.772,44.2
157.74,4.459,1668.5,378.20,6.095,668.7
17.94,1.112,538.4,69.86,6.688,151.5
11.76,2.743,88.6,22.90,2.233,45.5
228.35,5.315,277.2,15.22,1.104,4164.0
114.55,3.627,34.3,20.53,1.636,104.2
87.98,4.858,18.8,75.19,2.192,35.8
32.18,2.963,492.7,30.76,2.457,475.9
224.13,4.134,179.1,28.94,1.563,1179.6
54.91,3.303,435.4,52.89,4.712,455.5
345.40,6.924,66.4,61.04,1.030,646.3
58.73,2.852,774.1,33.54,2.668,1256.0
83.04,4.339,11.3,14.77,1.565,72.6
83.82,4.163,984.8,125.36,2.019,637.9
32.19,2.469,38.8,16.45,2.651,96.7
66.98,2.722,82.9,107.88,3.093,16.5
54.37,3.311,28.0,21.99,2.178,183.1
28.78,1.741,1870.5,42.35,3.974,1226.4
18.88,3.471,169.7,10.72,2.137,355.2
190.82,2.641,483.3,810.37,14.015,98.0
78.80,4.070,61.1,96.94,5.779,114.3
6.03,1.308,2266.1,39.12,6.190,332.3
456.65,14.241,158.2,49.64,1.563,1506.1
51.40,6.751,858.3,43.70,1.124,986.7
33.83,2.038,1060.2,115.36,4.954,305.7
101.27,6.198,184.7,16.29,1.531,1024.8
402.57,16.401,671.5,309.47,12.983,873.5
249.22,6.183,50.7,48.08,1.177,58.3
61.82,3.190,251.2,120.76,2.040,72.1
22.05,3.868,521.7,9.88,1.949,1142.6
68.30,3.257,176.8,107.35,8.346,121.4
50.62,7.119,109.1,12.81,3.181,377.7
31.85,4.700,110.1,12.10,2.336,250.7
53.39,8.949,672.5,23.81,0.871,1554.0
21.31,2.706,478.7,23.14,2.850,468.4
107.79,3.195,53.9,17.65,1.673,216.1
42.06,3.537,478.6,45.09,1.790,406.8
79.92,2.431,1286.2,148.39,4.518,719.4
37.24,2.818,3106.6,101.17,1.694,1081.7
83.46,4.273,111.5,87.21,1.471,138.5
293.71,6.273,552.5,95.43,1.466,1749.0
35.81,0.530,164.2,15.97,3.658,225.0
17.32,2.937,1558.1,19.79,2.511,1375.7
41.37,6.135,76.6,7.64,1.341,328.8
16.46,1.870,543.2,19.04,4.759,505.9
36.78,1.833,136.9,26.50,4.166,112.1
178.65,3.468,363.8,508.58,10.964,98.5
37.25,5.935,213.3,24.51,1.677,285.7
15.26,1.960,358.9,141.32,9.114,41.5
97.77,2.223,1714.0,107.41,3.836,1591.8
33.99,3.313,1458.8,39.19,2.039,1295.9
139.70,4.475,157.1,40.52,2.276,434.7
27.28,4.849,171.6,9.83,2.512,510.1
43.68,2.000,269.7,103.51,3.850,110.4
110.12,2.346,1016.0,98.01,3.868,1101.4
68.16,2.663,1063.5,202.94,3.749,362.9
13.32,1.426,806.5,101.67,4.942,88.4
35.60,4.460,405.9,21.25,2.006,736.6
125.55,2.865,589.1,127.12,5.848,611.2
14.98,3.736,74.1,35.58,4.918,41.0
38.78,3.515,166.3,15.48,2.080,450.5
37.32,4.531,87.7,17.43,2.187,176.9
68.85,1.695,104.4,21.17,3.209,378.0
45.88,3.019,355.8,44.53,2.965,368.9
20.05,4.717,236.6,10.95,1.381,486.4
27.83,1.804,2078.4,76.88,4.358,728.9
21.42,2.690,123.7,164.22,6.837,48.6
59.91,3.703,57.7,7.43,1.429,572.3
207.78,5.245,275.0,55.51,2.027,915.1
160.00,5.424,93.6,71.43,1.364,216.6
190.84,4.112,434.7,71.03,4.560,1095.1
55.53,3.947,26.4,20.79,2.110,52.5
24.58,3.686,1276.3,31.02,1.562,1005.7
10.00,2.536,1105.1,45.98,2.059,249.7
23.28,0.984,423.5,13.30,3.519,758.5
59.49,2.750,45.1,33.85,2.612,54.9
17.05,2.447,1788.8,72.09,2.364,451.5
7.82,1.905,2251.9,76.04,2.274,252.5
8.41,2.102,1326.6,33.70,2.718,298.6
20.57,4.170,286.3,18.07,1.451,317.3
12.93,1.752,701.8,107.71,4.641,90.7
39.69,3.263,705.5,58.68,1.700,527.9
130.71,2.499,195.3,23.65,2.047,1221.0
81.61,5.264,63.6,65.15,7.893,113.1
57.91,3.438,1176.7,102.70,1.724,624.1
17.50,4.099,526.6,33.11,0.609,312.7
28.37,1.954,1037.2,25.77,3.352,1143.8
9.72,2.057,349.9,58.01,2.436,31.5
98.59,1.833,1182.1,100.80,3.961,1117.2
141.28,8.277,37.3,7.73,0.994,1185.8
125.66,1.735,980.8,62.82,3.994,1893.0
6.23,1.441,5939.5,90.63,3.236,471.6
36.49,4.515,242.8,14.92,1.697,572.5
9.65,1.908,1204.0,136.81,7.694,100.9
16.59,2.488,48.1,13.19,2.887,69.6
20.87,2.565,143.4,148.53,7.871,20.0
47.79,2.614,670.7,355.53,9.377,70.9
59.13,4.938,255.6,19.56,2.153,815.5
49.93,3.467,362.2,379.57,12.307,57.1
58.38,2.356,59.0,11.03,1.931,129.8
32.06,5.869,50.3,26.74,2.318,27.7
66.82,8.465,524.4,11.55,2.732,2905.6
16.37,2.380,853.5,26.43,3.285,482.1
25.04,2.648,265.4,12.03,2.504,452.7
14.37,3.569,1625.5,49.03,3.014,526.1
217.84,5.332,109.2,68.97,1.460,362.6
38.51,3.006,386.7,15.32,2.397,995.5
164.04,5.657,224.2,54.95,1.303,732.9
139.75,3.628,179.1,146.44,3.784,169.8
35.25,1.045,126.0,16.97,3.314,204.5
129.05,4.323,482.2,46.16,3.950,1388.7
51.79,3.413,866.8,56.74,2.927,798.0
260.58,8.254,146.8,200.84,5.700,143.4
70.93,2.217,165.3,16.18,2.615,765.8
52.14,6.785,502.6,19.44,1.049,1336.0
19.46,4.982,209.5,22.74,0.963,184.2
152.86,4.602,67.6,17.69,2.301,633.0
35.66,2.337,56.4,20.12,2.824,42.7
30.11,1.189,1208.2,170.69,6.025,210.8
135.14,3.362,447.8,110.34,2.963,553.0
17.67,3.225,752.6,37.92,0.946,409.1
120.82,2.235,97.4,27.76,2.790,310.5
42.07,1.610,430.2,15.34,2.676,1020.8
46.52,3.042,40.4,48.94,5.308,76.9
30.91,2.304,3197.0,134.20,2.204,710.0
28.28,2.331,265.8,28.87,3.118,241.6
27.26,2.958,721.6,35.36,2.903,536.8
97.99,2.501,172.2,24.11,2.222,698.0
23.62,2.064,1045.3,75.24,3.453,332.3
48.25,3.189,269.0,24.03,3.762,381.8
10.27,1.222,158.2,190.91,2.942,28.1
92.87,7.491,256.7,64.49,0.925,319.6
132.64,8.307,57.7,22.47,2.398,371.3
24.92,2.362,259.7,22.04,3.335,258.7
120.74,5.099,76.7,44.67,1.376,137.1
18.87,4.294,141.7,9.33,1.758,310.3
46.09,2.884,99.8,19.09,2.484,317.2
18.55,3.284,1427.4,29.23,2.210,958.4
117.53,5.678,261.9,13.94,2.478,2049.6
8.37,2.184,2073.6,25.77,2.764,644.2
287.63,4.174,46.8,8.36,0.883,432.4
270.29,5.284,61.5,27.75,2.195,49.6
23.03,2.838,495.6,133.91,4.740,98.7
109.67,3.318,288.1,147.94,3.196,193.6
16.06,2.859,309.4,35.03,3.728,187.3
50.96,2.263,356.4,72.00,4.746,234.2
60.06,4.775,472.5,27.68,1.452,953.0
48.82,2.748,712.4,162.06,3.163,160.3
55.29,1.677,14.6,24.50,2.823,69.4
22.44,2.270,360.9,73.04,3.086,147.7
137.42,3.629,789.7,171.06,3.079,614.3
36.52,3.045,671.3,48.53,2.464,486.3
72.51,3.188,69.1,16.91,1.864,15.6
86.27,1.888,126.8,31.33,3.019,474.1
85.40,4.278,40.0,80.98,1.542,65.3
160.18,3.949,76.7,30.84,1.872,283.1
14.64,3.218,151.3,58.22,4.047,71.2
70.45,8.629,97.4,16.29,0.972,475.4
199.51,4.779,2131.2,258.05,11.024,1618.5
74.13,1.186,1320.9,259.20,6.942,377.3
10.88,1.884,1482.7,50.63,3.102,290.3
41.60,2.515,923.2,93.48,4.763,365.7
64.26,2.954,158.3,67.72,2.734,104.3
116.39,2.487,1241.8,81.24,3.559,1662.9
17.14,1.149,2766.7,108.34,8.956,456.3
46.12,1.276,121.1,41.14,4.081,94.9
384.20,5.921,579.6,131.93,5.173,1678.4
30.53,2.456,51.7,12.87,2.575,84.1
66.04,1.017,922.4,58.21,4.412,1045.4
19.32,1.438,565.4,293.43,4.991,20.1
29.14,1.088,512.0,14.69,3.245,911.3
135.99,4.734,87.3,110.10,5.402,127.2
75.85,4.047,10.9,41.13,2.000,111.1
218.23,6.436,157.1,45.49,1.255,700.4
20.77,2.761,165.6,47.11,1.833,49.5
35.13,2.625,30.9,8.85,2.136,31.8
21.99,2.339,823.2,26.68,3.095,661.3
41.39,2.606,158.8,76.56,3.092,91.7
201.73,6.311,21.1,25.51,1.292,120.9
16.49,1.430,3206.8,371.20,7.015,138.2
89.07,4.286,661.4,28.03,1.994,2037.9
121.38,5.208,583.7,296.03,5.413,218.4
253.22,6.080,28.6,10.36,0.854,859.1
72.44,7.016,91.4,18.15,0.933,358.3
14.21,2.537,223.3,28.28,3.253,134.0
24.94,3.223,457.8,70.73,3.058,147.5
127.38,5.900,273.2,130.51,5.620,250.6
75.58,3.080,81.9,58.28,3.301,95.2
10.57,1.551,125.3,72.91,4.319,22.4
36.90,4.592,152.1,20.64,1.475,387.4
10.07,1.539,531.6,50.87,4.647,143.6
48.27,2.944,492.7,94.29,2.757,250.5
33.91,2.047,1783.7,160.27,3.150,391.0
127.96,4.657,31.4,132.46,3.395,39.0
68.32,4.819,376.6,109.11,1.835,192.5
75.10,3.802,136.1,31.29,3.615,333.4
91.42,3.210,508.0,46.23,2.516,954.1
275.04,5.262,231.1,33.31,1.420,1759.7
10.06,1.139,136.9,154.86,3.731,24.3
124.06,6.644,745.0,47.64,0.773,1847.5
120.17,3.317,206.3,141.10,3.116,228.8
16.88,2.618,177.5,35.73,5.449,92.3
7.49,1.389,172.4,25.90,5.173,38.2
39.24,2.534,589.5,65.80,3.982,327.7
278.80,6.443,69.4,34.95,1.457,504.7
34.97,1.540,511.3,165.69,4.372,129.9
41.11,0.634,132.8,13.76,3.215,422.1
11.64,1.963,272.4,53.94,2.628,128.8
93.71,5.368,87.4,14.36,1.545,288.8
24.99,2.058,1070.1,186.48,3.065,138.2
29.83,2.924,928.7,21.44,2.928,1208.2
15.50,2.455,80.5,15.38,3.126,96.8
156.09,4.821,104.5,31.17,1.448,503.3
108.78,6.975,578.6,67.32,1.660,1030.2
9.95,2.190,840.2,14.58,3.552,570.3
33.35,7.783,116.7,13.18,2.598,232.6
25.93,1.897,659.4,56.06,4.091,340.5
29.42,3.857,223.9,53.13,3.211,139.1
25.36,3.399,1112.3,52.78,0.923,560.1
35.24,3.135,1542.2,75.87,1.382,705.8
34.43,7.592,257.4,28.68,1.884,308.5
32.32,4.572,1375.6,71.89,5.341,619.3
64.88,1.920,134.8,13.99,2.509,665.2
9.46,2.083,63.9,50.19,2.521,66.1
58.65,4.284,541.9,40.38,1.758,836.8
22.38,3.798,1455.8,12.03,1.916,2773.7
18.31,1.312,89.9,17.35,3.976,111.1
82.00,3.924,289.7,34.93,3.186,786.8
21.80,2.343,156.9,62.05,2.636,47.4
27.89,4.693,470.1,53.11,4.156,267.0
72.57,5.496,222.1,11.37,1.347,1301.3
36.36,2.535,1025.3,160.89,4.182,239.2
138.70,8.009,422.0,10.50,1.870,5671.6
27.73,3.105,1468.5,52.11,1.513,785.4
95.55,6.038,443.7,25.60,1.175,1680.8
33.06,4.197,86.7,17.70,3.631,160.7
46.09,4.655,318.9,24.56,1.539,546.2
16.93,1.283,2606.5,175.17,5.146,244.7
12.34,2.909,199.6,26.99,1.552,111.3
169.38,4.353,884.3,161.04,4.421,923.3
23.83,1.619,1273.6,311.59,4.329,96.5
66.22,3.506,261.3,7.67,1.426,2143.1
43.34,5.369,220.7,21.11,1.823,409.7
32.07,1.107,399.1,77.06,5.651,132.0
50.02,5.618,27.2,65.79,2.666,23.5
17.70,2.041,207.3,61.29,2.965,38.1
282.17,4.474,1036.7,291.74,6.509,1000.8
48.02,3.072,383.5,97.21,3.926,179.8
202.17,3.125,20.9,39.44,2.962,154.7
76.96,3.114,1252.3,149.05,8.382,642.8
24.79,3.976,736.5,32.38,1.376,599.5
61.65,3.632,1082.9,98.17,3.507,673.2
137.23,4.849,304.0,41.68,1.911,1050.8
26.03,2.904,1028.4,53.22,1.736,493.9
16.14,2.320,1103.8,57.22,2.570,302.4
48.59,1.792,133.7,35.72,3.370,106.9
60.98,4.429,335.4,32.12,2.740,642.0
10.58,0.886,336.4,25.86,6.482,154.7
12.73,1.178,471.2,176.39,4.747,47.0
20.70,2.331,439.5,22.04,3.235,466.9
112.25,3.644,186.6,20.15,1.978,958.5
20.02,1.668,780.1,48.88,4.380,282.1
64.85,3.889,498.1,79.38,1.787,376.9
72.09,2.707,131.1,170.54,5.260,50.6
95.94,4.574,12.4,33.80,1.808,19.7
26.15,1.588,539.9,15.57,3.271,1001.3
27.62,3.704,214.8,26.34,2.306,277.4
178.13,4.106,301.0,82.47,2.486,596.0
14.82,1.650,143.3,41.09,4.361,54.6
8.09,1.775,864.0,80.49,2.673,81.9
9.92,2.257,1273.5,71.67,4.019,174.1
12.39,1.957,1497.0,14.14,3.571,1315.5
59.85,4.131,307.1,21.28,3.210,852.3
72.10,4.100,189.1,16.33,1.626,850.1
8.01,1.409,438.2,70.09,4.807,87.4
47.01,0.816,182.6,15.63,2.839,455.0
58.39,3.915,493.6,174.81,9.004,192.7
17.07,3.891,80.2,11.00,2.246,119.6
25.69,0.718,102.1,101.53,9.054,12.6
235.29,5.055,168.0,13.18,0.989,2799.7
25.17,0.685,356.7,39.06,5.737,234.6
163.22,5.314,52.3,31.43,1.876,279.4
53.55,5.927,98.7,11.34,2.322,362.5
46.68,4.374,25.1,19.06,2.275,25.9
25.55,3.959,24.7,27.11,4.116,33.7
29.20,3.593,80.8,22.32,2.803,123.7
64.13,9.369,630.5,148.48,15.471,297.8
43.89,2.460,87.1,208.22,3.272,44.5
27.66,4.456,184.6,12.92,1.594,329.4
62.46,3.416,201.6,10.28,1.611,1301.4
146.09,2.690,685.1,56.30,2.905,1801.1
30.73,5.256,399.0,17.29,2.188,677.0
30.23,4.773,123.5,32.65,0.659,185.1
59.58,5.804,113.4,160.14,6.851,69.8
75.08,4.670,664.7,23.75,4.044,2109.1
55.26,4.649,551.6,121.20,3.708,217.0
29.30,4.527,378.7,22.55,1.215,535.2
109.85,4.132,546.3,155.62,4.742,392.4
10.10,1.410,1411.5,38.30,5.102,387.3
50.66,2.870,41.8,51.14,5.847,99.0
129.80,6.445,373.2,35.71,1.039,1396.5
85.07,5.506,416.8,50.57,4.516,732.7
74.24,3.870,1169.8,195.60,3.774,433.8
31.88,1.184,325.1,116.34,6.159,95.9
6.79,1.512,786.4,69.39,2.252,56.9
9.96,2.576,810.8,29.96,1.633,269.4
93.16,4.014,213.2,130.36,1.797,139.9
17.60,1.890,49.3,28.70,3.787,45.6
11.19,1.978,221.2,14.26,3.624,119.1
246.41,7.252,52.6,36.15,2.233,281.5
8.95,1.163,528.6,100.91,5.322,34.8
23.85,3.288,250.9,24.74,2.223,203.2
22.46,3.528,338.9,21.68,2.266,389.2
29.91,3.766,291.8,40.87,1.806,202.1
71.33,2.831,309.6,115.09,3.076,189.6
35.79,2.453,1414.1,90.08,3.011,555.5
16.14,1.431,52.3,63.09,5.908,36.3
30.92,5.238,736.7,11.00,1.576,2044.5
103.55,7.089,13.9,90.00,3.358,67.6
20.90,2.286,260.6,13.08,2.807,450.2
49.38,0.868,285.9,34.35,3.961,420.8
20.82,1.544,526.6,115.96,4.078,82.6
55.60,2.872,485.8,31.93,3.143,911.1
48.50,2.917,513.0,132.49,2.864,194.5
93.64,1.586,190.9,84.54,4.502,216.9
44.59,4.492,269.5,46.02,3.671,274.4
251.93,3.760,473.4,127.42,3.502,982.0
54.14,2.659,492.4,7.30,1.860,3476.8
55.54,7.167,166.2,14.92,2.247,570.6
205.33,5.129,989.2,65.41,1.633,3232.8
44.24,1.202,417.0,8.16,2.074,2209.9
21.13,1.948,314.2,21.91,3.894,271.2
29.96,3.629,369.7,24.71,1.931,453.7
43.36,3.018,480.8,23.05,2.406,890.4
55.03,3.395,292.2,51.79,2.486,262.2
32.88,3.273,450.7,53.97,1.588,279.2
16.98,3.144,324.3,11.82,2.308,492.8
50.01,0.910,252.1,10.05,2.287,794.5
122.51,5.569,108.9,77.60,7.151,192.0
46.78,2.866,537.5,38.22,2.617,647.3
46.35,5.230,43.4,18.31,3.149,69.5
12.70,1.556,114.0,97.71,3.148,53.2
20.36,3.366,2215.4,80.77,3.282,530.9
31.28,2.433,1337.0,110.56,3.793,366.2
90.12,1.418,227.4,70.51,4.160,277.7
139.75,4.078,220.7,98.27,2.134,306.9
40.84,2.717,1422.7,116.21,3.234,498.2
10.88,2.702,377.3,18.15,2.440,195.6
9.98,1.100,1378.7,207.09,4.479,49.3
30.46,1.852,115.2,50.84,4.434,70.6
223.31,8.184,893.2,271.85,6.108,730.5
9.06,2.077,163.7,15.09,3.842,95.6
35.54,3.705,111.9,41.07,3.360,92.8
370.26,8.245,61.1,15.87,1.399,960.8
92.43,5.355,23.2,42.63,2.785,28.7
22.36,3.414,451.5,46.31,3.210,190.4
198.12,5.024,23.8,19.20,2.148,538.3
50.34,2.391,279.5,78.34,5.248,162.7
210.55,3.268,57.0,7.95,1.060,1303.6
10.68,2.223,328.7,51.41,2.023,49.3
37.33,1.206,18.6,18.78,3.207,30.8
49.14,4.515,245.3,66.78,5.817,203.3
118.27,4.922,383.9,71.19,1.298,608.7
130.79,2.320,62.6,130.27,4.847,74.8
74.45,3.483,422.3,11.07,2.375,2576.5
70.73,5.062,473.0,8.01,1.342,4258.7
22.91,3.362,313.0,46.04,3.536,149.6
94.09,5.587,329.5,27.24,2.700,1063.9
30.82,3.311,443.6,93.20,1.663,120.8
15.84,2.062,352.2,59.76,5.111,101.5
17.00,2.558,52.5,17.18,3.862,35.3
78.18,3.211,449.7,186.31,4.011,144.2
89.12,2.330,883.9,47.00,3.293,1639.4
215.22,5.374,487.8,207.54,4.994,520.3
36.86,2.183,861.6,33.15,3.276,914.7
27.00,1.637,884.2,23.24,3.632,1035.7
224.43,6.115,118.2,17.04,1.197,1329.9
49.85,4.086,295.7,90.41,1.391,61.0
17.74,1.579,151.6,40.68,5.607,91.8
28.70,4.967,1129.9,9.89,2.022,3257.5
25.15,3.731,674.9,21.94,4.285,832.9
45.36,2.271,111.4,13.86,3.429,342.5
67.06,3.280,101.7,60.91,5.833,119.7
55.48,8.094,35.4,8.76,0.942,43.5
26.13,2.086,1206.5,43.47,3.602,702.3
131.91,4.876,199.5,100.30,7.301,217.4
12.37,2.296,1378.8,41.36,3.229,400.3
64.45,2.634,156.2,74.61,3.101,176.7
140.11,6.802,168.2,26.44,1.061,912.2
62.69,2.267,1133.5,474.83,8.455,148.0
36.14,2.187,94.3,21.16,3.081,249.6
383.53,7.826,527.9,239.78,5.047,911.8
32.17,1.661,758.4,19.05,3.185,1238.8
23.05,2.546,855.2,10.51,2.698,1899.9
71.31,2.501,3763.2,172.86,3.872,1570.8
33.32,3.495,326.0,35.80,1.866,258.5
13.71,1.353,422.7,28.67,4.945,226.6
29.82,2.750,60.5,22.50,3.168,38.7
11.87,2.103,232.6,66.62,1.702,114.9
62.53,1.102,70.3,22.77,2.890,220.4
13.30,3.455,585.7,51.53,5.061,138.2
30.58,2.143,416.5,16.87,2.843,705.5
21.49,2.007,701.9,68.56,3.568,152.8
190.68,3.848,25.9,17.44,1.418,437.3
37.61,4.351,344.2,12.62,2.214,977.6
30.45,1.855,772.7,17.02,3.942,1382.3
72.34,5.092,138.6,10.63,2.258,683.4
95.14,6.176,393.0,28.47,2.732,1167.8
10.14,2.114,706.3,36.11,3.135,248.4
10.67,2.036,575.5,24.76,4.257,272.2
26.19,4.716,190.3,60.18,10.581,82.8
107.76,2.903,308.5,199.49,4.842,165.5
49.12,1.373,141.3,61.72,4.413,89.8
34.80,4.195,121.7,16.16,1.905,231.9
32.54,2.917,484.4,13.77,2.393,1119.5
51.22,4.374,2405.4,84.51,1.616,1425.3
12.40,1.078,1142.4,139.48,7.658,116.7
16.57,2.393,123.7,14.30,3.607,161.8
42.62,3.326,366.2,145.73,2.880,123.3
10.75,1.912,794.5,104.44,5.398,83.2
98.57,2.426,56.0,25.08,2.824,272.2
25.24,4.425,721.4,20.22,1.253,916.6
32.42,3.854,108.8,73.59,16.692,59.4
49.41,2.682,371.4,105.96,4.782,176.2
107.78,3.330,37.2,9.72,1.613,118.9
192.21,5.944,66.9,168.26,3.720,117.0
111.40,5.062,18.4,34.73,1.444,173.5
136.25,3.423,85.1,7.71,1.088,1993.6
12.88,1.878,126.7,42.84,3.710,73.8
68.83,3.673,616.0,123.89,2.632,347.7
21.69,3.916,1094.7,45.73,1.482,511.3
35.32,1.613,638.0,76.93,4.436,271.2
8.03,1.857,1407.3,19.77,3.894,578.3
633.63,10.330,74.8,35.86,0.688,1327.1
144.96,3.367,696.3,43.35,3.235,2332.5
180.63,2.776,711.9,213.47,5.123,627.3
176.22,5.884,9.7,30.46,1.587,52.9
94.09,4.539,29.5,62.98,2.527,70.4
16.92,1.128,3344.5,203.67,5.094,281.2
40.40,3.613,212.0,32.77,3.577,189.8
53.36,4.922,33.0,6.81,1.628,189.7
188.79,3.840,103.6,21.86,1.805,834.4
192.55,5.385,183.0,42.97,2.570,830.7
60.91,5.433,159.0,38.53,3.876,211.3
71.19,1.349,971.9,214.65,5.718,331.8
213.13,3.166,121.7,70.63,2.976,222.2
62.68,3.726,1107.9,78.27,1.521,901.4
45.17,1.286,750.5,179.50,10.709,202.0
18.73,2.571,382.8,197.14,9.820,31.3
106.02,4.869,415.4,63.86,1.324,698.9
21.17,3.186,426.9,42.51,1.948,225.0
32.36,3.442,150.5,50.48,3.215,104.2
15.22,2.469,219.3,17.84,2.913,254.7
21.06,1.991,243.1,167.83,3.103,49.9
27.89,3.709,40.2,10.81,2.059,144.7
24.28,2.956,461.2,108.46,1.958,98.5
29.46,6.253,209.0,10.13,1.651,641.7
15.76,2.536,544.8,21.68,3.234,429.5
86.24,1.465,619.0,77.44,3.955,672.7
129.92,4.891,63.0,29.75,1.747,153.5
36.81,6.931,61.5,10.73,1.467,281.4
10.38,1.029,202.5,318.67,7.664,19.6
13.98,1.733,5094.3,81.23,4.918,857.0
65.87,2.639,324.4,88.12,3.578,252.3
64.95,3.834,193.6,18.80,2.880,568.7
13.21,1.366,1264.8,22.53,4.772,707.8
113.33,1.781,1167.9,213.86,5.766,612.1
27.60,2.982,6.3,99.19,4.023,25.4
51.03,1.887,395.0,115.61,3.989,157.9
59.98,5.220,37.3,84.24,1.694,23.9
63.01,4.624,19.2,12.78,3.304,14.2
250.10,5.783,531.1,433.24,16.150,294.5
164.36,4.431,459.8,61.72,2.465,1198.4
161.45,3.606,209.3,18.86,1.481,1884.9
11.44,1.266,1135.9,71.76,5.689,163.9
32.78,1.704,608.9,48.46,4.001,533.1
63.84,3.250,561.9,246.20,4.360,144.3
83.11,9.432,34.3,8.42,1.334,71.4
161.62,4.134,148.6,40.01,2.458,797.3
82.82,3.649,242.4,46.04,2.170,387.5
87.74,4.352,939.5,65.54,2.869,1224.1
44.32,5.702,135.0,35.78,0.926,215.1
454.03,9.673,24.2,57.43,1.997,53.6
37.32,1.321,941.0,85.56,10.320,439.8
172.21,5.838,134.5,51.63,1.933,397.5
8.26,1.677,201.2,54.40,2.803,47.5
48.19,2.649,51.4,107.16,3.593,37.2
15.19,1.100,305.8,48.74,6.316,102.9
75.87,3.614,601.4,205.96,4.400,215.1
214.02,3.142,53.2,70.27,2.913,201.1
39.27,2.610,59.5,13.50,2.410,210.3
48.94,2.834,1694.6,171.61,9.094,467.7
62.28,2.166,190.8,215.79,6.574,48.7
17.39,3.793,197.7,20.67,2.118,164.4
32.46,2.959,138.1,113.95,4.784,64.1
150.18,4.170,574.7,104.60,3.009,809.0
40.07,1.458,578.2,12.43,3.160,1777.4
6.56,1.552,2819.0,61.42,2.271,286.4
42.22,0.779,46.5,51.94,5.029,34.6
17.79,1.270,512.8,30.92,5.458,291.7
12.22,1.440,977.8,84.00,4.824,148.0
15.58,2.343,737.4,20.60,3.098,633.7
27.57,2.033,15.7,29.33,3.551,51.7
49.20,1.782,942.2,37.70,5.782,1128.9
173.99,4.175,148.5,11.82,1.635,2981.5
62.46,2.936,848.8,261.31,5.031,220.5
11.33,3.007,90.2,13.12,2.336,104.4
264.36,6.086,74.6,241.90,5.259,49.6
103.56,6.618,501.5,14.85,1.164,3726.7
88.23,1.533,222.8,30.77,3.167,755.3
20.54,1.500,469.4,45.12,4.655,203.8
18.39,1.061,550.4,121.89,6.797,67.1
402.53,12.233,123.2,777.91,17.757,58.3
18.38,2.397,241.2,77.92,4.717,75.3
207.80,7.136,1861.3,396.53,7.945,992.7
10.48,2.329,1064.0,18.99,3.031,584.4
72.69,2.885,238.4,12.99,1.751,1114.9
33.12,5.141,210.6,15.00,1.443,449.1
17.09,2.154,175.9,95.37,3.552,56.2
69.27,2.463,105.9,62.91,3.827,88.3
24.00,3.536,459.7,21.83,1.896,466.6
24.94,4.071,173.7,11.09,1.955,424.8
8.19,1.939,856.2,56.86,1.440,218.9
23.62,1.672,972.5,32.40,4.073,707.6
15.00,3.959,1160.7,8.52,1.818,1988.9
103.73,3.880,59.1,151.41,4.279,37.9
214.92,7.173,140.3,14.56,1.219,2006.1
79.64,1.983,620.5,73.46,3.504,611.6
21.04,4.326,393.1,40.67,4.908,227.4
17.62,2.199,373.8,57.75,2.649,51.5
70.90,5.507,483.9,102.16,4.148,347.2
17.44,1.932,378.7,17.09,3.421,414.8
59.96,3.978,80.0,55.00,1.620,65.7
15.36,1.163,2163.3,48.50,5.911,653.9
10.12,2.533,199.0,12.43,2.872,126.9
26.73,5.580,472.7,18.37,2.091,650.8
72.12,5.666,224.9,40.23,5.550,446.6
37.72,1.362,2256.4,166.54,5.263,520.5
6.13,1.334,61.1,65.45,3.251,10.6
116.70,7.283,779.1,35.09,2.102,2706.0
31.01,1.696,903.3,20.06,3.267,1253.2
8.41,1.575,584.2,64.45,6.136,108.4
47.31,1.938,247.5,17.10,2.638,656.6
150.17,11.667,47.8,40.26,5.184,202.4
795.88,26.578,94.6,106.12,3.744,937.5
84.41,3.355,346.6,36.67,2.882,769.7
70.30,1.702,254.2,7.62,1.613,2352.5
12.14,1.259,400.2,18.39,4.762,299.3
59.67,2.769,46.3,18.55,2.920,139.6
75.00,2.239,737.0,83.43,3.692,662.1
30.34,3.265,158.6,45.85,2.790,125.3
282.69,4.488,145.0,78.65,2.479,489.4
77.26,2.294,208.2,54.07,5.966,358.0
65.32,4.165,13.5,16.20,1.675,241.8
16.12,1.684,944.0,48.34,5.108,309.3
46.39,6.465,144.5,26.63,6.086,209.9
13.03,1.210,3179.5,211.79,3.753,228.9
172.76,3.747,71.3,33.12,2.499,361.4
74.17,2.394,784.8,14.99,2.108,3843.0
56.07,1.600,95.8,99.18,5.793,57.6
38.21,3.247,159.6,14.97,2.969,392.9
40.18,4.721,198.9,74.27,2.324,158.4
107.25,8.571,300.4,56.74,1.382,590.2
92.93,8.229,333.4,11.62,1.933,2606.1
32.51,5.327,295.6,36.55,1.368,372.5
93.85,9.887,652.5,62.46,2.369,969.5
11.07,1.664,1691.1,78.39,5.767,244.6
53.62,3.224,130.1,6.23,1.558,1010.0
89.34,3.529,1345.9,64.32,2.586,1869.7
45.46,2.386,1299.2,110.79,3.957,517.0
17.30,1.649,258.0,49.38,4.451,87.8
53.45,3.390,414.8,41.32,3.274,532.5
85.92,4.625,985.7,53.10,2.143,1629.4
53.84,1.238,580.3,24.53,3.051,1285.9
23.53,2.785,331.3,11.43,2.386,634.1
162.21,5.519,255.8,84.00,2.306,501.3
29.82,3.237,137.4,23.62,4.497,136.8
127.25,2.594,21.9,20.29,2.521,140.2
98.27,4.600,707.5,93.92,1.885,784.2
21.75,2.886,950.6,31.72,2.339,668.7
99.62,3.656,33.2,62.98,2.270,48.4
142.60,7.329,57.1,74.44,1.778,37.2
44.84,2.092,678.3,40.19,3.271,748.4
116.34,3.449,112.2,112.84,2.724,156.3
44.63,7.192,523.4,26.49,4.292,824.8
12.51,2.136,198.3,62.41,1.476,32.5
9.44,1.809,730.6,57.87,3.232,133.1
113.43,4.141,41.5,23.79,2.373,35.8
32.95,2.110,1302.5,34.06,3.327,1261.9
96.15,10.271,43.5,15.99,2.827,121.5
22.96,2.114,478.9,47.09,5.864,230.0
67.55,3.890,291.2,7.58,1.378,2612.5
26.09,2.234,213.9,23.63,3.148,265.7
38.00,3.004,452.9,13.75,2.976,1367.8
31.21,3.264,78.6,7.52,1.914,326.2
20.32,2.427,275.9,73.95,2.735,54.7
111.13,1.663,44.6,120.63,4.657,90.4
30.86,4.017,394.8,30.47,2.048,371.4
47.64,3.006,64.4,39.00,3.500,59.9
9.69,2.398,4536.6,40.58,4.880,1094.4
46.80,4.051,17.4,10.20,2.098,114.0
34.41,1.971,19.0,30.22,3.293,61.4
67.22,5.317,1167.5,154.81,6.705,536.5
63.37,5.600,1034.5,56.54,1.290,1138.5
13.37,2.483,345.0,47.55,3.832,145.1
22.59,2.830,935.7,39.17,3.244,499.6
31.98,1.848,1489.4,227.56,5.029,196.3
14.78,3.832,31.4,9.24,1.862,61.6
49.11,10.198,73.6,12.24,2.550,194.1
35.78,4.201,926.6,28.36,1.443,1027.7
21.91,4.161,4100.7,90.56,9.079,974.7
36.18,1.794,386.1,37.89,4.593,385.3
136.03,18.530,378.1,178.93,28.984,295.0
57.15,2.505,160.7,74.54,4.642,156.1
25.32,2.229,244.9,15.07,3.316,335.7
17.66,2.150,99.5,26.03,3.357,25.2
186.82,6.148,119.1,12.62,1.040,1338.9
26.91,2.102,102.2,174.46,6.436,35.5
87.63,15.589,38.2,24.08,3.345,76.6
45.50,3.801,390.8,29.16,3.370,647.8
58.84,4.800,38.7,8.40,1.339,33.3
28.47,5.514,1761.9,45.01,10.220,1135.9
12.32,1.649,624.3,192.35,6.555,42.4
34.39,0.947,1343.1,350.72,7.468,119.7
78.68,2.913,3.3,22.39,2.381,39.6
21.58,2.041,3269.9,47.00,8.675,1507.5
83.26,3.483,23.3,50.67,5.326,46.9
15.83,2.654,253.7,26.79,2.651,153.5
74.04,2.171,87.3,125.27,4.183,21.4
98.70,6.389,298.9,45.87,1.161,611.2
25.03,3.155,169.3,14.30,3.206,184.2
19.77,4.260,498.1,30.69,1.302,296.8
24.43,2.560,626.7,63.78,3.174,239.3
29.14,6.707,97.1,8.74,1.537,320.9
90.56,7.976,84.8,42.85,6.287,142.6
38.06,2.746,965.2,75.50,2.756,421.2
38.97,2.248,115.5,27.26,3.897,147.0
90.54,5.873,185.9,11.37,2.473,1479.1
8.84,1.716,727.1,80.43,3.446,57.0
29.46,4.605,67.1,7.00,1.594,369.3
121.86,1.834,295.8,8.11,1.363,4505.3
26.61,3.296,1009.8,38.50,1.844,749.9
18.34,3.307,117.7,63.71,3.859,44.6
15.87,1.453,985.5,97.69,5.581,188.0
32.43,4.670,67.0,51.06,3.749,34.9
29.81,3.374,70.5,16.28,2.306,65.5
34.16,3.170,391.4,59.71,2.511,251.4
31.84,1.721,104.8,49.43,4.044,82.3
22.48,2.334,1165.9,24.06,3.266,1063.2
7.22,0.930,2167.5,164.76,4.430,67.5
61.72,1.741,179.3,10.30,1.969,984.8
115.09,4.403,45.7,46.48,1.903,226.4
183.13,4.501,293.1,70.54,1.981,698.7
21.39,3.878,96.3,10.54,2.052,219.5
25.08,1.107,211.0,171.40,6.474,56.0
190.32,6.765,116.4,76.41,2.386,296.0
289.42,16.353,276.8,32.62,2.413,2382.5
24.16,5.139,598.7,19.01,3.442,656.4
13.08,2.267,116.6,13.98,3.131,104.6
24.31,1.076,465.3,596.49,10.297,14.2
33.81,2.459,926.1,25.16,3.099,1209.0
33.16,3.462,37.7,8.12,1.841,57.9
15.99,1.392,344.0,100.72,5.363,75.3
185.44,5.111,214.5,79.38,3.754,516.9
24.40,0.679,571.2,71.26,10.237,228.6
64.68,5.151,124.5,78.40,1.923,57.9
46.86,1.992,195.7,81.76,3.659,171.8
11.27,1.532,597.0,67.72,6.299,118.8
89.69,5.532,35.5,28.02,1.369,170.2
21.67,3.327,1181.7,42.11,1.931,563.6
36.60,1.187,1732.6,100.60,7.752,627.1
124.26,11.931,135.6,9.96,1.930,1688.2
27.38,3.372,509.1,31.62,1.874,390.9
38.42,3.310,650.6,18.91,2.890,1242.3
44.31,1.109,689.2,85.23,5.567,326.0
13.11,1.693,57.2,36.75,4.380,36.8
32.72,3.558,514.6,29.33,2.996,605.1
7.12,0.587,226.6,57.10,13.964,30.8
119.82,1.974,34.5,245.60,5.398,41.5
51.01,3.019,544.5,82.75,4.702,360.3
24.19,0.976,1945.2,178.93,7.427,283.8
217.84,5.968,475.8,41.53,2.145,2428.7
7.52,1.349,483.7,46.96,5.420,99.0
28.18,1.390,253.3,41.33,4.481,209.3
23.90,2.387,187.4,11.72,2.599,439.3
51.89,2.070,58.8,12.43,2.286,240.4
12.07,1.342,3377.6,258.55,6.798,135.7
49.10,1.726,473.1,12.58,2.295,1901.0
83.91,6.579,792.3,84.44,1.899,856.4
15.09,1.893,176.5,17.74,3.655,125.7
173.04,3.855,113.1,12.09,1.190,1842.7
14.82,3.315,376.0,20.21,1.897,402.8
9.97,2.049,127.8,33.34,6.196,66.6
43.89,1.735,708.5,72.17,4.111,429.6
32.49,4.977,148.4,13.83,2.239,335.1
36.67,5.303,804.6,38.91,3.743,781.4
28.64,4.766,459.7,7.08,1.676,1785.7
37.96,4.318,29.0,24.68,4.546,50.0
202.56,6.491,74.1,109.66,2.298,187.6
34.73,4.503,151.7,45.34,2.630,85.2
33.24,3.293,964.4,54.45,10.424,568.6
12.59,2.249,212.0,59.45,2.526,28.7
17.18,3.631,112.5,67.87,5.384,48.8
31.87,2.263,609.4,34.22,3.604,576.1
50.61,2.469,167.8,152.40,4.137,9.2
99.06,4.719,1104.0,111.50,1.670,949.1
31.13,1.394,23.4,74.09,6.415,9.8
61.76,5.042,11.7,33.69,1.682,67.6
95.85,2.610,65.1,89.73,3.962,36.0
64.00,1.032,34.0,12.92,2.531,248.4
135.08,5.611,75.9,48.35,1.529,211.3
9.54,0.409,3692.2,777.37,14.596,49.2
176.47,5.103,1109.5,55.34,1.435,3540.1
57.53,3.370,301.1,26.59,2.458,624.4
39.81,5.528,135.1,35.43,1.287,166.1
228.21,9.212,906.4,45.37,3.829,4669.7
51.28,2.142,66.5,42.73,3.286,36.1
24.77,3.427,1359.7,35.05,1.754,949.0
89.17,3.888,138.1,18.38,2.196,706.4
6.57,0.759,140.9,182.14,8.496,16.2
122.80,2.462,1082.3,63.34,3.124,2070.3
36.13,4.175,619.1,22.45,1.634,949.7
85.11,5.301,2088.4,282.93,7.857,637.3
21.22,2.352,181.0,42.62,4.285,68.7
11.46,2.051,2030.2,48.86,5.033,443.3
109.45,7.035,179.7,19.36,2.717,838.5
12.41,2.334,819.1,71.30,3.367,168.9
36.49,3.983,1891.2,9.15,1.734,7646.5
535.19,14.535,36.6,21.95,0.505,1137.6
33.73,3.110,943.3,21.18,2.314,1467.5
48.99,0.922,62.8,8.68,2.079,98.9
96.84,5.540,355.5,51.77,3.908,605.2
25.02,3.302,109.6,11.94,2.524,253.1
16.17,2.661,322.3,57.24,2.184,95.2
45.31,1.438,33.4,29.93,3.707,41.6
107.47,9.783,45.6,53.67,2.346,190.1
603.02,9.395,292.1,221.30,4.016,833.4
23.70,3.439,2152.8,28.16,2.082,1799.4
32.82,6.907,61.7,13.90,1.395,162.8
18.49,1.357,872.8,108.33,5.039,138.5
107.40,5.901,137.1,48.43,1.126,351.4
124.73,2.882,30.3,110.65,4.294,25.1
91.72,1.454,421.5,70.98,4.243,541.7
136.21,6.353,365.1,21.65,3.077,2265.5
70.24,3.575,33.9,218.81,2.959,26.5
15.82,3.326,108.4,63.66,5.547,39.0
22.20,2.006,85.3,44.59,4.142,17.6
100.28,7.874,241.9,74.31,4.581,390.4
54.47,5.275,390.7,6.79,1.419,3137.7
91.03,2.147,471.2,74.27,5.680,518.0
199.83,17.827,308.8,23.15,0.376,2617.7
41.32,4.594,922.8,27.72,2.268,1413.2
128.85,2.158,613.2,472.62,8.373,157.4
129.69,1.868,144.3,71.66,3.869,257.9
20.66,1.612,836.9,78.43,4.360,222.9
110.39,3.358,36.5,8.71,1.240,654.5
19.98,3.893,812.3,8.54,1.857,1759.3
65.32,4.324,371.7,62.34,1.660,396.7
13.79,2.833,2335.7,23.07,5.165,1419.4
28.09,3.749,1204.1,72.87,3.698,490.8
103.45,4.066,396.9,92.06,1.545,371.8
33.99,4.428,137.9,76.29,1.986,52.8
29.08,1.251,615.2,51.99,5.563,382.4
49.00,1.736,110.2,181.72,5.602,57.4
66.69,5.329,31.8,65.39,1.016,28.7
195.59,4.947,125.4,66.17,4.541,200.0
22.25,2.670,1083.3,81.35,6.139,273.7
93.70,5.024,177.3,21.55,2.152,831.8
25.26,2.284,302.2,116.96,1.799,45.4
54.43,1.605,920.5,198.50,8.001,202.7
370.82,14.692,11.3,30.17,2.692,531.8
142.70,4.775,59.9,34.39,2.182,146.7
17.23,0.641,4121.7,163.82,11.790,486.7
200.06,8.543,49.4,171.90,2.396,54.7
58.39,5.885,119.6,8.38,1.333,661.1
7.09,1.007,452.2,139.51,3.863,34.8
20.85,2.151,261.1,72.98,2.896,55.5
129.97,2.279,1423.5,132.02,4.219,1399.9
158.35,3.542,164.2,22.08,2.416,1212.2
32.15,3.631,45.7,83.10,2.210,9.1
15.21,1.007,3953.1,258.35,5.237,244.9
39.66,4.689,84.3,8.05,1.669,469.5
58.84,3.660,265.8,71.20,1.833,301.3
8.53,1.400,236.8,27.88,5.292,42.3
58.28,4.180,165.6,30.19,2.028,330.4
62.77,5.828,117.1,86.00,2.055,81.6
47.44,1.442,137.5,150.29,4.980,16.1
21.72,1.436,2544.4,83.17,6.104,668.8
36.44,2.479,1024.3,67.60,4.806,555.6
38.79,3.152,488.6,94.40,3.698,178.4
35.53,3.392,608.9,20.21,2.178,995.2
20.11,1.898,375.0,12.03,3.000,646.3
15.64,1.840,764.2,110.34,3.460,80.1
28.84,4.667,191.3,7.80,1.526,787.1
65.99,2.515,1273.3,89.32,4.645,945.7
73.59,3.028,190.0,7.20,1.863,1911.6
15.23,3.540,3746.7,24.22,3.589,2342.0
13.00,2.097,155.0,26.42,4.153,114.4
14.72,2.351,242.6,125.03,4.631,58.2
64.80,5.056,116.1,11.60,2.184,481.9
30.59,1.215,646.3,19.79,3.624,1035.2
29.77,2.218,151.5,29.15,3.167,207.2
186.63,6.077,748.8,106.05,2.329,1301.9
25.96,2.298,287.7,61.23,2.961,135.6
337.90,4.963,110.3,7.83,0.767,4005.9
198.44,7.146,1001.9,35.04,1.164,5673.4
41.37,1.147,189.2,57.14,5.438,123.8
161.73,5.815,85.0,86.41,3.543,164.4
23.03,4.045,523.1,67.54,4.518,177.1
51.63,1.860,376.1,157.86,4.699,116.8
43.17,8.041,215.0,16.08,1.350,628.4
13.39,2.333,1151.4,17.97,3.977,792.2
32.44,3.723,144.5,15.06,1.982,441.1
73.27,4.175,11.5,10.73,1.503,187.6
35.82,3.496,433.6,33.05,3.588,474.2
48.56,4.148,30.0,15.06,1.889,14.8
97.50,3.702,407.1,38.67,2.006,950.4
9.72,1.244,620.2,209.07,3.478,58.0
71.10,3.250,903.2,16.57,1.931,3620.0
121.04,6.533,945.6,151.88,6.355,767.6
21.24,3.836,450.7,29.55,2.629,380.2
71.07,2.293,51.5,53.10,4.526,20.7
156.16,10.657,363.2,259.91,12.554,230.9
15.23,1.235,710.3,41.15,5.564,226.0
69.51,2.327,295.3,164.96,4.725,81.0
24.03,1.746,970.5,271.21,10.587,102.6
30.75,2.070,90.6,56.26,3.768,86.4
8.77,1.624,517.8,104.19,2.879,48.5
82.97,6.590,372.8,24.71,1.029,1192.8
80.06,2.384,546.2,64.00,3.955,661.0
24.00,3.560,455.5,23.45,4.144,448.5
38.10,2.014,370.2,59.12,3.760,214.3
16.29,0.812,1033.9,531.29,9.445,35.5
82.91,2.738,1258.7,12.18,2.104,8957.2
97.24,3.891,6.0,68.51,2.114,70.1
20.84,3.697,313.5,13.41,2.535,427.7
16.60,2.210,296.0,62.23,4.046,88.8
11.86,3.076,485.1,11.11,2.507,563.0
44.63,3.932,822.0,51.47,1.415,707.2
39.33,2.322,58.1,20.49,2.906,251.6
59.28,4.887,102.8,80.42,1.750,77.1
60.11,2.371,260.5,61.53,3.199,218.7
25.86,1.671,1063.5,73.61,4.360,365.1
95.56,2.714,686.0,19.57,1.998,3270.0
19.98,5.231,206.0,19.16,2.884,259.3
9.13,2.295,92.1,24.26,2.678,16.0
86.71,4.036,123.5,43.76,2.056,252.7
10.65,1.940,516.5,24.59,4.297,229.7
25.83,2.963,729.4,120.61,3.003,158.6
14.12,1.304,1758.3,120.70,4.601,197.2
26.07,3.937,1119.6,21.55,3.557,1415.7
33.40,3.226,218.0,15.66,2.193,442.0
7.45,1.741,92.3,39.06,3.111,15.1
29.37,1.874,531.4,192.28,5.287,109.2
116.19,4.881,314.0,42.26,1.542,877.7
22.59,2.344,433.1,14.57,2.869,704.6
14.60,2.276,449.9,13.88,3.558,538.7
90.62,7.363,58.2,12.61,1.526,245.4
25.15,3.767,148.2,42.83,1.293,92.9
18.28,2.378,670.9,43.97,2.765,270.3
14.77,3.323,109.0,11.10,2.323,155.0
41.80,3.990,277.2,132.28,3.136,92.9
14.45,2.627,187.9,14.49,3.137,218.8
62.95,3.589,447.6,126.33,2.035,222.7
12.89,2.358,738.3,20.55,3.194,434.0
33.07,4.879,234.0,24.98,2.026,256.4
17.83,2.476,2042.6,46.98,5.674,781.3
72.91,8.701,39.0,34.19,3.049,9.1
43.32,4.041,931.6,57.36,1.238,598.6
177.72,3.711,260.4,15.80,1.458,2859.4
48.79,2.182,2528.2,195.41,17.753,652.9
253.02,15.596,1064.9,99.46,2.931,2798.5
22.30,3.673,268.4,16.74,2.094,333.8
17.98,2.471,406.2,119.36,2.871,61.8
21.34,3.873,146.3,21.45,1.652,102.4
29.34,5.077,1067.2,21.09,2.144,1535.8
43.36,4.764,53.8,108.52,6.207,24.0
83.37,4.363,398.8,521.95,17.611,72.6
144.78,4.702,24.9,24.81,1.590,173.1
201.69,6.098,61.6,34.10,2.617,415.2
10.83,1.805,19.2,22.62,3.980,29.3
36.77,6.723,123.4,9.53,1.434,365.5
30.82,3.490,44.7,16.23,2.054,121.2
124.53,2.532,35.4,19.69,1.983,310.0
28.21,2.657,377.8,186.84,4.009,60.4
24.32,3.744,52.9,27.63,3.535,34.7
32.76,3.334,18.5,46.25,3.898,36.5
117.14,1.669,132.6,81.56,3.946,165.5
143.99,6.367,11.4,14.80,1.076,18.2
27.25,2.320,523.8,34.59,4.949,423.9
99.05,17.804,27.1,26.16,3.168,156.9
132.02,3.161,21.8,54.56,3.545,103.3
37.77,1.372,1750.3,80.79,4.935,794.7
112.75,7.457,46.0,19.63,0.955,295.4
23.69,1.813,623.5,196.98,2.911,68.2
30.99,1.983,486.5,22.32,3.430,742.3
58.86,4.069,45.6,28.98,3.734,55.5
20.23,3.120,203.6,25.24,2.196,147.2
11.73,1.699,1633.2,32.44,4.451,562.3
11.55,1.018,3294.8,215.57,5.316,171.5
141.48,3.735,641.4,315.60,8.662,299.1
24.66,4.134,615.4,71.36,2.909,222.2
44.01,2.846,90.8,41.33,2.779,127.5
22.68,5.336,494.6,26.18,0.471,423.3
31.90,4.204,94.2,11.48,1.703,239.6
108.00,5.398,338.8,15.04,1.388,2199.0
138.50,6.855,469.8,81.63,1.568,760.0
10.00,0.906,2940.5,256.66,5.055,125.3
113.92,10.190,177.1,20.18,3.852,882.9
50.02,3.600,397.9,21.36,2.542,967.0
59.99,6.807,186.7,10.08,1.167,956.5
17.95,2.643,668.6,20.97,3.390,590.2
15.91,1.579,1804.7,88.36,3.902,331.6
117.00,6.674,124.3,119.37,1.676,60.6
46.25,1.769,55.7,18.36,2.715,288.1
42.48,4.768,28.6,29.91,1.703,104.3
117.89,1.945,45.9,72.01,3.793,108.4
95.40,2.793,270.2,330.43,6.287,81.9
64.72,4.024,959.2,61.24,4.511,984.1
370.01,6.586,403.5,272.58,9.439,506.9
87.87,3.009,498.6,6.96,1.341,6673.6
8.49,1.594,2890.1,118.13,2.505,258.0
42.01,4.074,690.5,101.95,2.966,304.2
37.43,2.743,951.7,126.41,1.914,304.3
69.28,3.232,645.1,47.42,2.403,970.6
19.19,4.165,103.8,33.91,5.768,48.4
419.10,12.562,27.2,25.22,0.636,753.4
45.47,2.630,852.4,287.54,4.436,157.4
46.03,1.851,257.4,123.77,4.592,84.5
59.34,2.633,180.1,41.22,2.982,249.0
133.42,4.039,67.7,17.04,2.268,901.6
50.32,5.061,58.3,10.13,1.395,222.5
39.50,2.151,96.1,8.32,2.020,458.5
129.50,6.796,94.0,146.35,2.033,48.1
72.12,4.459,491.6,52.63,1.929,657.9
33.07,2.915,764.0,10.68,2.821,2195.4
9.25,2.189,412.5,20.12,3.268,219.8
88.59,7.014,56.2,8.71,1.522,821.7
103.15,3.813,168.8,32.30,3.076,501.3
19.35,2.677,64.9,12.43,3.029,99.6
36.05,2.859,918.3,14.52,2.287,2219.0
60.56,4.447,134.2,7.04,1.306,1089.9
235.66,7.457,487.3,57.27,0.831,1996.7
291.13,4.277,704.1,71.85,3.039,2848.2
7.95,1.546,3698.2,22.96,5.227,1315.5
38.04,3.379,2749.9,65.12,1.654,1690.9
27.05,2.107,699.3,41.17,3.577,481.3
13.73,2.743,1109.2,26.21,4.087,586.5
26.67,2.934,132.3,47.95,2.304,63.2
38.80,1.497,265.1,47.30,4.708,209.2
28.48,1.838,444.9,124.89,4.756,101.8
54.70,3.576,1243.9,41.25,1.962,1624.1
10.23,2.282,1086.7,15.38,3.179,726.4
13.24,2.491,263.9,41.81,2.893,83.8
63.35,1.411,247.0,35.41,3.655,408.8
11.59,1.519,1372.6,51.74,4.574,311.8
62.44,7.336,166.3,9.10,1.947,1113.8
39.92,1.443,300.5,24.25,3.359,553.8
8.99,0.860,494.4,26.57,6.662,165.9
37.74,1.734,1009.6,19.90,3.288,1959.4
78.53,4.317,1248.0,52.54,1.671,1872.4
56.25,1.970,1326.2,120.58,4.982,626.0
100.04,2.031,133.8,174.31,5.349,79.5
87.40,3.065,1863.8,176.25,7.891,944.6
29.04,3.835,530.9,27.55,2.615,582.5
79.84,6.896,1133.8,70.89,4.250,1250.3
35.87,4.972,615.5,52.53,1.390,461.9
20.89,3.370,51.4,9.12,2.102,49.3
11.43,2.577,208.4,31.43,4.276,37.9
9.59,1.330,927.8,37.84,5.602,238.2
100.90,3.004,53.7,55.73,4.145,82.9
48.42,1.372,881.9,54.27,4.151,706.0
14.80,2.959,287.6,23.82,5.322,189.5
54.85,2.195,85.5,7.17,1.873,612.6
37.08,2.810,268.0,77.40,4.248,110.3
201.34,7.031,81.4,51.42,1.114,270.9
145.74,7.451,621.0,69.02,2.500,1335.0
7.87,1.651,517.8,58.87,2.451,88.9
61.08,4.804,53.7,6.23,1.398,187.0
6.49,1.382,2113.5,67.89,3.833,193.8
70.03,3.974,54.6,36.71,2.700,71.3
41.98,1.462,462.3,387.37,9.625,62.7
10.99,1.634,344.4,20.63,5.011,170.2
10.55,1.635,2222.2,36.58,6.488,668.5
31.41,3.254,1066.8,28.31,3.654,1203.4
40.24,1.192,1300.0,26.73,3.673,2002.9
38.07,1.153,550.6,48.56,5.561,421.3
46.39,1.459,1085.3,386.39,7.244,135.0
89.71,1.506,86.9,10.63,2.012,355.5
26.57,1.833,330.4,19.11,3.890,404.8
32.57,5.873,218.2,92.65,9.540,49.8
29.28,1.123,3039.6,340.51,7.158,235.4
50.52,3.836,81.8,70.21,2.907,53.1
42.67,4.705,60.6,11.84,1.527,321.1
16.31,2.513,1084.6,60.46,3.081,260.8
133.96,4.593,429.6,34.63,1.925,1829.9
47.30,1.561,1281.9,186.43,4.991,330.5
128.24,5.527,593.7,72.06,1.155,969.5
12.65,2.350,135.2,66.01,2.712,9.6
117.63,12.287,752.3,27.73,5.191,3172.9
44.34,2.689,130.8,85.62,6.868,78.6
14.54,2.849,1324.5,22.97,2.266,838.8
124.05,3.760,64.2,24.40,1.709,26.8
53.29,1.556,175.1,77.69,7.969,55.1
7.15,1.153,689.7,80.91,8.253,43.7
91.03,5.859,198.5,32.08,2.624,447.1
122.91,4.063,222.3,90.78,2.039,315.2
37.36,1.984,789.0,33.92,3.351,920.5
45.75,4.021,215.2,35.52,2.632,249.6
15.34,1.344,1404.8,148.33,4.192,163.2
20.77,0.841,299.1,110.54,7.907,85.0
48.20,4.183,1800.9,123.11,4.208,728.2
205.33,7.629,970.8,161.78,2.354,1241.3
41.44,3.337,369.3,128.68,2.797,152.9
36.72,2.071,448.5,63.48,3.602,283.5
14.69,3.722,458.3,8.67,1.928,722.8
8.17,1.266,3473.0,62.28,5.435,466.1
68.72,4.145,119.9,6.59,1.569,1096.2
51.14,2.123,333.2,106.43,7.687,143.6
36.48,1.413,703.9,303.23,6.947,105.9
12.56,1.740,1992.3,149.72,6.043,153.0
153.26,6.093,207.8,25.81,3.069,1150.3
62.13,2.003,653.6,548.95,12.100,105.9
239.13,8.498,92.9,115.52,3.870,189.9
256.24,5.255,66.7,19.52,1.272,1020.8
8.79,1.346,3066.1,109.37,4.869,221.2
9.57,2.140,742.5,55.77,6.777,136.1
12.03,1.613,2237.6,37.39,6.053,741.4
32.03,3.620,176.6,35.43,2.797,197.1
19.19,2.818,1559.0,58.63,2.613,522.0
27.39,2.848,60.2,10.87,2.271,252.7
34.55,3.462,272.0,30.29,4.364,312.4
138.96,6.045,204.6,58.23,1.226,560.0
332.50,5.254,56.2,51.20,2.690,146.1
30.65,4.010,2312.4,58.53,2.753,1216.0
40.02,2.857,962.8,183.78,2.586,218.6
46.12,3.004,1002.8,31.64,2.509,1426.4
73.78,3.898,1070.6,63.39,3.953,1258.7
68.30,3.600,1255.5,187.73,5.480,439.2
31.06,1.452,1059.1,55.17,4.692,582.2
39.53,2.497,271.7,38.02,3.584,274.1
79.30,3.435,410.6,42.46,3.114,771.8
26.01,4.881,59.8,61.68,8.927,36.1
6.46,1.575,810.5,26.57,4.596,221.2
104.97,3.140,29.7,48.37,4.987,9.6
25.15,2.508,1289.8,51.28,2.967,578.6
89.86,3.433,801.2,91.50,5.784,786.8
17.80,2.532,396.0,25.21,2.917,297.1
86.24,2.682,64.6,55.47,3.656,211.1
31.40,1.310,128.5,78.49,5.205,26.5
10.61,2.484,1113.5,21.11,3.722,600.4
31.96,3.787,12.1,27.93,3.822,33.4
39.70,2.167,240.4,35.28,4.292,235.5
137.71,8.457,611.9,51.25,1.170,1650.5
9.30,1.238,1972.8,39.49,7.965,442.8
26.86,5.372,44.9,15.15,1.551,1.4
73.70,4.224,297.8,81.87,1.473,269.4
36.85,6.426,69.9,21.86,4.353,67.4
52.76,4.060,35.2,34.77,1.691,52.9
63.90,2.250,804.0,78.99,4.316,691.9
55.25,1.677,815.6,187.19,5.758,237.5
37.14,2.141,868.6,66.54,3.563,508.9
47.53,3.064,36.0,52.79,3.462,71.4
126.47,4.158,813.6,60.26,1.785,1644.9
106.02,3.433,412.6,23.43,1.802,1690.1
90.20,3.066,64.1,21.72,3.173,308.9
124.57,3.733,241.1,30.69,2.200,895.1
56.15,5.632,43.5,12.81,2.925,220.5
96.49,7.086,131.7,116.21,5.586,69.7
26.23,2.393,537.6,21.81,3.241,679.8
63.79,1.126,969.1,122.07,5.899,550.1
52.60,1.853,114.5,59.97,4.026,121.5
64.84,6.307,6160.7,851.79,85.980,475.1
11.87,2.196,1307.7,28.79,3.153,531.7
16.73,1.614,253.5,80.76,3.983,34.3
53.16,1.637,621.4,117.58,4.599,280.3
25.14,2.887,473.7,12.23,2.466,938.3
104.26,5.017,190.8,36.91,1.500,572.8
20.83,0.896,17.7,37.58,5.655,18.9
11.60,2.637,1305.8,38.34,0.980,359.5
14.91,1.803,621.3,63.74,3.644,187.6
433.58,6.903,165.3,78.76,2.294,906.1
94.55,6.953,325.9,14.75,3.125,2237.6
6.58,1.511,1663.4,42.18,6.248,291.3
8.84,1.910,2906.4,64.73,2.057,395.4
125.94,1.974,137.0,22.92,2.182,744.7
16.79,3.881,2594.8,37.55,1.965,1141.9
36.09,5.465,353.9,25.96,2.787,479.0
103.39,3.824,520.6,21.78,1.835,2582.1
35.98,3.436,413.2,44.57,2.399,341.3
20.42,2.543,405.3,26.55,2.840,362.7
156.60,6.115,39.3,127.85,3.617,54.7
92.25,6.381,85.1,52.05,1.110,221.8
34.52,2.825,4812.9,164.27,4.067,984.4
12.80,1.374,2312.1,40.36,5.210,727.7
56.52,3.967,759.0,107.67,3.705,406.7
30.30,1.070,618.7,45.27,5.558,363.5
78.65,2.693,910.0,96.20,3.538,783.1
86.80,6.818,45.0,33.41,0.940,116.5
109.51,1.672,1489.9,639.00,15.951,205.0
54.74,5.693,216.9,17.23,2.137,676.3
76.70,1.837,1522.2,57.95,4.729,2021.3
19.75,1.309,1432.9,65.57,5.634,377.0
20.85,2.427,194.2,14.37,3.107,260.4
101.60,2.661,27.9,10.69,1.500,95.6
17.55,3.831,620.8,30.83,1.038,360.7
49.44,5.114,816.5,16.65,1.518,2435.1
20.97,4.078,219.1,18.04,1.833,245.1
37.41,3.114,480.1,81.23,1.176,259.4
117.68,5.694,10.1,9.40,1.096,123.9
27.90,3.874,190.2,51.46,1.802,115.1
8.98,1.158,2302.1,47.58,6.672,431.3
97.40,7.985,1282.3,92.41,2.429,1357.9
57.60,3.594,219.0,8.13,1.504,1671.3
17.99,1.169,1872.1,87.39,6.154,381.2
16.22,4.165,482.6,36.12,2.116,252.1
92.69,8.849,68.0,15.59,3.250,523.5
15.85,2.378,49.5,65.98,1.553,50.8
78.55,4.248,193.0,16.58,1.865,731.9
136.95,3.738,27.5,12.45,1.345,37.8
8.99,0.992,1178.1,81.59,10.868,121.4
118.08,2.935,245.6,71.92,3.256,375.3
37.18,1.742,163.0,24.32,3.523,293.0
427.66,7.682,70.6,18.17,0.941,1764.1
10.02,1.018,39.3,232.38,4.158,8.4
27.39,0.407,285.7,32.03,5.333,295.8
54.88,4.817,89.1,84.82,1.713,25.7
28.16,2.545,850.4,48.60,3.161,491.0
12.19,1.737,633.3,42.48,4.010,151.5
13.32,1.844,327.2,54.70,3.718,43.0
134.40,1.934,709.1,44.64,2.768,2247.2
43.63,0.939,92.9,23.47,4.395,109.8
18.49,1.708,165.6,29.30,4.049,100.6
308.87,10.682,266.8,210.38,3.270,429.8
7.32,1.459,707.8,119.16,2.452,46.3
246.15,4.765,1340.9,253.51,5.612,1344.2
47.41,0.977,354.5,9.21,2.436,1754.9
7.63,1.687,83.5,43.93,3.372,38.9
34.12,7.067,91.4,10.01,2.496,279.5
183.26,6.287,217.4,40.15,1.188,942.0
125.67,4.108,120.4,19.52,2.174,673.5
9.64,2.378,247.0,29.15,5.236,82.5
12.85,2.749,976.2,94.26,5.942,169.8
38.06,4.632,73.8,23.68,2.018,110.9
50.43,6.274,484.8,23.04,0.815,954.5
138.59,4.254,198.0,50.11,2.418,581.7
73.51,3.280,90.5,12.64,1.675,433.7
95.16,5.908,556.4,284.03,9.765,192.4
57.55,1.639,1039.4,69.80,4.412,886.8
11.68,2.123,799.9,36.98,3.472,253.5
35.35,1.869,990.4,173.38,3.797,187.5
146.77,8.923,278.3,35.37,0.662,1074.9
54.55,1.909,1150.7,29.25,3.051,2107.8
13.88,2.983,477.8,20.27,3.334,260.3
17.25,2.066,3599.3,109.03,2.049,506.2
39.76,2.506,76.8,38.82,3.343,75.0
16.68,3.540,168.9,21.51,3.028,167.7
88.81,9.121,486.0,12.30,0.841,3369.2
77.51,3.992,128.4,47.62,4.206,248.7
35.82,2.267,3216.9,422.90,10.992,283.1
15.71,2.031,359.7,17.03,3.955,375.9
302.48,6.690,212.8,51.67,1.073,1207.9
122.68,3.646,1808.2,243.39,4.287,900.5
93.33,3.521,108.8,13.56,1.764,632.9
104.08,2.202,568.8,337.96,12.654,168.6
31.21,2.088,62.5,20.37,3.102,35.4
61.69,4.804,508.3,11.75,1.425,2619.2
392.32,5.971,401.6,18.21,1.426,8339.6
41.64,3.501,152.3,9.75,1.809,716.9
12.13,2.757,194.0,34.27,1.800,66.0
35.55,1.506,1376.9,18.28,4.259,2642.0
137.60,4.410,590.5,86.28,2.557,898.0
20.35,1.697,2751.9,296.77,7.878,188.5
137.21,2.952,18.0,47.28,3.007,41.5
172.53,5.994,537.3,139.16,3.776,672.6
181.23,12.351,354.0,23.02,2.937,2605.0
26.01,3.724,182.4,47.33,2.817,94.8
298.15,7.263,193.7,142.47,3.040,394.0
134.88,4.834,74.4,112.82,2.288,54.3
59.39,3.839,22.2,85.10,1.204,17.1
19.18,3.345,697.6,29.57,1.588,462.3
40.25,1.833,591.8,45.22,6.761,568.3
7.87,1.589,371.6,25.69,5.621,135.0
55.06,2.747,519.0,11.23,2.082,2622.5
23.48,3.753,190.5,11.65,1.917,353.5
186.68,4.804,305.3,165.01,7.787,292.3
36.16,0.942,445.3,53.67,5.368,227.1
94.81,4.524,77.9,34.39,2.290,224.1
30.98,4.353,247.5,31.91,1.064,292.4
203.71,9.142,90.1,19.91,1.504,1059.5
81.57,6.249,340.8,22.90,1.503,1106.8
28.75,1.910,776.8,224.06,8.422,98.1
20.84,4.607,453.0,9.36,1.829,1049.2
229.68,8.182,372.7,54.70,0.870,1532.0
35.60,2.813,264.5,86.14,4.775,102.6
87.23,5.810,708.4,29.97,1.151,2089.3
15.96,3.191,94.6,30.78,2.449,54.5
43.01,1.727,141.4,78.77,4.098,120.0
86.13,3.221,12.8,18.71,2.755,37.4
32.49,3.032,2121.6,129.27,2.997,499.6
28.84,5.195,426.8,15.08,1.586,847.8
71.76,4.254,106.6,64.13,3.347,109.8
143.55,5.372,23.0,39.93,2.152,31.6
20.35,4.177,2501.2,49.95,2.048,964.9
127.96,4.286,129.8,21.12,2.712,765.8
25.23,3.318,181.4,31.34,2.007,148.2
93.70,3.030,1276.0,97.30,3.591,1271.4
168.38,5.792,349.5,146.13,4.990,411.2
19.25,2.922,1295.0,22.94,3.110,1081.6
83.15,2.161,293.7,123.93,4.198,179.0
77.61,5.884,248.3,26.81,1.123,775.2
18.73,4.861,489.0,13.65,1.167,664.6
43.57,5.015,2261.6,70.02,2.680,1406.6
35.84,3.721,240.8,11.76,2.080,685.5
14.13,2.346,158.2,18.86,4.447,119.1
26.73,0.512,62.5,36.71,5.573,25.2
41.79,2.239,772.4,54.14,3.719,619.6
14.83,2.885,37.6,22.64,5.552,27.7
14.19,2.076,220.5,56.85,3.852,54.8
46.89,3.689,38.2,10.98,1.766,75.4
59.16,3.473,343.0,18.93,2.987,996.3
210.24,4.643,97.9,24.38,1.341,930.7
34.26,6.068,127.7,29.27,2.153,129.5
51.96,4.217,179.6,88.45,2.215,113.9
15.56,2.149,2480.0,70.74,2.780,541.3
55.66,3.612,113.6,15.86,2.720,451.5
94.94,1.610,877.0,204.20,10.538,384.2
77.64,3.398,631.0,43.42,3.929,1136.3
38.40,5.234,488.9,47.98,1.819,378.7
56.32,1.816,185.2,60.45,3.702,186.7
12.24,0.928,1498.9,102.68,11.772,176.4
38.77,1.297,701.3,20.10,3.195,1328.2
63.23,4.314,953.7,37.89,1.587,1626.5
64.11,4.966,494.2,81.72,3.951,363.5
11.58,2.246,1969.5,48.18,2.598,492.1
15.26,2.828,783.5,17.97,2.612,673.4
46.95,7.437,800.7,27.77,0.767,1292.7
142.07,5.268,358.5,49.63,1.779,1172.3
579.12,14.850,182.9,56.49,2.252,1911.1
84.49,9.347,272.8,23.06,4.071,929.4
63.43,4.652,245.7,100.11,5.231,112.4
13.82,3.223,370.4,27.98,1.595,209.7
97.98,3.592,337.1,81.35,6.373,359.8
29.93,1.637,2497.8,304.09,4.894,246.6
43.43,3.857,4776.8,151.28,3.564,1344.9
51.93,2.550,576.0,8.65,2.097,3546.8
28.75,3.362,503.3,44.01,1.929,297.9
239.87,5.539,76.7,16.98,1.666,205.7
27.93,6.490,149.3,10.61,0.942,358.2
46.04,4.917,306.7,9.04,1.756,1574.6
23.68,3.145,231.8,15.49,2.633,283.8
24.86,2.514,736.8,25.55,3.939,758.8
33.06,5.646,126.9,34.62,0.504,270.9
21.98,3.455,635.7,52.68,1.385,301.0
95.53,3.151,657.6,39.83,2.720,1492.8
7.80,1.632,1215.7,28.79,5.039,318.6
72.92,6.207,141.0,13.17,2.334,416.1
72.31,6.620,43.9,18.08,1.805,296.6
38.50,5.440,277.1,48.35,0.912,262.6
93.70,5.796,478.5,46.29,1.803,1000.2
10.98,2.712,1438.8,73.41,9.493,207.7
11.61,1.814,263.4,25.83,4.521,135.4
237.62,5.610,37.6,132.62,3.055,64.5
34.87,2.611,514.3,93.76,7.301,188.7
29.45,1.793,557.5,134.98,3.945,103.6
194.60,10.343,455.8,45.68,3.285,1908.2
37.81,3.611,1608.6,74.48,9.726,830.9
31.62,1.234,162.7,29.80,6.034,140.1
25.15,2.831,1462.9,43.27,2.918,774.5
28.75,1.954,290.8,24.95,3.466,328.8
16.09,1.658,460.7,37.34,4.322,145.5
19.69,4.056,293.5,36.44,0.651,186.0
79.95,5.703,746.9,27.89,1.490,2205.1
51.58,5.242,267.3,14.64,2.278,1057.9
79.99,3.314,211.9,18.39,1.810,918.1
26.93,3.505,209.5,40.23,1.317,123.6
281.37,7.209,1029.8,367.45,4.981,771.2
11.09,2.735,432.5,16.04,3.567,268.8
20.21,3.861,1163.5,10.51,2.053,2276.8
21.26,3.665,475.0,15.18,1.933,693.2
43.37,4.428,504.4,35.43,1.526,624.7
8.97,2.347,2364.1,47.62,6.743,455.5
93.38,2.830,1107.9,24.31,2.394,4217.7
12.83,1.804,367.2,73.33,6.625,79.0
56.13,2.755,116.3,144.58,3.101,31.3
16.93,1.870,1844.4,41.24,4.254,778.2
54.88,3.780,98.0,49.78,2.536,116.5
19.81,4.258,845.8,22.20,2.157,759.0
96.27,7.874,47.8,16.29,1.178,504.6
32.37,6.229,1197.7,13.75,2.913,2834.9
54.38,2.480,244.2,172.08,4.085,85.2
7.06,0.906,3498.6,229.55,6.101,125.9
24.66,3.145,385.9,31.10,2.881,321.0
17.84,2.019,115.3,29.12,4.084,78.3
121.28,5.619,257.1,16.15,1.594,1670.9
70.93,4.262,113.2,56.16,1.453,132.9
152.99,4.358,72.8,76.96,1.874,110.5
88.90,3.838,48.8,20.80,1.940,47.6
155.75,3.198,247.6,209.30,4.791,175.2
153.25,6.945,216.7,23.23,1.092,1256.9
80.16,1.418,14.3,74.80,3.862,75.5
88.77,4.086,355.2,66.03,2.623,470.1
52.50,1.443,563.7,36.47,3.466,854.0
43.61,2.162,222.9,22.74,3.350,318.2
74.26,4.119,313.1,104.18,1.419,228.1
37.29,4.654,924.9,10.04,1.939,3337.4
30.66,4.021,435.3,41.96,1.403,316.7
10.13,1.744,463.6,25.42,4.126,172.8
202.25,11.405,50.5,159.95,4.783,117.4
27.45,4.029,330.9,24.58,4.790,358.0
204.32,7.134,154.8,32.26,1.075,1037.5
45.96,3.937,46.6,9.28,1.612,318.8
12.24,3.024,411.7,28.69,4.582,145.9
89.86,9.358,574.7,15.13,1.554,3382.0
14.65,2.646,477.5,16.34,3.339,446.4
117.97,4.395,12.7,86.82,3.497,25.6
15.79,2.752,81.2,45.05,2.227,24.1
60.06,1.396,919.6,146.05,5.053,385.5
20.06,1.651,347.9,126.27,4.471,51.0
22.35,4.832,136.1,10.02,1.635,363.1
73.34,6.788,433.9,29.62,0.797,1142.6
25.91,4.213,1173.6,30.27,4.222,1016.8
60.47,3.896,35.9,30.32,1.898,49.8
17.30,3.430,3502.1,56.42,2.558,1049.1
49.18,1.269,1522.3,154.91,5.909,431.5
7.01,1.638,142.7,18.92,4.806,69.7
29.26,3.906,72.7,22.13,1.804,106.0
37.75,3.004,525.3,14.31,2.770,1299.9
17.75,2.007,1263.5,17.00,3.366,1333.9
60.17,4.018,414.9,30.40,2.490,813.9
55.83,1.851,336.5,160.98,5.350,135.4
69.41,5.318,1070.3,239.34,8.420,323.9
17.35,2.861,941.6,25.22,3.362,697.9
7.28,1.751,1168.9,33.41,3.863,310.3
239.35,3.330,202.0,13.32,1.344,3037.1
42.14,1.579,184.6,11.86,2.732,646.0
288.72,13.016,677.4,86.50,1.974,2156.1
19.93,4.288,67.5,76.79,6.554,41.9
61.35,2.651,296.1,40.46,3.704,378.8
80.61,1.623,426.4,53.71,3.631,658.0
70.74,3.108,204.1,27.27,3.780,596.1
45.81,1.360,383.2,104.45,5.577,212.9
47.94,3.753,113.1,30.99,2.091,163.3
8.68,2.096,2053.5,23.21,4.220,737.0
19.45,2.257,85.0,18.10,3.839,33.1
15.77,3.776,255.9,14.82,2.110,239.5
24.68,4.818,1305.2,73.99,6.182,437.2
431.23,7.446,20.9,46.53,1.154,111.6
10.20,1.388,249.8,63.56,6.406,52.4
23.40,4.268,829.0,38.78,1.910,464.9
158.18,3.796,53.6,23.88,1.565,337.0
139.41,4.013,399.6,80.00,2.238,763.6
129.93,4.208,860.8,44.39,2.151,2524.8
25.57,1.182,1719.5,65.21,5.811,676.7
78.44,3.821,946.4,59.62,2.278,1199.7
446.28,10.521,363.2,60.98,2.647,2863.7
38.26,3.908,33.3,15.27,1.833,157.5
14.84,2.168,293.4,52.95,4.839,64.4
13.69,0.997,63.5,71.62,7.686,31.4
13.10,2.803,108.6,18.37,3.181,102.2
9.95,1.690,1139.8,71.43,2.931,133.9
23.34,4.631,474.3,101.50,15.785,101.3
14.81,3.313,309.3,10.63,2.249,455.3
46.16,4.493,907.1,91.46,1.599,475.3
46.45,4.022,148.4,13.70,1.874,596.9
22.17,3.348,339.6,15.95,3.287,490.8
27.51,1.388,433.8,225.07,6.946,44.1
118.16,3.805,173.2,44.40,1.992,408.1
54.43,2.259,73.8,130.52,4.261,35.2
74.91,3.455,56.3,20.53,2.506,60.7
9.29,2.083,166.3,14.69,3.668,93.4
40.70,3.831,1275.7,41.39,3.366,1263.8
14.22,1.662,67.4,14.04,3.682,39.8
203.76,3.802,140.3,12.43,1.167,2330.3
22.81,2.000,79.2,58.55,3.461,20.7
30.05,4.567,560.2,21.85,3.704,790.8
7.53,1.932,693.5,15.76,3.713,320.3
49.23,3.525,135.6,47.38,1.888,151.0
65.40,2.914,395.6,108.00,6.368,250.3
97.15,5.559,127.4,37.01,1.275,371.0
8.42,1.455,928.3,122.05,1.788,97.0
118.21,3.854,737.1,36.04,2.414,2427.2
26.19,3.495,258.9,17.22,3.409,391.6
24.18,1.876,585.3,83.08,4.277,174.8
148.58,8.221,35.5,11.20,1.729,191.8
43.72,4.095,121.8,93.92,11.515,53.2
78.34,3.171,147.2,157.58,3.406,43.4
135.68,2.565,24.4,34.37,2.487,96.8
15.13,2.502,721.8,54.55,5.776,180.3
48.49,1.627,60.3,70.81,4.193,73.4
54.72,1.713,611.7,119.87,4.296,313.4
214.17,5.610,11.1,23.09,2.077,72.7
388.11,6.708,85.0,129.21,2.415,408.7
12.41,1.080,364.3,157.25,11.942,42.7
10.74,1.400,267.6,174.30,9.311,12.7
24.50,2.348,634.1,43.80,3.463,389.6
103.56,5.431,28.9,85.92,1.996,57.8
8.42,1.000,1407.6,39.47,8.604,323.9
9.04,2.232,53.6,38.13,1.568,55.3
24.62,4.262,594.8,51.55,6.961,261.0
22.47,0.559,67.0,17.71,4.395,57.4
12.21,2.188,792.9,15.21,3.285,629.2
37.91,5.434,7.1,11.50,1.604,74.2
127.40,6.685,142.9,103.00,1.641,163.2
29.70,1.070,37.9,246.22,7.583,28.8
18.86,2.699,1710.6,77.53,4.552,436.1
7.31,1.691,207.7,23.73,4.292,76.0
125.85,3.912,18.0,11.38,1.255,60.5
103.88,3.770,409.3,76.01,2.802,523.8
95.70,2.668,45.4,7.47,1.418,41.6
38.68,2.886,2144.6,220.38,5.510,345.7
21.84,4.682,200.2,10.63,1.607,413.0
30.85,2.412,1023.0,59.04,5.361,495.3
80.89,2.595,74.4,92.78,4.705,91.2
9.36,1.877,135.9,62.94,2.571,59.9
24.69,2.225,468.1,15.83,2.895,729.4
13.22,3.119,59.4,29.39,2.701,34.0
142.70,5.183,156.2,76.30,2.055,266.7
343.40,12.302,350.2,18.72,1.725,6260.5
118.43,5.921,676.7,56.52,2.252,1317.0
10.88,2.462,308.4,16.26,2.933,183.0
32.75,2.853,1451.5,62.25,4.294,735.7
25.29,2.394,46.6,44.77,2.997,31.2
48.08,3.052,485.3,20.15,2.573,1181.3
29.17,1.705,90.4,35.75,3.871,21.4
10.73,1.268,1066.4,109.54,4.748,115.3
293.20,3.968,240.5,13.15,1.279,5848.7
9.62,2.314,49.3,36.43,2.578,39.8
156.09,7.472,536.1,110.64,5.173,762.9
21.70,1.280,973.0,202.02,4.419,74.3
134.66,4.702,81.1,36.85,1.543,276.6
10.81,2.871,3061.0,30.70,3.773,1045.4
110.29,1.690,278.2,28.23,2.584,778.6
65.30,2.997,30.9,9.96,1.656,62.0
8.51,1.146,933.0,73.10,6.175,127.9
54.67,3.054,616.9,108.96,2.554,245.3
51.85,3.243,93.4,59.22,2.666,84.7
59.17,3.465,681.6,84.93,2.666,447.3
39.24,3.505,147.6,120.78,2.225,53.3
15.70,3.577,333.4,18.39,1.721,321.3
73.63,2.276,46.1,7.09,1.800,209.9
46.29,4.875,1079.1,50.30,7.319,993.1
16.25,4.164,333.2,32.58,1.453,177.1
17.67,2.302,20.6,86.54,3.181,22.2
68.28,6.097,450.2,57.78,2.612,515.1
41.94,3.856,320.3,83.55,5.061,181.7
34.03,1.953,869.3,32.50,4.106,968.7
100.76,5.188,34.0,45.85,2.970,76.1
242.56,7.892,157.0,16.61,1.901,2082.0
186.92,3.120,78.7,9.41,1.115,1635.8
149.52,2.404,802.1,65.28,3.132,1845.9
132.50,4.650,11.7,26.51,2.633,116.3
105.96,4.486,80.2,144.80,4.104,78.2
15.10,2.393,48.8,18.54,3.176,43.9
18.18,3.039,322.2,34.39,2.214,246.4
32.84,2.694,79.7,17.85,4.350,156.7
9.04,1.287,4716.1,99.65,5.074,427.5
68.57,7.964,353.5,6.59,0.894,3693.7
114.88,4.809,135.1,48.42,4.483,236.0
282.72,4.738,1459.8,717.57,9.839,590.9
56.51,2.550,25.2,16.02,2.233,13.0
24.40,1.587,512.8,85.83,5.265,130.4
17.57,3.410,166.1,32.65,3.915,110.5
16.36,4.145,56.3,24.73,1.863,92.8
61.77,2.500,970.5,40.87,5.924,1539.5
39.62,1.415,967.7,18.47,3.388,2059.7
104.01,3.277,855.3,123.64,2.848,751.1
92.37,2.028,288.9,40.60,3.867,656.3
28.76,1.879,81.7,176.83,3.734,54.9
14.05,1.038,826.2,424.87,6.134,10.3
72.11,2.457,307.1,45.61,4.232,399.7
32.54,3.479,555.5,65.28,1.268,288.8
17.87,1.872,830.6,114.64,2.744,143.7
42.37,1.137,201.3,30.43,5.283,262.8
33.35,2.076,181.2,128.33,5.215,40.6
52.97,1.890,158.1,55.36,3.567,141.6
24.62,3.127,531.9,90.46,4.195,120.2
25.68,2.120,1087.1,101.29,3.530,280.0
51.61,4.169,1267.2,73.18,1.796,871.7
18.33,1.304,81.2,25.67,5.082,48.8
16.77,2.826,90.4,23.80,5.712,29.1
105.98,7.170,38.3,33.10,0.825,57.8
32.12,2.426,243.5,117.57,2.557,113.0
139.82,2.037,51.6,148.36,4.755,18.7
21.60,4.123,1461.4,16.66,1.656,1935.2
33.67,3.397,1198.1,36.29,2.503,1123.5
49.38,1.397,63.4,128.75,5.476,37.2
159.43,6.210,175.1,33.36,2.620,808.5
129.15,4.801,31.9,17.35,2.425,267.2
147.75,3.765,1289.8,205.73,6.579,941.7
18.17,1.636,492.2,14.12,3.442,614.8
6.15,1.110,387.1,164.91,2.890,9.8
137.82,4.724,600.0,13.64,1.254,6070.4
151.43,6.550,28.3,16.81,2.176,295.9
23.51,5.564,379.8,11.90,1.173,802.0
11.24,2.970,350.3,11.12,2.853,396.6
48.93,1.222,302.2,424.79,9.138,41.3
129.95,4.437,327.4,194.16,3.657,201.8
121.66,4.736,285.8,63.14,2.857,505.0
58.64,4.405,48.3,43.77,1.583,30.8
17.44,2.325,331.3,18.10,3.598,338.8
9.25,1.846,3587.0,70.58,2.027,465.7
171.11,2.508,1848.8,527.33,11.394,634.9
50.71,7.647,338.2,8.43,1.185,2029.8
96.37,9.162,182.4,9.78,1.955,1602.0
87.10,1.273,19.9,44.62,4.053,19.8
249.55,4.413,257.9,109.01,2.953,624.6
76.89,2.154,92.5,307.79,6.291,18.6
39.03,4.158,1166.0,45.21,1.602,1121.0
36.81,2.440,149.6,59.25,4.774,112.1
20.86,2.466,932.6,21.06,4.063,869.7
25.34,1.878,594.7,31.43,3.673,478.7
108.41,5.628,285.7,45.24,1.832,661.8
43.07,3.384,65.9,19.62,3.760,183.6
26.73,3.860,188.1,63.71,1.249,55.3
15.65,3.884,38.6,11.60,2.262,5.7
37.60,2.747,1017.0,27.91,3.487,1434.2
92.15,6.905,172.7,152.41,4.534,76.1
118.88,6.027,203.2,7.87,1.603,2992.1
38.05,1.940,214.5,85.61,3.679,99.1
60.15,5.625,37.9,10.87,2.127,201.6
49.25,1.308,312.5,237.69,7.853,41.1
20.30,3.021,548.4,8.83,2.221,1370.7
11.12,2.164,3356.0,37.31,2.677,1012.1
70.67,5.342,11.9,22.69,1.633,60.2
99.95,5.016,440.2,13.55,2.240,3423.5
123.44,2.534,135.4,184.14,5.914,71.6
9.28,2.113,386.7,58.05,2.585,65.8
41.09,2.398,468.9,117.16,4.281,129.7
61.65,3.790,40.8,43.05,4.866,52.6
57.75,3.031,55.3,23.01,2.524,183.6
72.69,4.643,84.2,7.06,1.304,769.7
34.77,7.171,141.9,45.05,5.740,54.4
57.60,3.814,245.9,23.53,2.260,425.3
73.11,1.623,37.8,263.69,5.567,54.6
20.37,3.033,76.2,30.29,3.298,84.3
134.12,5.246,1594.4,139.46,4.303,1556.8
6.03,0.843,3358.0,40.71,8.229,526.5
55.12,3.553,247.2,48.22,2.007,296.0
29.49,5.986,409.8,27.44,5.248,462.6
52.92,4.226,326.7,32.19,1.771,508.6
24.45,1.020,238.3,25.32,6.095,261.9
43.75,0.891,193.7,38.09,4.311,237.0
101.53,2.884,71.6,36.05,3.105,230.6
89.23,6.265,22.1,17.04,1.233,148.2
25.16,2.373,1257.7,124.44,2.469,247.3
53.82,2.699,167.0,81.35,5.026,98.1
65.27,1.930,111.2,134.09,5.113,7.2
73.59,4.251,293.0,40.22,2.789,582.0
435.75,6.459,74.9,73.44,3.206,504.4
95.56,5.426,59.9,235.30,17.426,28.3
15.30,1.496,1279.4,51.18,5.650,380.6
7.04,1.810,986.6,36.65,3.436,218.6
14.12,2.040,233.4,18.97,3.730,105.4
43.13,2.454,42.3,7.63,1.816,269.0
83.33,10.310,144.6,18.08,4.666,620.2
82.41,2.148,267.6,188.51,4.680,99.7
38.80,2.893,189.7,43.25,2.937,229.3
12.25,2.754,37.0,19.34,3.422,14.4
23.92,2.781,1671.6,131.39,3.440,346.6
24.62,5.755,325.0,49.24,6.440,136.7
217.69,7.860,16.7,28.82,1.043,87.3
12.32,3.262,1320.0,17.46,3.691,887.0
166.76,5.048,117.5,127.33,3.269,129.3
39.88,4.402,438.4,13.68,2.675,1333.9
178.98,3.280,364.3,65.47,2.680,956.6
12.02,0.333,1217.6,89.02,12.111,200.9
54.84,4.030,95.4,32.45,2.058,204.6
42.60,1.864,67.1,25.82,4.566,46.4
9.23,2.212,782.7,85.50,4.363,54.6
46.12,4.038,74.8,20.87,2.051,217.2
348.55,5.878,307.1,133.90,4.248,927.1
32.26,3.731,1152.9,16.01,2.232,2432.0
64.59,9.177,26.6,111.26,13.674,21.7
24.17,2.510,84.7,76.60,1.961,34.5
133.59,9.014,152.4,68.28,2.356,230.1
67.86,3.477,483.3,56.41,2.071,491.7
25.74,2.238,166.8,88.80,3.171,65.3
58.47,3.964,284.0,18.41,1.882,796.5
160.99,5.157,444.3,150.87,5.662,494.2
17.34,3.974,262.5,8.10,1.859,535.4
51.26,0.858,515.7,12.23,2.403,2290.5
21.45,3.392,78.7,27.63,1.713,82.1
9.25,1.581,218.8,154.65,5.161,28.4
155.06,5.399,343.7,22.44,2.794,2401.9
7.96,1.067,1544.3,109.35,5.152,118.0
37.85,7.021,130.4,35.32,1.687,160.0
19.83,4.567,196.6,41.67,2.138,85.9
17.88,2.842,548.1,23.09,5.516,401.8
104.99,4.130,36.4,15.67,1.461,302.0
150.85,3.415,633.9,368.36,5.337,262.7
116.33,3.351,713.2,166.65,5.466,491.0
99.43,2.200,841.4,85.34,4.269,954.4
68.84,4.188,126.3,14.84,1.588,695.3
12.43,2.738,191.7,20.59,5.376,72.9
99.38,3.851,872.6,60.87,1.914,1455.0
188.24,4.253,624.5,178.55,4.634,642.3
69.45,2.473,357.9,34.58,2.869,740.6
91.48,11.535,256.3,10.83,0.477,1994.0
28.08,2.751,626.0,16.44,4.164,1045.0
198.18,4.666,176.3,158.31,3.130,184.0
12.46,2.165,716.3,42.83,3.495,198.9
53.36,3.452,81.5,22.01,2.938,149.6
31.22,2.708,161.9,17.33,2.570,317.0
174.66,14.071,88.4,19.47,1.922,828.8
65.18,3.665,33.6,36.36,2.154,56.9
38.78,4.292,217.4,54.69,3.355,187.6
12.55,2.425,503.5,45.63,1.751,98.0
164.71,5.445,117.6,55.99,4.269,422.9
95.45,2.931,1288.8,69.05,4.883,1812.9
77.24,2.273,90.1,25.39,2.554,397.4
82.83,2.604,100.9,45.52,5.382,267.6
37.78,3.839,64.7,10.66,2.249,300.8
203.94,9.133,164.7,16.60,1.118,1699.6
55.89,3.779,238.5,54.57,1.946,240.0
44.68,2.187,1024.4,240.10,4.029,208.1
9.02,0.739,995.3,243.35,8.461,65.0
15.01,1.210,281.2,115.31,6.675,33.3
20.50,4.242,1046.5,35.64,8.095,644.3
123.98,5.998,26.4,36.43,1.282,36.7
10.63,1.446,2306.0,92.96,3.531,248.8
47.06,4.381,52.1,51.04,0.829,42.2
10.95,2.566,188.9,65.26,3.312,62.3
161.79,9.724,132.5,35.22,2.520,600.6
220.28,3.166,1274.7,206.65,4.907,1361.2
22.45,0.311,1890.9,75.82,8.978,544.9
60.22,3.312,222.8,59.19,2.377,181.0
28.70,3.203,1662.5,106.42,3.416,488.4
85.42,5.245,315.8,109.57,2.485,241.2
37.35,2.422,568.8,81.93,3.605,282.6
49.83,1.772,275.8,9.70,2.075,1562.0
30.71,5.243,44.3,6.29,1.352,226.7
146.26,4.796,426.8,103.28,1.652,603.0
7.01,1.103,2091.1,196.90,3.043,47.2
96.41,1.322,186.2,25.78,2.933,759.6
23.66,4.003,786.5,15.46,1.848,1197.3
86.56,4.343,312.3,11.13,1.519,2400.1
95.20,3.193,102.0,54.73,3.342,186.8
18.65,3.480,311.7,12.03,2.920,513.0
38.05,3.145,45.6,48.17,4.930,18.0
119.61,9.247,203.2,105.09,3.819,212.6
17.48,3.596,235.8,16.43,1.861,278.7
27.48,3.467,1588.9,30.85,3.422,1376.2
191.53,4.001,275.9,56.50,4.084,922.3
216.96,4.958,71.2,9.51,1.011,2123.3
15.76,1.568,500.1,112.22,3.643,70.4
62.61,5.075,81.9,104.40,3.727,26.3
26.07,4.516,509.3,29.00,4.117,447.3
9.56,2.371,360.8,37.70,1.763,134.4
224.38,4.351,182.2,128.97,3.139,289.6
268.52,4.262,37.9,15.28,1.486,85.4
80.65,4.919,952.2,40.43,3.165,1796.2
88.62,5.544,7.9,8.14,1.390,57.1
18.48,2.373,471.9,23.80,3.030,376.6
59.26,4.244,179.6,7.32,1.607,1276.2
78.95,4.155,369.3,60.67,1.559,385.3
60.01,3.770,291.3,44.92,1.982,438.0
86.74,2.562,265.1,122.30,4.118,175.2
61.88,3.986,260.8,32.85,1.904,378.5
15.86,2.353,430.8,82.82,3.724,101.5
15.37,3.939,35.3,11.75,1.723,95.2
44.78,3.222,2104.6,118.23,2.202,763.8
63.05,3.466,2189.7,249.91,23.930,552.5
29.99,3.885,134.2,14.56,2.010,252.6
9.14,1.890,468.2,57.13,2.384,87.6
34.96,1.997,60.0,17.57,2.924,93.4
98.64,4.806,210.4,67.03,1.815,282.2
8.58,1.088,4885.0,235.22,7.224,122.2
66.61,1.006,413.7,35.49,3.595,670.7
166.22,5.592,939.7,84.73,2.059,1745.5
56.01,7.324,1277.8,42.90,6.924,1690.0
140.40,4.109,34.4,11.36,1.203,441.0
46.45,2.975,59.0,34.07,2.570,38.7
19.67,1.144,3642.4,477.42,7.412,144.1
19.15,1.811,2132.6,52.41,3.971,736.0
28.08,2.742,123.2,12.36,2.393,273.7
98.82,7.662,2315.4,105.69,3.626,2124.2
6.07,1.406,808.7,60.63,2.933,70.3
23.43,2.257,145.3,23.99,3.240,131.8
68.96,5.051,187.0,36.05,1.313,312.1
31.42,2.699,138.9,9.24,2.115,415.0
165.05,6.463,126.4,26.01,2.077,808.0
63.13,5.682,63.1,10.71,2.084,611.1
77.32,4.149,283.6,49.59,1.714,426.1
14.12,3.521,277.0,12.76,2.035,405.4
27.78,1.664,496.9,17.70,3.735,742.4
57.83,2.386,833.2,31.21,2.860,1505.3
15.96,3.178,51.8,31.99,3.067,34.7
36.36,1.579,203.7,15.38,3.042,565.9
190.99,5.443,180.1,52.06,3.187,697.5
33.50,3.360,224.1,22.98,2.157,392.3
54.92,3.994,233.2,40.19,1.738,252.8
10.25,1.356,550.8,119.19,3.006,19.0
12.26,1.955,129.3,28.53,4.473,50.0
42.94,2.370,276.0,195.57,3.631,63.0
204.88,5.139,243.1,72.95,3.270,704.1
23.79,3.134,905.1,98.52,3.123,210.8
17.78,3.917,180.9,27.86,3.549,153.2
10.57,1.647,524.7,64.32,4.452,95.0
14.45,3.274,619.9,9.76,2.205,853.8
15.77,2.367,128.6,19.18,3.167,71.9
46.56,9.541,52.5,16.05,1.597,87.5
74.35,1.762,145.2,42.74,3.108,296.4
273.13,8.858,478.3,30.17,2.611,4329.6
27.10,1.723,441.9,36.51,3.907,346.8
21.39,2.260,1539.2,18.82,3.291,1855.8
57.78,2.646,278.8,21.18,2.650,613.0
10.68,1.187,872.4,65.07,6.112,167.4
78.53,5.624,159.3,174.04,4.620,24.8
133.81,4.235,72.7,69.97,2.307,105.4
19.38,4.277,303.2,8.28,1.995,748.1
9.72,2.471,625.6,44.30,1.487,246.5
38.53,4.534,293.2,15.68,2.540,731.6
225.68,4.636,50.8,83.46,2.253,72.2
128.94,4.597,93.8,61.70,2.194,196.6
551.76,8.144,436.0,562.63,9.680,455.6
11.33,2.643,293.3,28.11,4.526,116.0
43.98,2.550,129.0,16.53,2.464,242.1
276.62,3.938,55.9,258.04,5.609,93.4
35.55,2.904,641.9,170.32,3.702,170.3
21.78,1.612,472.8,15.20,3.405,537.8
13.56,3.233,572.1,47.04,7.005,147.8
112.88,3.481,111.4,132.68,2.949,130.1
58.94,2.170,266.0,25.69,3.424,511.1
19.36,4.947,1336.3,40.52,2.894,648.2
33.07,2.493,571.5,167.03,3.965,113.6
39.48,4.064,1319.2,91.56,1.723,577.9
27.29,4.740,203.0,20.98,1.054,294.9
25.08,1.956,1660.9,103.49,6.337,417.1
35.94,3.556,67.0,34.43,2.214,79.7
15.14,2.187,466.8,33.79,3.128,169.1
23.11,1.456,372.6,20.13,4.619,420.9
112.61,3.094,46.3,19.49,1.917,214.9
8.89,1.985,1430.8,15.01,3.659,838.0
47.63,4.127,24.4,27.09,4.191,93.3
53.01,1.821,60.0,25.76,4.340,82.1
84.35,1.344,3828.8,310.44,8.023,1036.3
102.48,3.038,188.5,41.88,2.502,484.1
13.26,2.521,287.0,15.88,2.856,229.3
19.09,2.134,174.4,196.37,4.901,10.2
16.26,3.949,331.3,8.13,1.830,718.0
234.83,4.017,931.4,125.98,4.321,1735.3
122.87,5.236,738.2,280.43,8.639,325.5
245.25,4.265,186.0,8.62,1.131,5003.8
28.97,2.822,1187.8,96.50,1.920,379.1
53.17,1.420,56.8,45.30,4.524,41.5
81.50,3.097,316.7,13.70,1.837,1847.4
84.65,2.593,126.2,11.25,1.948,973.0
105.05,7.472,23.6,7.01,0.894,206.2
78.32,14.953,7.0,26.35,3.039,77.6
15.06,2.168,289.8,26.55,5.736,168.4
321.10,6.651,406.6,236.36,9.232,516.5
48.54,1.949,588.4,33.93,3.122,810.3
8.69,2.152,771.2,39.87,2.000,121.8
17.06,2.897,2142.9,31.47,1.946,1191.6
35.78,1.066,221.6,22.08,4.300,487.2
8.64,2.181,1047.9,40.75,2.624,167.9
83.79,5.446,189.5,29.50,1.558,467.5
36.87,3.736,300.9,33.15,2.893,359.1
12.10,2.022,2957.4,52.41,2.819,684.3
8.20,1.589,823.4,69.93,2.519,108.4
14.32,3.698,1315.7,20.03,1.348,937.7
23.54,2.471,1381.0,55.56,2.844,602.8
18.58,2.046,578.5,29.16,3.571,341.7
93.08,9.255,253.7,105.43,6.431,194.3
40.57,3.257,405.1,14.86,3.830,1021.0
16.05,4.101,537.9,14.72,1.606,559.2
10.17,1.978,511.3,31.70,3.970,178.1
102.31,1.978,391.3,12.05,2.062,3527.4
6.74,1.247,1806.9,57.22,5.146,207.7
101.94,4.003,116.9,7.83,1.424,1449.1
84.75,10.886,555.1,6.55,1.123,7356.6
21.73,3.085,151.7,13.16,2.894,242.6
64.42,3.633,56.5,21.95,2.799,94.0
111.47,6.056,63.8,12.82,1.135,381.2
25.40,1.504,770.5,424.04,7.272,49.2
34.27,1.800,499.5,24.36,5.659,632.0
53.13,2.920,25.9,7.35,1.589,132.5
27.92,5.160,61.7,42.11,1.285,107.5
21.89,1.286,1897.9,86.89,6.667,459.1
26.47,4.082,297.5,11.00,1.775,747.0
90.81,4.269,83.5,396.69,10.033,41.3
7.83,0.745,2648.6,293.14,8.629,74.7
33.37,3.293,413.3,12.99,2.255,1085.9
65.22,1.313,363.0,82.84,4.414,309.2
26.45,3.386,263.3,9.79,2.009,728.1
14.54,3.414,184.2,30.93,0.647,128.1
76.04,8.182,357.9,107.83,8.449,233.1
66.68,3.603,114.9,17.19,1.799,468.1
52.84,3.414,65.7,10.04,2.343,391.6
23.95,1.542,193.6,40.30,5.247,79.5
26.26,4.253,6.6,29.88,1.721,31.6
14.62,2.831,133.6,14.31,3.409,157.2
20.29,1.329,613.0,29.89,5.003,388.2
46.11,2.549,520.5,66.06,4.073,337.5
142.24,5.565,139.8,14.53,1.274,1223.3
93.68,9.766,47.1,27.06,1.974,113.7
12.42,2.922,367.3,9.80,2.466,444.3
20.75,5.393,173.5,30.53,2.789,151.1
115.59,4.698,79.1,116.70,1.692,77.1
22.08,1.546,1470.8,142.79,4.057,253.4
9.37,1.465,2539.7,127.09,2.197,191.7
75.39,3.171,326.5,57.19,2.492,405.6
47.91,2.267,94.3,35.64,3.884,203.9
52.93,6.755,294.2,25.49,1.409,545.4
45.72,5.061,802.5,13.95,1.585,2572.0
11.78,1.625,420.3,147.04,3.165,55.2
23.66,4.079,49.2,20.05,1.844,33.3
19.60,4.934,478.6,10.48,1.948,840.3
71.43,1.321,350.1,181.62,5.251,67.3
32.12,2.808,541.5,51.06,2.851,367.3
38.00,6.709,88.7,25.20,4.533,35.8
74.00,2.137,718.0,361.63,9.241,113.9
18.20,4.446,155.7,34.23,5.735,76.6
51.44,11.129,9.3,6.96,0.509,271.5
24.51,4.057,290.2,30.36,2.866,196.0
15.37,1.868,1195.9,91.28,3.195,191.3
19.61,3.031,719.9,58.62,1.028,174.7
65.11,3.160,418.5,144.00,3.137,186.6
110.31,4.089,205.9,25.08,1.777,875.2
67.74,4.148,622.1,87.68,2.558,485.0
26.92,5.039,473.2,51.05,2.250,291.3
18.89,3.491,185.1,25.17,1.669,92.8
18.78,0.939,1027.0,145.70,7.747,148.5
64.26,5.393,829.7,22.64,2.342,2386.2
387.12,13.337,258.4,41.40,2.626,2454.4
94.37,5.341,247.9,101.87,5.739,214.7
214.82,3.324,964.0,61.85,3.749,3263.5
146.00,5.670,390.9,68.28,1.059,708.3
81.07,2.287,192.6,211.32,4.687,35.9
18.09,3.012,319.9,17.34,3.229,295.2
193.65,4.495,21.6,13.11,1.132,176.1
75.51,1.363,368.4,220.66,5.310,136.4
14.05,3.639,330.8,21.41,1.038,275.1
41.99,0.667,58.5,14.98,3.006,183.6
39.64,6.421,606.5,15.20,0.858,1443.8
40.75,5.007,52.8,28.78,1.610,68.4
10.47,0.978,1812.1,33.84,6.482,571.1
44.35,5.842,748.8,21.81,3.304,1429.9
63.19,2.738,349.3,47.33,2.841,557.3
22.23,1.374,1269.2,179.36,4.131,162.9
34.34,1.839,921.9,219.43,4.976,151.3
78.88,2.476,1918.0,142.56,4.793,1065.0
29.02,1.365,983.6,171.46,6.414,153.3
12.06,2.029,938.2,97.34,1.783,108.7
41.28,3.591,186.7,186.44,10.912,40.0
237.74,5.535,15.4,58.37,2.392,111.5
52.99,2.230,241.7,26.59,2.848,517.7
21.29,3.056,1302.5,58.47,5.297,449.6
19.12,3.091,233.5,19.92,2.377,245.3
40.00,2.947,51.7,33.24,2.571,96.3
26.01,2.028,391.4,36.37,3.593,263.4
70.41,5.358,126.7,103.96,1.486,123.7
27.08,3.098,1264.3,30.06,2.809,1137.4
60.94,6.686,55.2,62.67,2.842,81.7
202.78,4.078,344.1,60.75,2.236,1128.0
35.79,2.052,458.6,28.85,3.611,583.1
8.28,1.742,223.8,39.09,5.493,43.9
41.87,3.370,892.9,28.85,2.571,1323.2
45.58,8.507,167.7,13.87,0.459,523.1
75.09,4.566,31.7,13.39,1.503,35.6
80.40,5.469,122.6,105.23,5.079,130.1
46.74,4.789,1625.9,70.49,3.403,1059.7
32.31,3.992,262.4,49.65,1.020,187.6
48.71,2.292,75.8,34.14,3.001,27.2
313.46,20.904,94.7,314.48,15.831,108.6
9.96,2.023,691.0,52.90,3.170,117.4
38.95,5.517,876.2,45.15,3.682,736.8
42.30,2.975,154.6,7.34,1.710,1063.9
56.10,1.673,244.1,32.14,4.899,439.8
109.43,4.866,39.9,33.18,1.505,133.4
17.16,2.191,157.5,67.91,2.365,40.3
28.56,3.353,379.0,44.54,1.749,238.9
35.30,1.023,1673.3,30.91,4.450,1862.8
34.83,1.932,55.0,16.47,2.803,105.8
25.25,1.415,47.5,110.72,5.906,15.3
20.48,3.411,730.9,19.37,2.400,755.7
37.77,3.883,228.4,23.87,5.734,356.5
26.82,4.507,294.3,22.27,1.209,331.8
92.56,1.385,175.9,42.36,4.229,171.8
55.96,1.876,271.4,20.15,2.928,670.6
36.13,2.280,308.4,114.03,8.244,103.8
99.89,4.442,132.0,15.16,1.440,516.1
49.48,2.503,746.4,125.66,7.444,346.9
30.18,3.793,115.8,16.61,2.157,214.4
30.82,4.128,806.4,61.33,1.981,474.5
35.61,5.316,314.0,17.94,3.720,691.6
35.07,2.803,1590.1,37.93,3.012,1517.4
24.17,2.543,468.3,31.15,3.121,340.5
73.30,2.721,941.4,124.81,3.481,565.0
35.38,2.305,768.6,56.02,3.591,461.3
45.29,2.985,288.5,10.80,2.012,1230.0
28.71,3.429,115.2,22.49,2.185,137.6
11.71,2.338,297.6,41.88,3.891,71.9
195.25,4.604,398.6,23.34,1.301,3254.8
83.80,1.947,77.2,50.19,5.122,93.8
13.32,1.831,603.1,14.04,3.580,564.5
23.64,2.965,325.0,43.96,2.045,145.8
32.60,3.325,371.4,43.77,8.118,259.1
18.53,2.263,33.4,61.37,3.387,14.5
24.58,1.856,689.6,156.09,4.733,110.4
133.19,6.192,22.5,62.66,1.908,21.7
220.60,5.892,322.8,143.29,3.476,501.2
11.72,2.612,675.9,13.77,2.893,587.1
23.20,5.932,99.1,15.87,0.536,203.9
222.89,5.105,57.6,104.62,5.553,119.9
70.19,6.213,773.5,27.16,1.016,2033.2
95.73,10.165,298.9,22.54,1.090,1255.4
92.65,3.707,52.3,141.95,2.495,52.4
14.25,1.501,565.5,178.09,2.430,65.4
28.22,4.354,3307.3,78.77,3.948,1196.3
15.46,0.819,2558.9,304.25,7.611,160.0
58.19,2.722,639.7,25.24,2.745,1476.8
43.89,5.634,54.9,30.90,2.636,90.8
21.46,2.039,873.5,19.23,3.332,992.4
50.61,10.992,151.8,20.93,1.606,392.9
358.31,6.230,51.1,65.95,2.095,198.4
118.60,6.046,355.1,36.26,1.255,1198.1
67.89,6.468,238.4,16.99,1.116,983.0
159.91,4.272,115.5,10.48,1.428,1903.1
25.93,1.516,204.0,94.52,4.771,56.9
12.27,1.943,1380.8,29.06,4.489,555.3
33.19,3.300,419.0,10.45,1.973,1289.8
158.97,3.291,361.0,294.65,7.743,187.1
62.23,2.896,634.3,48.49,4.518,822.2
118.46,3.004,309.4,43.24,2.629,851.4
18.60,1.597,240.8,55.00,4.595,69.6
30.53,5.003,134.0,41.38,0.753,56.0
21.15,2.794,568.9,45.57,4.422,264.9
90.46,6.140,334.5,60.22,2.914,508.8
85.19,4.350,620.7,65.43,1.378,737.2
35.05,8.288,26.8,14.43,1.291,48.6
49.90,3.259,17.5,11.29,1.899,85.4
8.03,1.653,770.8,39.80,3.727,185.1
242.62,3.597,173.0,18.05,1.713,2255.7
105.78,5.574,109.5,19.16,1.754,815.8
7.76,1.839,487.7,27.00,4.198,171.6
26.53,2.417,330.7,29.61,4.095,250.7
44.88,3.203,1138.5,101.32,1.923,527.0
55.21,1.597,131.9,94.77,4.784,88.8
50.63,1.875,3418.0,208.87,4.358,808.9
13.27,1.536,1846.2,52.77,4.661,454.8
245.29,4.885,87.2,15.15,1.552,1426.4
7.06,1.813,339.6,26.51,3.788,131.0
205.43,4.977,159.9,60.27,2.004,585.6
161.60,5.384,119.0,189.41,5.085,122.1
41.68,4.208,4.9,15.64,1.913,157.7
27.71,2.750,42.0,34.46,2.743,21.2
49.62,3.473,634.1,32.36,2.094,987.4
53.49,1.905,898.2,206.31,4.942,215.7
92.69,8.823,331.4,14.08,1.655,2237.8
42.61,2.995,177.5,26.80,2.438,280.4
72.02,4.282,41.7,7.16,1.393,209.8
88.29,3.458,271.1,16.02,1.657,1216.6
10.80,1.458,1254.1,115.88,2.454,139.9
117.57,5.960,311.0,265.72,8.670,140.8
23.70,2.301,218.5,71.48,3.654,33.0
11.83,3.066,340.5,27.90,2.224,116.5
89.45,2.722,103.7,90.03,3.598,108.3
30.70,1.851,340.7,59.40,5.744,168.1
67.58,3.274,24.0,31.78,2.448,17.2
65.81,2.089,390.4,22.28,2.524,982.5
68.73,3.990,186.4,10.12,1.474,1288.6
12.78,1.612,55.2,26.93,6.948,8.7
42.21,3.694,687.8,130.97,3.090,255.5
84.37,2.188,104.4,69.33,3.374,88.4
21.28,2.787,402.5,26.96,6.231,327.6
37.45,1.844,243.3,16.78,2.883,466.5
11.34,2.602,200.7,15.58,3.313,147.0
19.74,4.173,1005.5,38.14,3.865,582.3
112.40,4.972,52.3,125.66,2.822,2.2
66.89,6.714,450.7,37.02,3.272,773.1
7.48,1.662,37.4,55.76,5.249,19.1
13.15,2.267,36.3,24.72,3.103,95.7
91.39,4.316,300.1,368.85,6.890,71.2
141.56,3.576,203.2,49.01,2.328,613.6
72.99,3.764,32.1,311.07,7.824,7.1
8.23,0.864,124.9,137.58,8.007,34.8
13.93,2.058,146.0,69.61,2.123,45.9
8.10,1.398,1036.3,83.89,3.909,118.6
42.77,3.430,3538.2,169.54,3.573,851.8
31.70,1.988,954.7,97.68,3.792,302.3
26.16,2.885,409.0,27.73,2.559,335.2
23.67,2.409,596.2,54.73,3.623,261.5
301.95,11.757,23.2,57.87,3.769,119.2
12.07,1.994,800.4,20.12,3.615,470.9
153.27,7.608,677.5,252.81,10.147,407.5
434.74,7.038,283.9,72.26,3.291,1902.5
14.55,3.227,249.0,21.57,2.508,131.1
70.50,1.399,236.4,27.02,3.442,700.4
141.01,4.072,51.2,47.25,1.957,90.7
19.37,3.664,429.1,15.40,2.529,510.5
11.10,2.495,637.3,21.03,4.686,386.7
47.96,5.227,1370.0,27.12,6.309,2395.1
6.72,1.578,3252.6,42.24,4.238,522.6
47.35,4.781,90.2,19.14,1.585,217.0
140.00,3.575,67.4,28.78,2.040,224.7
113.56,4.085,497.5,34.33,2.788,1625.3
31.07,5.287,690.4,35.29,7.063,603.0
116.66,2.572,271.2,33.78,3.206,898.0
30.05,3.696,193.3,18.65,2.337,328.8
21.27,3.796,497.1,78.12,11.303,101.3
58.84,3.721,108.1,42.09,2.329,127.1
74.31,10.984,55.9,68.68,14.853,48.0
103.35,1.450,77.7,321.35,9.204,25.4
174.65,4.982,178.2,52.99,2.463,591.6
9.22,2.186,2186.2,21.17,3.686,970.7
187.23,3.292,30.0,76.04,3.549,35.5
137.25,5.481,81.2,53.87,1.257,171.8
111.38,8.255,203.1,38.80,1.540,510.7
38.34,3.716,2379.4,78.96,1.799,1158.0
27.95,6.562,422.7,45.02,3.888,247.0
21.50,2.811,786.4,40.18,2.801,416.9
97.93,4.324,429.2,158.96,4.155,291.5
12.74,2.562,117.0,34.76,1.843,55.9
104.99,3.643,283.4,46.24,3.764,670.1
85.97,2.817,65.5,8.27,1.496,486.4
22.73,3.034,1117.2,35.79,1.951,707.3
9.22,2.276,2550.8,36.36,1.616,597.1
144.98,6.876,190.2,14.14,1.395,1817.2
45.49,6.810,167.9,46.66,1.840,138.5
34.63,0.615,875.1,100.36,7.340,255.1
64.35,3.769,536.1,49.51,1.952,633.1
119.33,8.321,184.3,109.67,3.609,209.6
268.57,5.362,114.0,156.47,6.003,324.6
6.63,1.731,321.6,68.06,0.963,93.9
11.92,1.660,4008.7,123.45,1.728,423.5
101.58,8.890,243.6,43.49,1.910,536.5
54.41,4.575,495.1,58.17,2.215,456.3
38.57,2.468,660.6,40.64,5.392,646.4
116.72,3.891,315.4,126.08,8.424,326.2
6.96,1.835,2821.2,49.31,3.624,411.3
10.12,0.930,1931.2,146.75,8.033,134.0
926.21,17.090,160.2,50.50,1.552,2911.7
30.51,3.459,511.6,13.97,2.316,1041.0
17.31,2.902,1412.6,87.99,2.989,251.3
16.58,3.379,828.2,24.10,3.119,588.7
112.25,7.061,283.1,12.52,2.292,2406.8
54.17,2.794,150.1,17.67,2.834,459.9
233.34,5.653,423.9,112.38,3.282,945.4
40.33,4.753,407.2,58.55,1.936,273.2
65.34,3.748,33.1,27.31,1.940,80.1
149.17,5.885,250.8,53.68,3.427,672.5
36.68,3.166,154.1,77.81,4.549,95.0
174.94,3.548,218.3,215.41,4.207,181.0
80.72,3.964,66.6,244.14,4.140,45.2
99.35,3.689,1109.0,248.94,3.678,423.1
60.95,3.454,509.9,89.88,3.801,331.8
23.23,2.353,193.7,11.72,2.963,420.1
58.30,1.513,1242.3,39.31,3.563,1939.4
83.42,1.143,66.1,89.70,4.623,75.6
34.11,2.242,1380.4,349.09,10.632,164.6
85.62,5.520,58.6,49.02,2.173,88.6
49.41,3.577,161.4,14.28,2.062,586.6
103.82,1.585,505.7,34.85,3.527,1594.5
79.40,6.458,41.7,25.56,1.181,143.4
134.64,2.749,79.7,29.29,2.466,421.0
81.52,1.962,223.8,9.27,1.673,2161.3
13.66,3.516,1478.3,13.47,2.707,1469.6
32.76,3.341,40.8,35.50,1.972,43.4
19.34,3.297,476.9,55.68,3.512,137.5
22.75,1.698,1308.2,353.94,8.976,95.0
22.79,3.041,950.4,31.66,2.824,756.0
79.02,4.181,56.6,40.22,2.175,65.9
40.59,1.300,518.9,229.72,7.424,63.1
44.53,3.204,66.7,9.16,1.835,130.5
7.83,1.714,1297.8,111.98,5.675,84.7
131.36,4.599,51.1,210.86,3.434,63.7
42.33,3.590,239.8,23.21,2.048,407.7
61.22,3.715,1507.7,29.69,5.258,3092.7
28.90,2.752,4504.5,98.24,3.742,1366.8
19.99,2.849,64.0,51.88,2.517,21.3
6.16,0.926,3167.2,152.99,3.644,127.5
102.93,7.204,43.1,12.76,1.023,233.6
6.54,1.555,18.4,27.76,5.033,18.0
66.07,9.556,42.9,9.95,2.068,7.7
8.21,2.149,1472.6,48.78,2.511,243.3
136.02,4.247,163.7,9.24,1.324,2140.4
26.01,1.836,1775.9,112.26,5.138,396.2
22.80,2.996,175.1,59.94,1.324,95.7
182.81,7.341,210.4,55.01,0.878,626.9
72.43,1.646,27.0,29.85,2.926,222.9
216.42,4.707,130.4,30.41,1.790,1040.3
20.24,4.221,24.9,31.05,0.493,18.4
161.70,5.242,99.9,20.12,1.291,822.1
85.50,3.739,764.1,64.05,5.262,1031.1
25.87,2.780,246.3,56.53,1.952,122.8
69.70,6.179,799.4,42.39,0.669,1374.7
20.33,3.619,29.7,113.75,10.323,32.7
15.55,2.056,897.0,13.08,3.240,1105.5
243.51,4.426,262.2,26.36,1.904,1780.7
13.73,2.109,1503.2,77.44,2.278,283.5
236.07,3.492,13.9,22.47,1.610,299.8
30.27,1.490,42.2,15.50,3.090,153.0
212.13,6.911,381.3,262.95,7.469,263.4
187.06,5.349,1136.6,160.34,3.699,1355.7
13.05,2.116,676.1,28.76,4.082,287.6
6.31,1.097,5611.1,238.01,14.817,176.7
78.24,3.547,373.7,33.70,3.558,889.9
45.72,3.414,2525.9,76.11,1.239,1550.1
12.07,2.946,520.2,22.02,1.883,326.0
7.20,1.010,8277.7,175.91,2.905,329.8
23.24,4.399,93.8,54.18,3.405,33.9
208.36,9.076,375.9,87.23,2.241,976.0
281.70,6.065,294.2,135.69,3.171,594.9
29.96,3.248,544.4,106.54,1.748,230.2
10.67,1.647,361.1,82.92,3.076,67.6
103.04,4.632,62.6,14.53,1.674,178.2
39.23,3.059,541.5,41.17,2.352,540.0
209.20,6.539,197.9,40.64,1.188,1049.3
22.48,3.423,382.5,10.27,2.696,790.6
26.84,5.334,122.7,9.12,2.038,274.4
8.64,0.630,1277.7,299.23,10.877,76.0
11.79,2.412,1560.6,43.79,1.553,413.9
52.42,1.815,339.7,86.57,3.897,205.6
190.76,7.582,308.1,46.62,2.040,1284.6
58.22,3.206,515.8,7.49,1.513,4010.2
214.32,2.998,46.1,13.32,1.450,105.3
23.54,1.486,681.8,66.14,4.980,235.4
8.61,1.241,637.8,79.05,5.524,88.8
21.08,2.793,3408.0,58.68,2.151,1272.3
44.27,1.632,453.0,146.79,4.644,163.7
89.70,6.481,23.5,8.14,1.652,119.8
55.09,3.269,479.7,28.20,2.520,953.6
19.38,2.102,865.0,19.67,3.739,841.1
76.04,5.448,39.4,32.83,1.273,134.8
61.56,2.877,2820.9,182.17,5.066,937.0
79.54,2.954,159.7,28.41,2.290,453.6
30.70,1.875,1633.0,14.24,2.893,3471.4
22.09,4.178,156.9,15.18,1.581,231.1
10.39,1.347,2792.4,54.75,5.316,535.4
98.33,4.813,399.4,37.51,2.491,1092.8
31.11,1.931,158.1,11.80,2.563,334.9
307.93,4.239,70.4,21.86,1.536,917.3
26.58,3.685,641.6,82.05,1.996,223.0
26.93,1.479,1619.4,182.49,5.085,254.4
11.77,1.887,576.9,98.78,2.769,65.5
143.99,4.632,12.3,78.10,1.437,51.8
9.17,2.216,661.1,77.82,3.895,94.6
68.43,1.365,263.7,181.62,6.319,86.9
29.54,5.603,412.7,14.42,1.513,803.9
29.01,3.059,154.9,44.64,2.582,90.7
34.46,4.019,16.5,23.51,1.838,41.8
8.01,1.827,120.7,35.99,3.363,10.1
60.34,2.348,236.0,58.53,3.283,197.3
51.39,5.992,660.9,24.77,1.602,1395.5
14.71,2.400,128.2,22.37,3.140,80.9
54.18,3.479,808.8,72.09,1.568,598.8
78.89,16.379,9.1,11.35,1.060,108.0
6.86,1.141,1900.4,146.17,3.082,102.3
14.33,0.867,1289.1,36.61,9.297,479.9
28.55,1.438,13.4,188.73,4.550,12.6
38.20,6.035,202.5,47.23,2.948,156.6
10.56,2.660,1373.1,66.96,6.660,233.0
165.88,4.228,99.5,14.17,1.203,454.0
109.20,3.861,612.9,16.40,1.512,3979.3
100.92,3.351,100.3,51.90,2.463,216.7
14.13,2.157,138.9,25.33,3.536,39.6
108.26,2.416,672.1,85.07,3.470,876.1
45.98,5.010,40.1,13.33,2.653,79.3
64.05,4.046,1727.5,45.24,3.505,2412.8
115.95,1.765,30.2,46.70,3.005,206.7
11.47,1.654,137.1,145.81,2.368,29.1
19.20,1.758,83.6,36.96,7.824,28.2
9.85,1.378,1579.0,142.88,7.607,53.9
52.93,3.465,21.6,10.33,1.949,145.3
121.84,4.369,104.5,26.31,2.484,418.3
40.06,1.640,621.0,31.71,4.408,811.7
30.02,6.501,218.5,15.81,2.084,438.5
108.33,1.728,252.8,13.94,1.800,1715.7
29.08,2.296,610.9,27.27,6.715,712.6
17.79,3.440,1424.1,27.49,1.436,938.3
114.01,8.362,318.6,12.01,1.817,3373.7
74.79,7.301,376.1,30.60,0.472,847.7
23.99,3.628,227.8,16.66,2.636,324.4
22.30,2.742,300.7,14.09,3.230,427.6
26.95,1.716,1215.4,181.30,5.897,157.1
21.73,3.194,74.2,14.48,2.446,118.8
161.96,5.806,667.8,41.53,1.294,2551.7
44.44,4.476,697.6,34.82,1.604,896.7
29.39,1.131,2197.9,256.66,6.053,264.7
316.12,9.563,78.0,48.30,3.548,468.9
9.15,1.719,377.6,35.14,4.015,122.5
47.69,3.524,34.6,125.63,2.687,35.5
209.19,6.613,134.1,57.08,4.600,517.1
50.37,1.868,178.4,175.19,5.350,67.7
74.98,1.072,561.5,102.47,4.879,349.4
41.22,4.533,1962.7,78.15,2.616,1015.3
51.13,3.570,59.9,58.51,1.874,56.2
119.36,1.750,61.1,140.50,7.821,22.9
28.41,3.017,125.3,15.28,2.309,165.8
63.16,3.775,62.4,124.68,5.913,60.7
669.94,10.538,270.1,85.74,2.908,2194.9
62.38,7.753,112.9,38.99,5.391,198.7
28.77,3.204,2653.5,101.52,7.848,775.8
26.25,4.689,660.6,17.29,1.504,991.8
184.50,5.158,193.1,50.64,1.401,790.7
10.30,1.094,2029.3,213.28,3.869,80.7
8.73,2.285,588.5,18.42,3.064,356.3
389.74,5.310,138.6,8.64,0.908,6740.4
19.43,2.803,75.7,63.96,1.487,82.5
21.58,3.280,110.4,46.88,1.402,58.2
49.76,3.477,240.4,16.16,2.023,650.3
31.41,1.467,454.9,40.30,5.564,409.8
212.80,8.003,6.7,13.09,0.864,427.7
21.26,1.188,179.1,17.65,3.915,187.7
42.25,3.882,128.0,42.25,1.732,118.7
40.24,1.874,256.4,12.54,2.478,743.4
21.85,1.145,530.5,129.91,8.598,96.6
46.76,1.354,859.5,158.67,5.301,271.8
11.57,1.308,3229.0,112.77,4.117,312.8
183.00,4.804,439.6,131.27,3.865,580.8
36.17,2.627,135.9,83.99,5.760,44.3
69.85,3.530,586.1,143.52,5.965,282.9
95.08,3.797,387.8,33.80,2.077,979.9
8.29,1.513,392.1,129.65,3.258,27.4
80.70,4.575,327.2,432.17,12.200,61.5
31.93,3.944,597.7,43.11,4.483,396.7
21.51,2.772,1779.1,40.40,2.319,915.2
56.81,2.236,270.1,376.68,8.982,33.5
41.16,2.021,188.1,60.82,3.656,139.3
54.62,2.687,269.2,56.91,2.885,245.6
175.15,5.480,760.7,237.33,6.457,593.1
88.98,9.849,201.9,7.76,1.572,2443.8
29.27,2.203,181.7,118.39,3.554,28.6
25.58,6.626,303.3,73.75,11.390,105.8
55.55,2.066,1268.6,67.64,3.898,1042.7
15.10,1.389,922.8,30.03,5.003,473.0
76.17,1.639,165.8,9.91,1.910,999.0
100.45,6.838,190.1,26.04,4.482,879.9
68.70,2.703,249.8,13.09,1.972,1062.7
236.75,6.739,137.8,104.01,6.339,374.0
7.50,1.509,616.8,20.29,4.787,195.4
132.13,3.022,77.5,52.56,2.894,160.7
17.72,1.386,2452.7,112.17,8.167,393.5
9.88,2.325,2936.0,65.54,3.517,448.3
121.25,6.083,566.5,90.50,1.553,652.3
107.90,5.174,856.2,84.84,1.527,1037.8
63.53,2.089,204.1,37.77,3.148,346.6
201.95,8.333,123.7,43.80,2.978,579.6
20.03,3.703,269.7,10.61,1.966,537.0
9.41,1.948,13.2,15.72,3.722,39.5
97.71,7.086,208.9,11.24,2.306,2017.8
51.69,2.670,1561.8,106.76,3.767,742.1
24.21,3.253,180.5,72.11,1.276,9.6
128.98,6.683,161.7,73.02,1.863,192.2
14.34,1.015,754.1,368.04,7.325,34.0
50.73,2.944,77.6,29.69,3.443,153.3
13.24,2.868,579.3,14.65,2.699,564.1
9.22,2.186,430.8,33.94,2.376,107.9
85.14,5.649,416.0,84.61,3.282,403.0
57.95,5.836,97.3,14.67,1.222,346.2
189.96,3.157,673.0,24.36,2.312,5271.6
35.58,3.757,677.6,35.21,1.621,718.0
92.41,9.721,150.1,22.86,4.685,620.6
154.22,7.155,40.8,31.08,2.247,112.7
118.55,2.171,414.0,132.05,4.958,366.0
28.59,2.903,398.2,8.48,2.083,1310.7
39.15,7.962,297.0,44.58,10.388,238.3
120.60,6.105,20.9,66.73,4.257,72.6
12.44,1.353,228.3,140.59,3.672,31.7
64.13,3.710,17.6,58.85,2.377,39.6
55.36,5.745,700.7,217.31,12.688,149.3
32.81,1.745,576.2,30.61,5.852,631.3
39.80,4.950,1992.5,90.27,3.185,861.4
26.60,1.312,612.8,244.25,5.516,51.8
10.86,0.678,737.5,197.62,10.725,39.5
21.47,2.272,395.0,29.46,3.444,314.2
64.20,9.499,370.0,47.66,5.992,541.4
59.42,2.788,628.2,212.08,7.781,140.0
101.67,5.406,74.0,14.33,1.661,446.2
74.97,6.945,230.6,15.13,1.057,1176.3
90.50,13.074,162.3,137.07,15.816,118.8
133.74,8.827,129.8,58.95,2.639,202.2
35.30,2.139,100.0,37.13,3.511,117.7
59.30,4.334,116.0,55.39,2.393,127.3
134.12,5.896,136.1,39.32,2.886,271.7
44.25,1.295,42.3,17.55,2.856,43.1
28.68,2.136,27.4,30.87,3.416,49.4
56.06,3.735,466.0,29.51,4.362,900.5
23.52,3.414,590.1,13.52,2.180,1080.9
109.44,4.573,379.8,85.23,1.182,506.4
76.96,7.101,56.1,162.32,7.466,10.6
16.96,2.274,392.9,29.12,7.455,198.4
67.01,1.217,201.2,27.15,3.002,524.5
14.13,1.954,231.8,14.41,3.527,175.9
36.96,4.788,167.8,38.91,1.356,156.8
62.58,2.370,383.3,239.96,4.250,106.5
145.48,2.591,943.2,421.31,7.837,345.9
26.46,2.504,428.8,23.37,3.401,488.1
38.38,1.277,106.6,12.36,2.865,325.5
36.95,2.048,450.1,98.88,3.618,138.1
19.06,1.641,1020.4,26.77,4.158,738.2
15.65,1.452,627.3,152.54,3.753,62.7
41.23,2.325,1691.7,50.15,3.712,1358.2
210.74,3.861,1629.5,101.76,5.585,3392.6
150.15,6.427,17.7,21.17,2.080,244.2
223.26,5.637,93.7,73.41,1.256,292.2
127.09,4.238,36.0,32.99,2.091,221.4
47.96,2.155,651.5,325.38,5.960,48.2
50.70,2.467,97.6,36.45,2.878,149.4
13.16,1.230,1099.3,264.53,5.693,65.7
61.52,4.688,75.0,22.80,1.776,232.8
24.99,3.148,143.9,52.23,2.852,49.7
7.59,1.844,933.2,17.01,4.331,433.8
23.91,2.354,89.1,30.16,4.414,103.1
92.62,2.648,247.0,86.25,5.707,291.8
119.12,3.106,132.2,9.50,1.512,1695.9
36.79,3.647,994.2,40.20,2.115,900.1
115.72,5.710,1768.0,113.20,1.802,1890.4
25.17,4.113,707.2,23.32,2.094,824.0
38.32,3.775,1359.7,117.38,2.709,453.4
73.54,2.639,68.7,380.53,6.237,29.1
19.12,3.887,26.3,17.88,2.516,50.8
34.10,1.551,1358.4,108.99,5.247,458.4
17.51,3.198,1098.3,27.16,1.864,738.7
38.34,1.672,497.3,111.38,4.765,111.1
100.14,3.044,77.7,17.94,2.662,277.7
24.96,2.876,744.0,46.55,4.315,428.6
88.32,3.301,134.0,46.60,2.661,332.6
11.30,1.289,563.3,75.19,5.388,101.1
12.88,1.249,78.3,30.66,5.324,19.0
49.55,2.431,437.0,231.39,4.527,84.0
14.13,3.511,129.9,33.10,2.607,150.6
67.06,3.347,538.4,23.07,4.257,1538.7
59.93,6.726,345.1,43.59,7.878,477.6
21.78,1.918,634.0,22.50,3.778,636.6
109.43,5.878,60.0,58.24,1.087,131.5
140.61,3.320,177.1,30.70,2.220,780.3
20.50,0.781,345.6,16.24,4.280,308.6
14.07,2.090,1155.0,74.02,2.411,196.3
24.28,1.127,407.3,77.67,6.091,103.2
15.64,2.915,23.7,26.20,3.214,22.5
40.06,3.813,1548.4,35.88,8.173,1692.0
20.02,4.208,485.7,15.43,3.054,636.0
106.64,6.114,253.2,14.29,1.284,1745.0
159.51,4.477,327.0,97.16,5.561,538.5
123.63,2.092,106.1,60.06,3.365,205.0
82.95,5.012,244.5,103.04,1.514,221.8
86.44,2.319,420.1,63.53,3.397,538.4
59.18,5.745,257.1,19.27,1.377,792.0
31.78,2.960,34.2,8.76,1.992,84.4
225.79,12.748,519.7,85.56,3.736,1458.2
17.73,3.784,362.6,11.02,1.892,626.3
204.22,5.748,13.4,69.91,2.679,55.6
35.09,2.920,1027.5,73.15,3.435,460.2
16.01,2.764,186.3,11.40,3.016,231.5
35.03,1.762,192.9,153.44,4.494,55.4
36.73,3.153,144.0,85.76,2.163,122.2
54.38,3.299,52.0,24.02,2.120,130.4
18.41,4.292,68.4,9.12,1.879,159.2
17.26,3.838,1189.9,29.05,1.612,644.4
313.52,11.148,64.0,14.52,1.258,1154.5
131.16,3.024,730.0,195.87,6.275,548.8
39.59,0.554,891.5,26.39,4.725,1399.7
27.75,1.537,855.9,110.14,4.641,223.4
333.05,5.853,995.8,346.80,10.162,909.4
37.00,3.658,68.1,51.26,1.510,22.0
59.47,4.561,54.0,25.95,2.298,154.5
8.77,1.067,1879.8,331.88,8.755,48.8
50.32,1.908,723.3,58.30,4.302,655.3
74.92,1.672,73.3,64.87,3.584,107.8
81.39,4.637,94.3,13.44,1.529,394.6
21.81,3.604,1237.6,67.34,4.224,387.8
150.79,4.864,184.9,24.00,1.785,943.7
56.12,2.656,97.0,33.06,3.288,84.7
204.91,7.213,1046.9,451.83,8.706,503.9
382.36,5.995,72.8,99.08,3.993,183.6
37.75,4.394,1323.9,39.58,0.889,1269.5
34.12,3.006,512.5,48.60,3.947,381.2
52.16,3.868,226.2,59.73,1.334,196.1
89.12,7.072,3.3,12.85,1.270,143.8
61.37,4.972,35.2,9.90,1.376,294.7
241.56,3.527,556.6,99.08,3.840,1375.9
72.13,5.496,158.8,34.10,2.784,339.6
9.72,1.790,289.1,19.26,4.537,119.0
22.14,1.056,1325.4,53.43,8.469,555.2
24.74,4.283,348.5,51.27,4.046,184.6
15.80,2.811,584.4,19.81,2.493,487.6
9.98,2.637,474.4,19.80,3.163,243.8
23.27,1.739,607.2,35.79,4.015,367.4
12.69,2.733,1501.9,53.89,2.742,357.5
13.61,1.442,345.4,120.88,5.899,22.5
17.34,3.643,855.1,29.29,1.472,463.2
159.95,4.890,324.4,11.33,1.538,4411.9
16.61,2.598,461.0,19.84,2.856,399.4
12.59,1.815,738.0,52.52,3.368,211.8
13.10,2.676,114.9,72.45,2.303,39.1
18.06,2.467,893.9,20.20,2.938,834.4
75.53,2.673,38.4,8.96,1.540,348.1
64.10,1.569,624.7,45.47,3.939,938.4
25.41,2.466,1508.2,40.99,3.825,924.7
37.31,3.739,311.6,85.83,1.445,151.4
6.94,1.647,571.3,82.89,3.098,87.3
16.28,3.283,239.9,57.42,2.326,114.1
11.38,2.047,476.5,20.98,3.561,288.4
19.92,4.689,521.9,27.23,3.210,340.6
113.97,3.227,644.7,162.79,3.400,464.2
109.16,3.043,30.2,23.16,2.043,61.4
27.79,2.840,32.5,26.94,2.890,49.2
37.96,1.852,2449.2,153.77,6.841,610.4
107.03,1.515,274.9,85.08,3.794,312.1
8.63,0.624,94.3,272.57,10.239,16.5
54.04,5.600,173.0,54.76,3.647,182.6
37.20,3.796,300.0,48.81,2.032,206.3
27.36,2.810,453.3,9.07,2.257,1327.0
94.32,3.983,839.1,46.48,2.094,1696.7
48.65,3.135,235.2,97.50,1.614,125.0
17.02,2.186,1191.1,49.55,2.998,393.7
41.92,5.317,521.9,17.71,4.090,1331.7
42.04,3.272,247.1,173.74,4.122,28.2
9.80,1.821,2335.9,98.99,4.727,208.7
114.14,4.140,53.4,154.88,2.719,34.7
62.73,3.316,235.6,12.68,2.540,1224.0
73.26,3.270,379.6,10.05,1.538,2731.1
16.71,2.509,49.4,22.20,3.090,84.7
45.61,4.928,313.1,91.97,8.088,161.0
55.37,2.209,1883.5,110.59,3.666,918.3
112.66,7.629,90.0,67.95,4.539,178.2
78.97,4.469,923.1,49.48,1.620,1467.6
66.74,2.639,207.2,19.14,3.530,682.6
300.17,6.571,250.0,128.74,6.276,617.3
56.07,3.677,33.6,78.47,1.200,22.1
89.35,4.173,150.9,11.34,2.366,1161.5
28.64,0.881,407.1,446.54,8.751,24.6
43.91,2.245,329.8,39.54,3.162,327.0
50.33,3.012,36.0,65.29,6.396,12.1
228.44,3.188,67.4,244.36,5.310,48.4
36.39,2.340,7.8,15.31,2.851,34.5
80.50,5.277,30.3,18.74,1.653,111.4
70.62,5.090,129.8,47.23,1.076,130.2
15.15,2.777,998.9,41.13,4.136,392.3
220.51,4.084,146.9,49.70,2.679,547.7
205.88,4.302,171.8,19.20,1.674,2067.7
18.53,3.232,405.6,16.65,4.204,468.4
60.30,3.807,37.1,79.99,2.248,26.4
17.68,2.759,941.1,37.23,7.581,463.1
13.29,1.442,418.0,191.10,3.476,69.0
33.02,3.154,326.3,54.51,1.850,255.6
108.78,7.467,591.6,68.17,1.637,931.6
303.40,9.246,50.5,13.87,1.403,1638.5
29.99,3.883,1071.5,71.52,2.058,446.9
132.23,4.864,24.6,83.77,1.778,68.5
28.84,2.565,748.3,28.95,5.844,763.1
142.12,3.870,79.9,125.50,3.199,35.6
187.74,5.404,816.5,83.93,2.033,1817.1
102.51,5.258,202.7,58.46,5.422,336.6
10.90,1.842,210.2,156.08,6.608,35.9
71.09,2.532,261.3,34.18,3.665,485.6
39.43,5.761,47.7,8.43,1.328,252.8
115.05,2.762,178.9,10.67,1.641,2322.0
14.38,1.663,538.5,17.96,4.432,489.9
156.93,3.762,440.4,217.19,8.758,308.9
17.49,1.632,221.9,102.63,5.508,71.1
28.24,7.024,169.8,25.25,3.234,219.2
46.35,6.414,63.3,23.64,1.427,54.1
20.23,4.710,47.0,35.14,6.403,26.4
25.19,5.246,309.8,10.67,2.326,848.3
52.22,2.688,660.6,29.65,2.622,1090.5
34.35,3.483,144.0,62.31,6.541,92.3
51.42,4.201,25.3,12.03,2.663,71.3
28.08,0.999,363.6,157.71,8.633,61.5
378.16,11.935,277.0,63.90,2.678,1639.0
10.95,1.823,392.8,36.05,4.264,136.5
23.92,5.207,1231.9,10.61,1.299,2821.2
24.62,2.976,107.3,9.63,2.209,252.4
37.49,3.473,215.6,10.77,2.033,834.6
126.74,7.638,380.6,81.54,2.171,623.5
38.76,2.194,51.8,47.72,3.462,52.3
14.32,1.554,1840.7,53.78,4.761,466.7
10.24,2.261,1513.7,54.08,7.484,288.0
28.30,3.339,35.4,69.40,2.155,42.1
30.73,4.640,126.9,50.52,4.812,87.6
126.09,4.775,21.9,24.09,3.014,36.7
24.11,2.697,414.5,79.16,4.347,181.0
11.27,2.794,60.0,20.78,2.620,36.9
33.64,2.086,89.0,9.38,2.412,366.6
10.36,1.440,1325.0,126.90,2.326,101.8
12.11,1.759,663.0,104.37,1.474,15.9
130.93,2.502,177.6,85.22,5.156,295.9
7.33,1.825,501.3,28.27,3.542,129.6
52.71,5.615,235.7,12.00,2.448,995.3
237.45,5.104,46.6,27.15,1.464,329.6
50.65,1.662,160.2,16.54,2.616,460.6
39.94,2.690,306.8,179.95,5.052,79.1
21.64,2.585,1913.6,30.23,4.723,1400.4
22.32,1.424,3804.7,354.46,6.749,218.1
12.24,1.807,2291.9,168.56,5.106,190.6
18.12,2.172,1704.7,55.99,3.163,564.2
42.66,1.975,1574.1,252.90,4.127,295.1
112.59,1.945,106.5,82.19,4.512,57.1
135.66,2.331,35.3,9.16,1.394,1092.4
112.40,2.639,67.8,100.52,3.373,72.0
21.06,2.183,691.1,85.31,4.261,211.8
8.19,1.745,166.6,82.63,1.537,14.7
10.77,1.515,945.4,44.25,4.981,250.3
342.88,7.087,556.0,131.31,2.717,1414.1
10.91,2.148,1425.3,16.98,3.947,921.9
29.94,4.573,668.6,52.85,1.097,327.5
72.30,4.625,46.8,47.82,2.795,125.8
6.20,1.509,123.4,74.42,2.463,67.5
70.72,6.445,137.3,25.82,2.584,504.8
11.84,1.677,2546.3,81.69,3.323,402.3
247.68,17.318,361.8,87.54,3.566,1021.4
26.87,2.919,478.6,73.50,2.059,176.2
139.91,4.276,89.4,24.96,2.563,437.3
68.23,2.431,510.8,76.01,5.807,423.1
64.03,3.493,61.6,67.30,2.301,55.5
24.35,2.034,1501.6,349.87,9.478,96.7
18.16,2.318,1214.5,127.90,2.390,217.9
68.87,5.107,32.9,20.41,1.498,42.7
65.47,1.842,28.5,7.50,1.685,176.0
127.98,7.138,917.8,109.45,1.749,1082.1
143.66,5.285,39.4,37.10,1.660,202.5
33.35,3.254,62.6,32.30,2.186,64.2
30.30,4.071,682.6,16.03,1.913,1283.4
7.16,1.367,1218.0,51.93,5.199,137.4
38.51,2.042,1367.6,30.33,3.164,1666.4
145.14,5.857,313.1,164.22,3.048,307.7
152.46,4.898,530.3,69.61,1.906,1170.2
11.69,3.057,340.1,41.01,0.811,52.7
20.13,4.627,340.7,19.23,1.793,316.4
41.20,6.424,26.8,19.49,0.642,140.8
38.42,2.635,46.1,13.81,3.076,113.4
119.54,6.059,526.5,446.78,13.974,145.2
29.00,2.504,2237.3,19.45,2.866,3356.0
34.36,2.858,50.0,23.04,2.677,51.9
15.41,1.680,2805.2,142.19,1.982,339.7
6.79,1.408,1535.3,73.57,4.110,166.0
106.45,4.267,171.1,40.88,1.879,536.3
13.13,0.670,1479.6,408.85,10.215,41.7
15.82,3.963,364.5,10.35,1.971,590.5
25.49,3.284,1082.0,84.11,6.875,341.0
38.73,1.208,77.8,22.49,3.576,47.3
64.15,2.034,367.0,18.62,2.506,1236.9
87.32,3.408,65.9,9.93,1.466,543.1
17.21,2.502,297.9,11.28,2.832,354.3
14.92,2.703,973.0,16.85,2.709,883.3
40.89,1.889,1926.5,99.75,4.417,780.8
30.71,5.765,137.7,9.06,1.869,475.7
36.05,1.665,1824.8,185.84,7.387,401.3
32.06,3.218,631.1,66.79,2.610,292.0
19.16,2.512,158.0,18.50,2.928,147.2
16.74,3.482,635.1,21.87,1.605,502.2
43.55,3.438,567.1,24.28,3.427,960.5
42.48,1.819,159.1,65.69,6.364,92.3
9.79,2.574,3069.3,19.20,4.318,1574.8
51.38,3.078,406.2,46.49,2.435,428.4
31.31,3.744,692.2,31.00,1.644,647.1
99.12,1.345,228.6,88.69,3.943,298.0
30.89,0.504,1514.2,66.17,7.123,722.7
73.07,2.948,196.0,12.58,2.159,1189.7
40.25,3.496,294.7,55.15,2.531,240.0
56.98,4.672,427.5,121.20,3.821,198.6
54.71,2.298,497.4,48.86,3.256,572.8
136.55,3.507,13.7,50.74,2.425,101.5
24.53,5.511,86.5,24.56,5.759,8.3
60.75,2.571,909.0,78.49,3.335,778.8
43.87,2.954,26.6,29.45,2.801,54.5
224.32,3.382,61.3,24.14,1.894,592.7
18.20,1.914,497.3,118.31,2.381,110.4
14.66,3.244,216.4,24.45,1.575,147.3
9.44,2.240,640.5,42.25,1.513,121.8
52.01,6.765,255.8,9.63,2.477,1436.3
28.07,1.194,222.9,37.27,6.906,226.1
45.87,1.929,235.5,93.63,5.905,63.8
29.14,2.018,1402.4,46.70,4.089,859.4
25.95,4.378,776.9,29.76,2.948,726.3
103.92,6.541,64.4,9.06,1.017,424.0
35.63,0.923,167.0,19.41,3.451,340.7
103.09,2.664,42.8,269.99,5.051,36.6
11.42,1.608,2105.2,68.21,5.165,373.7
27.36,1.840,315.5,48.85,3.881,162.5
383.84,8.735,73.0,8.97,0.612,961.9
23.90,1.674,1353.0,226.43,3.471,150.2
16.35,3.464,48.7,11.96,2.301,67.2
25.96,1.823,251.5,80.09,4.244,78.0
69.94,3.535,558.4,117.50,1.838,397.9
25.31,1.725,61.7,34.01,3.981,85.8
29.01,4.358,163.3,20.74,4.753,182.4
123.61,1.698,86.7,167.25,6.130,64.6
74.57,5.252,520.3,35.62,1.510,1100.8
37.59,2.122,1104.6,89.47,3.412,496.0
76.68,1.975,311.5,59.12,3.769,538.6
125.62,3.145,416.7,60.50,2.590,851.7
27.46,1.910,25.8,49.93,3.822,26.7
27.72,2.105,29.6,34.29,3.360,24.6
38.45,1.025,1452.6,286.64,7.060,195.3
87.15,4.568,74.1,11.41,2.359,377.8
63.67,4.075,390.9,87.43,3.370,332.0
103.07,3.432,271.6,22.16,1.754,1326.8
91.76,2.647,121.2,309.67,7.272,31.5
133.97,4.499,449.7,81.28,2.989,810.9
54.92,1.073,2889.4,526.48,14.904,306.3
24.96,2.143,744.8,120.98,3.921,116.5
18.68,3.388,236.5,11.07,2.289,408.9
140.65,2.838,152.7,197.96,5.041,92.5
8.37,0.889,7942.0,314.48,4.801,221.8
9.19,1.934,182.4,33.88,4.325,58.5
116.50,2.540,129.2,29.03,3.163,600.2
24.93,3.943,708.6,21.03,2.246,798.4
24.92,5.005,64.8,22.31,0.705,30.6
37.07,2.625,624.0,50.07,4.383,441.6
13.70,0.938,481.0,301.14,6.338,17.6
41.41,2.179,498.4,182.15,3.660,92.1
29.45,2.676,1110.5,37.08,2.752,829.7
82.64,2.644,228.4,229.56,4.182,69.7
180.76,8.030,175.4,21.43,2.378,1379.9
9.42,1.599,948.2,100.05,1.375,132.8
21.96,3.902,62.4,26.25,4.858,61.7
17.77,1.390,658.3,73.20,5.843,153.6
10.77,1.098,1839.6,170.24,6.214,90.6
78.74,2.892,174.0,8.03,1.847,1325.8
65.37,4.420,158.3,9.45,1.399,1139.0
182.91,4.687,128.3,19.51,1.310,907.4
89.76,4.267,223.8,64.73,2.154,270.6
13.70,1.517,76.8,22.04,4.491,3.4
84.68,3.201,61.6,62.57,3.138,43.1
74.84,5.167,299.9,6.49,1.127,3476.8
47.50,2.660,782.2,185.64,4.045,208.6
63.04,6.467,51.4,26.38,3.345,61.2
269.44,3.677,134.4,218.75,4.723,219.6
116.28,6.467,123.4,32.25,1.626,436.3
40.93,3.553,109.2,17.00,2.350,196.1
26.22,1.199,318.5,14.76,3.921,556.7
119.23,4.565,9.7,188.82,5.147,24.2
325.56,7.343,113.4,67.17,0.923,582.1
99.95,2.558,280.0,20.18,2.658,1136.5
64.55,3.693,347.4,155.17,4.174,118.0
16.41,2.632,445.9,21.11,3.659,359.4
133.04,2.288,265.0,104.59,6.370,327.0
37.96,3.196,18.0,39.06,2.285,22.8
13.41,3.141,36.3,16.85,2.069,55.8
27.56,1.605,204.7,26.70,3.946,163.8
7.41,0.776,5126.3,225.18,6.058,163.6
11.17,1.984,2085.5,16.74,3.672,1361.4
10.97,2.461,624.6,19.76,3.145,344.0
17.42,2.086,329.5,104.55,1.553,91.7
54.94,4.624,63.2,30.72,2.204,76.4
58.70,2.791,385.8,21.68,4.118,1034.5
45.30,6.023,76.7,39.62,2.094,129.8
10.58,2.698,34.4,28.97,1.458,51.6
35.82,2.338,683.1,55.40,3.885,452.7
59.23,3.804,40.2,35.54,2.298,74.3
74.75,3.532,621.4,112.13,1.601,370.8
310.28,17.585,88.0,316.70,20.100,74.3
127.70,4.316,72.2,34.54,1.844,365.5
343.15,5.343,101.1,12.85,1.165,2564.2
81.06,4.646,302.0,25.09,1.908,934.3
197.97,7.495,170.9,109.85,3.658,339.7
94.28,1.676,157.5,68.52,3.839,133.9
97.98,2.514,85.4,45.47,3.016,62.8
8.31,1.491,687.5,43.93,6.844,145.3
54.55,2.740,2593.8,619.83,13.106,231.1
82.24,3.853,53.7,46.85,1.855,3.9
139.73,4.362,352.8,21.37,2.706,2359.6
38.97,3.082,38.9,121.05,2.741,30.8
56.76,2.683,132.2,12.26,2.737,542.4
17.44,2.894,442.8,16.00,2.531,428.5
212.82,7.420,159.8,16.35,1.009,1974.5
41.35,1.468,1389.8,73.19,5.014,843.4
9.57,1.439,1681.1,133.04,4.079,132.3
58.99,3.777,100.5,62.49,1.739,142.3
26.33,3.150,584.3,36.77,7.450,402.8
6.30,0.759,2999.6,282.96,5.771,86.8
10.36,1.616,225.1,145.73,5.739,41.4
13.75,2.056,732.9,19.95,4.641,475.4
37.06,5.336,1628.7,30.11,3.077,1996.2
125.30,4.170,723.2,37.57,2.138,2402.7
574.93,8.076,310.5,127.63,2.964,1242.6
64.04,2.159,425.6,49.97,3.313,505.4
160.11,4.245,41.8,50.30,2.384,39.3
9.13,2.055,1992.4,52.05,1.566,288.7
14.94,2.444,145.9,11.80,2.864,116.9
65.05,1.709,46.6,224.93,7.263,34.1
8.72,1.489,12.1,45.40,4.713,27.4
73.90,1.065,80.2,49.31,4.265,19.8
32.93,1.336,2626.9,177.09,8.703,495.5
10.87,1.690,57.4,34.79,4.384,33.0
61.04,10.482,239.7,8.16,1.175,1620.3
23.34,3.778,82.2,33.13,2.984,64.9
43.13,5.318,180.1,34.70,2.546,260.3
125.19,6.340,153.4,51.79,2.065,410.6
54.06,6.109,236.2,29.41,5.080,433.6
47.65,1.577,397.0,365.69,8.446,40.1
147.10,5.395,141.4,39.25,2.133,384.9
39.28,5.597,689.1,39.66,0.671,705.1
42.95,1.764,1323.7,270.43,5.978,196.9
8.06,1.277,31.1,48.04,6.044,27.9
127.23,3.296,306.5,59.90,2.567,627.6
28.15,3.048,22.7,40.24,2.142,39.6
102.28,2.234,343.0,16.86,2.057,1992.9
23.14,1.197,933.3,42.90,5.322,507.2
57.48,3.130,25.6,22.85,2.185,25.6
174.46,4.371,2362.8,197.83,4.028,2011.3
54.75,3.350,658.2,17.14,3.262,2024.7
28.99,2.668,460.3,29.05,2.848,478.5
66.78,2.827,66.8,17.12,2.206,58.6
15.78,4.096,122.4,11.80,1.568,184.8
124.65,2.313,541.4,230.34,5.309,284.7
21.64,1.664,139.3,24.03,3.831,49.3
93.50,2.656,797.0,60.85,3.199,1249.6
16.20,2.774,799.4,53.41,0.820,194.5
11.88,1.883,791.8,85.42,2.853,131.4
432.88,8.746,277.4,829.92,12.367,156.0
215.53,9.272,6.6,19.36,0.854,313.5
205.60,5.107,113.9,588.22,9.531,31.1
121.14,3.286,292.5,312.14,4.458,165.3
42.85,6.826,116.9,7.31,1.336,617.6
8.42,1.420,534.5,74.65,4.176,51.4
18.53,2.961,176.4,10.30,2.351,248.2
33.37,2.328,1822.1,87.12,3.206,683.8
10.44,1.124,3393.1,45.32,6.344,817.5
11.61,2.573,296.0,26.89,2.350,169.8
29.00,4.213,577.2,14.25,1.694,1147.5
32.62,3.226,185.8,35.22,2.120,239.7
117.14,5.185,202.9,49.38,1.457,486.9
11.29,2.862,117.2,19.16,2.954,39.5
45.39,1.781,508.8,52.20,4.079,380.0
38.78,0.747,87.5,13.68,3.007,132.3
31.50,3.609,411.8,24.55,2.125,581.3
51.45,2.254,2255.8,107.18,4.425,1086.9
79.75,4.436,284.8,13.73,1.743,1717.7
16.97,2.129,2486.1,140.17,2.237,239.1
13.22,1.258,555.4,237.05,3.427,31.2
74.32,1.897,4774.5,342.43,8.967,1045.1
77.74,2.563,336.6,20.20,2.630,1299.7
15.48,2.307,2587.2,90.53,1.803,473.4
51.37,6.419,513.3,17.23,1.897,1653.0
23.29,3.062,179.0,11.73,2.415,332.0
55.94,3.581,6.2,6.41,1.463,103.1
40.49,3.147,166.7,11.74,2.364,478.3
16.18,1.429,504.2,97.12,5.529,46.0
59.22,3.145,38.4,37.60,3.095,31.4
21.32,5.450,739.0,14.14,0.968,1166.7
49.16,1.779,211.4,133.13,4.988,71.9
245.74,3.624,293.1,430.48,11.349,142.1
19.15,4.431,94.4,7.01,1.631,280.4
205.14,3.875,131.7,50.19,2.320,509.4
61.43,0.940,1311.6,599.03,10.507,148.4
8.92,1.164,2069.0,90.10,7.388,183.0
12.64,2.811,611.3,34.95,1.102,164.0
184.97,3.201,86.0,170.83,4.260,93.1
17.71,0.780,185.5,29.37,6.678,24.9
193.22,6.555,248.4,69.95,3.739,707.5
98.46,2.796,690.8,63.68,3.311,1095.8
74.45,3.233,1256.0,284.01,5.569,332.1
7.29,1.543,230.5,117.73,3.667,33.8
17.69,3.545,1710.6,68.90,3.837,451.5
18.16,2.327,508.0,32.36,3.171,268.2
6.51,1.706,513.5,58.33,3.351,51.1
14.59,2.918,809.4,19.58,3.956,564.6
43.31,3.854,1262.7,177.60,11.798,289.8
343.03,13.127,436.6,70.97,1.053,2172.2
38.79,2.725,57.9,15.68,2.447,100.3
47.63,2.341,285.4,9.54,1.982,1660.7
112.38,3.217,271.6,16.11,1.835,1756.9
41.32,1.462,446.1,236.49,6.912,59.9
39.01,6.581,19.9,13.78,1.859,25.7
15.99,2.038,255.4,33.60,3.561,172.1
57.18,1.228,264.7,33.99,3.463,564.5
24.64,1.680,592.5,42.79,4.187,362.2
250.84,3.556,669.8,50.71,2.534,3207.3
43.04,4.969,102.0,30.55,1.211,153.5
17.65,2.894,800.9,23.70,3.957,607.8
26.56,1.262,2829.6,82.03,5.755,931.7
168.95,4.077,207.8,44.20,3.431,839.6
333.20,4.822,755.4,215.13,6.919,1094.8
53.94,4.624,134.3,6.33,1.500,1193.7
42.34,3.404,33.6,7.00,1.804,343.8
14.87,2.030,1253.5,20.52,4.598,867.0
40.57,2.630,521.4,34.26,3.399,596.4
25.60,4.327,407.0,21.66,1.277,448.2
98.41,3.053,640.5,24.40,2.348,2596.2
17.63,1.598,17.4,71.48,4.311,20.5
13.63,1.363,1046.1,308.06,5.544,36.2
80.86,4.738,2261.8,93.53,3.093,1924.6
42.16,6.492,55.6,7.93,1.664,257.6
68.71,2.721,54.2,10.85,2.069,402.3
40.74,3.285,565.7,99.88,3.580,216.3
114.02,2.897,42.1,7.56,1.248,364.7
53.68,4.286,37.7,9.90,1.650,141.2
15.11,2.259,30.6,19.61,3.179,67.1
8.81,1.196,1047.9,85.89,5.655,95.3
17.43,3.197,56.9,45.81,6.792,12.3
333.73,7.668,319.0,153.81,3.785,718.4
30.36,4.199,61.9,16.11,1.707,40.1
151.90,3.128,52.3,102.54,5.162,101.8
56.69,3.540,694.7,70.87,2.331,595.2
55.50,1.606,415.4,172.60,5.426,142.4
252.20,9.699,132.8,17.73,1.246,1792.8
88.26,2.405,694.4,24.61,2.595,2745.5
173.06,3.762,79.5,23.63,1.580,366.1
62.97,1.278,55.8,54.23,5.858,126.4
19.56,2.800,178.4,85.11,7.249,64.9
133.56,2.773,144.2,45.47,3.490,459.5
79.88,4.703,172.1,14.63,1.485,844.7
16.08,1.484,96.1,265.69,5.824,15.9
21.32,2.224,82.7,17.46,4.005,59.7
17.91,3.687,185.8,18.09,2.647,154.8
28.72,3.744,1038.4,85.91,2.070,349.9
37.33,1.773,464.4,72.84,4.064,202.8
56.79,1.068,1735.7,252.07,6.602,420.1
164.51,9.716,1229.4,108.22,4.234,1892.3
123.73,6.746,101.4,13.58,1.047,998.2
6.71,0.356,9353.8,223.96,18.919,258.8
65.08,2.004,30.0,268.72,6.277,11.3
153.79,6.102,315.0,62.55,2.898,805.0
106.57,3.268,1652.4,61.35,3.008,2884.3
7.76,0.506,292.1,102.19,12.767,43.9
228.46,7.093,320.2,102.87,3.023,725.3
91.72,6.922,726.9,183.62,8.532,348.7
72.02,1.482,233.3,118.16,5.792,118.5
268.90,5.026,254.3,15.71,1.545,4043.2
26.37,1.861,43.8,12.13,2.771,42.6
35.41,3.457,490.4,30.82,3.055,567.1
53.96,7.546,167.8,11.11,1.831,829.4
7.67,1.473,603.9,35.14,4.948,107.6
140.48,4.807,149.5,25.05,1.485,533.5
114.60,4.432,597.5,43.65,1.864,1483.6
39.90,3.526,269.2,40.05,1.853,263.8
15.76,1.440,393.4,144.68,3.346,10.5
87.27,5.733,76.6,177.53,4.024,22.2
136.70,5.975,172.8,66.61,5.528,261.8
143.17,5.456,39.0,21.31,1.258,122.1
9.79,1.123,2224.6,167.21,6.982,110.1
83.65,2.433,457.8,81.88,3.462,435.3
59.83,3.610,357.3,16.20,2.328,1344.8
14.28,2.350,1034.4,64.85,6.803,189.8
17.80,2.075,69.4,23.12,3.422,25.3
33.21,4.159,749.9,8.03,1.708,3305.0
35.70,3.563,1005.5,20.60,4.498,1770.8
17.93,3.900,519.6,22.79,1.786,384.6
67.34,2.804,368.6,115.36,3.372,176.6
24.89,3.336,572.9,52.12,2.912,271.3
8.67,1.130,856.5,83.32,5.790,100.6
38.92,3.168,1711.6,88.73,3.966,715.8
12.97,3.412,374.5,46.49,6.489,124.2
238.69,5.019,436.6,31.21,1.360,3471.3
86.88,4.414,358.3,40.84,1.658,696.5
96.99,4.164,743.2,97.61,3.189,703.1
18.41,1.159,387.3,17.11,4.136,392.5
6.44,1.261,1953.4,125.55,4.472,68.6
16.89,3.219,1441.8,22.15,1.924,1047.4
65.33,3.797,254.6,14.98,1.916,989.9
87.60,2.490,819.9,92.30,3.592,821.2
148.99,3.132,244.7,86.01,3.905,310.7
8.50,2.037,1077.4,33.42,2.614,284.7
30.39,3.532,200.8,26.47,5.123,263.5
500.66,9.948,339.7,75.45,1.346,2384.7
272.69,8.730,375.7,117.72,2.108,950.7
28.72,3.538,52.8,18.28,2.034,97.2
204.48,3.451,134.9,103.76,4.011,297.5
149.24,4.345,416.3,153.37,2.242,371.5
43.87,2.800,64.9,69.03,2.718,55.5
87.62,4.388,1182.4,78.63,2.191,1326.6
39.00,3.444,454.4,23.54,2.561,779.7
188.75,4.939,295.8,7.28,0.887,7468.4
53.09,2.860,432.3,110.73,2.467,211.4
140.72,2.758,681.8,131.46,4.740,695.4
292.48,4.935,144.2,99.93,4.726,330.8
32.32,1.871,208.7,106.12,3.922,86.3
121.50,10.033,463.1,47.84,0.649,1179.2
31.24,1.711,800.3,87.59,7.324,288.8
19.35,3.019,249.4,70.65,1.551,99.0
37.77,1.218,24.5,22.05,3.435,26.5
33.09,4.500,884.3,48.11,1.253,592.2
34.68,2.380,141.3,11.03,2.292,523.5
11.30,1.452,271.6,16.64,4.392,196.9
13.92,1.576,1350.4,177.93,3.128,117.6
54.52,1.897,969.8,76.94,4.096,674.9
83.72,2.779,1258.3,617.35,15.909,164.7
13.32,3.151,103.9,26.38,2.138,100.1
13.90,1.488,1851.3,187.09,3.077,90.0
98.26,7.798,369.1,20.55,2.009,1815.2
111.70,2.561,152.0,155.29,4.845,116.8
43.41,1.994,185.6,12.85,2.897,746.8
28.37,2.215,208.6,17.20,3.225,267.1
149.91,8.339,109.0,31.03,0.983,248.5
277.37,4.669,260.6,121.08,3.430,650.0
54.20,3.776,240.9,172.96,4.502,109.6
39.53,0.864,1684.6,344.13,8.298,200.8
8.97,1.719,30.7,60.50,3.408,37.1
39.95,3.299,128.7,44.27,3.029,135.9
178.55,4.952,81.2,328.56,6.751,43.4
11.60,2.235,143.7,73.26,1.093,75.8
51.12,4.618,823.0,91.47,2.103,458.2
211.29,8.218,137.1,17.05,2.165,1412.8
20.63,2.908,394.5,34.67,4.465,219.4
14.05,1.766,1968.0,50.94,5.149,540.5
36.25,1.595,674.1,187.33,5.407,150.2
64.36,5.903,313.2,72.86,4.364,226.9
26.10,6.628,501.8,19.15,0.558,592.1
32.75,7.236,26.1,10.33,1.532,157.3
30.51,5.634,76.4,35.99,2.660,36.8
43.55,2.784,1019.0,68.95,2.740,643.1
55.80,3.693,78.8,24.16,1.941,143.0
20.87,2.022,59.7,29.18,4.405,65.4
19.10,3.182,152.3,13.07,2.288,136.1
227.84,5.587,39.3,77.65,1.610,94.6
178.21,4.950,182.7,86.52,1.464,302.6
70.48,4.845,323.8,46.21,2.005,557.3
134.47,4.423,433.4,71.42,1.631,801.4
77.96,1.171,18.0,22.96,2.592,55.4
9.31,2.213,752.8,21.76,4.807,329.6
27.61,1.396,599.2,182.98,4.539,125.9
24.62,1.484,1697.7,248.06,4.755,169.6
18.62,2.630,1174.6,21.18,2.943,1071.1
14.54,1.199,2186.9,30.31,5.653,1048.9
314.32,8.098,1140.1,399.33,6.017,907.1
21.60,1.628,415.2,83.55,4.613,102.6
7.80,1.502,126.6,51.07,3.977,18.6
206.43,4.276,41.2,82.31,5.068,66.2
42.24,5.545,234.1,36.86,1.243,271.6
125.05,8.590,331.5,40.91,1.936,1069.5
146.38,8.051,41.4,16.50,2.496,145.7
124.61,3.000,30.0,16.21,1.641,112.4
18.78,1.837,344.8,38.21,4.371,153.8
36.30,4.119,811.2,31.07,1.689,971.0
53.19,6.186,581.7,55.09,1.263,558.1
78.74,2.050,650.6,24.97,3.443,2195.6
74.20,4.139,241.8,22.81,2.527,740.2
71.97,1.196,176.4,163.97,5.496,58.0
70.78,6.559,1159.0,73.39,3.241,1086.8
20.62,2.120,186.0,30.10,3.824,178.9
22.89,2.545,1212.3,91.51,1.755,326.3
67.81,4.133,171.8,13.68,2.351,911.6
43.84,1.381,241.4,31.45,3.943,314.0
189.06,7.166,159.1,34.29,1.841,1058.9
95.88,2.068,400.3,69.45,3.583,538.0
33.30,3.408,439.7,19.38,2.124,677.9
50.17,3.354,130.8,30.04,2.324,226.4
17.56,2.127,359.2,27.03,3.939,242.0
132.85,4.428,84.0,41.80,1.616,384.3
27.59,1.464,1390.1,225.07,4.639,168.2
19.85,2.271,1575.8,82.74,2.569,398.1
50.08,4.252,609.9,24.12,1.857,1327.6
49.45,1.796,137.2,30.29,3.762,279.0
20.33,2.545,521.0,61.82,2.047,103.7
70.43,3.646,798.5,128.98,2.165,410.8
23.76,0.958,1812.0,352.07,8.196,126.6
27.35,3.600,1258.6,151.38,9.034,250.7
103.48,2.383,246.4,29.75,2.345,926.4
46.10,4.467,272.0,41.71,2.230,349.4
62.18,3.881,532.8,22.43,2.116,1503.6
55.03,6.260,400.4,75.60,2.697,297.2
6.99,1.384,3481.6,54.38,4.335,410.9
37.98,2.787,217.5,41.84,3.060,209.5
6.66,0.644,3007.5,170.20,10.587,109.7
54.37,3.100,105.8,106.09,1.884,70.5
17.38,2.609,270.9,14.85,3.463,356.6
37.95,3.811,275.9,60.84,0.864,68.3
22.62,2.218,122.0,20.11,3.801,140.8
51.94,1.682,32.9,51.04,4.450,40.2
243.38,5.874,278.9,94.79,1.670,701.6
75.51,8.547,174.9,14.01,1.571,843.4
17.42,2.374,1239.1,35.50,2.864,582.7
25.90,2.004,1798.5,82.85,5.208,561.8
95.55,6.366,928.4,40.39,4.417,2243.4
13.91,2.176,911.7,72.90,2.799,158.3
9.92,2.007,384.0,33.00,3.749,156.8
196.44,11.164,149.6,12.26,1.594,2480.8
60.24,6.196,601.8,25.37,1.462,1378.6
89.23,2.068,38.0,7.23,1.510,326.7
11.01,1.530,1412.7,17.57,4.334,884.6
9.63,1.317,511.5,66.32,6.346,92.8
13.89,1.595,818.1,28.71,4.665,393.9
42.14,1.613,1664.8,204.16,4.718,370.7
23.16,2.717,290.5,64.35,5.795,95.6
58.89,3.764,571.5,101.42,8.346,335.5
40.76,2.728,329.0,104.54,2.817,108.8
38.72,2.851,339.8,143.02,2.825,68.9
31.91,3.286,794.0,22.13,3.074,1230.6
31.71,1.333,241.6,97.10,5.299,60.6
16.34,3.834,750.0,8.57,2.118,1443.7
185.79,2.929,60.6,226.97,7.821,108.2
94.30,5.200,141.1,145.24,2.410,94.9
26.59,1.076,488.6,22.02,4.771,450.3
92.20,2.825,136.8,10.99,1.558,952.0
48.05,1.585,314.2,226.86,8.959,55.4
106.69,7.330,24.3,102.40,2.214,44.2
31.49,1.185,1762.8,186.52,6.646,321.1
134.79,8.679,58.4,27.94,0.954,57.0
56.97,1.869,383.4,40.97,3.574,510.0
30.70,3.188,1812.1,95.33,1.626,544.6
32.47,2.807,1001.8,23.20,3.021,1414.6
42.68,4.646,1645.9,83.90,1.786,851.0
222.68,5.230,134.5,73.27,1.465,443.6
6.07,1.327,2726.2,63.43,3.452,278.8
7.29,1.742,1490.8,36.01,3.340,303.2
279.47,9.391,186.5,42.46,2.823,1442.1
26.69,2.006,56.4,129.62,3.773,44.8
58.76,1.376,787.6,72.20,4.264,615.7
83.03,4.179,1912.2,91.94,4.930,1686.9
19.12,2.261,2860.0,91.81,1.409,677.1
132.13,1.836,279.4,81.33,3.805,482.8
88.82,5.395,582.0,53.50,4.015,949.7
11.79,1.178,621.1,308.17,11.024,40.1
31.54,4.298,108.2,23.14,1.705,187.7
45.33,6.829,43.2,40.39,1.254,55.0
54.15,6.226,604.8,27.34,2.649,1175.2
36.56,1.349,1227.6,70.52,5.972,589.1
18.76,0.744,2448.4,504.91,7.889,80.3
82.80,2.889,206.0,10.51,1.878,1411.8
19.29,1.797,6.3,64.07,4.462,38.2
86.27,22.157,351.7,45.57,8.555,649.2
32.60,2.772,307.3,21.66,3.174,444.0
6.81,1.312,3187.9,53.77,4.763,418.5
23.32,1.972,183.0,62.63,3.777,63.4
6.58,1.688,2711.2,59.11,1.643,326.0
42.07,3.238,562.3,161.42,3.719,132.8
19.38,3.717,2393.4,79.73,5.120,584.3
15.14,1.876,331.4,76.13,2.890,59.7
11.01,2.551,732.6,35.06,1.454,231.3
36.36,3.210,807.3,23.86,3.033,1250.1
310.15,4.980,341.9,109.83,3.508,1000.4
20.72,4.394,135.5,9.87,1.744,314.8
68.54,5.574,333.1,18.02,1.957,1239.3
564.31,11.600,90.3,40.26,1.989,1306.7
19.88,3.487,14.5,8.36,2.186,122.7
30.79,3.267,269.7,11.42,2.066,767.3
217.75,8.788,97.7,65.30,3.365,402.4
24.21,4.254,90.4,13.33,2.039,159.8
15.46,2.456,91.7,48.68,2.455,54.2
19.18,1.741,652.2,109.91,3.730,107.7
8.70,1.979,443.2,18.38,3.957,233.4
33.86,3.565,351.5,28.32,4.334,426.8
9.99,2.102,214.2,30.96,3.548,58.1
12.07,2.383,483.3,52.43,4.687,91.3
70.71,2.087,1032.0,22.44,2.569,3209.6
113.30,9.175,114.4,25.22,3.428,412.0
91.65,3.837,41.6,57.54,1.890,36.4
6.92,1.334,126.5,132.48,3.266,30.4
25.88,2.487,269.9,71.35,3.513,109.6
58.00,3.108,632.8,225.55,4.011,171.0
165.42,2.513,125.1,122.75,3.898,186.9
17.83,1.672,118.2,73.12,4.193,13.6
37.81,4.184,265.3,20.33,1.693,535.5
83.86,1.405,411.8,39.29,4.030,875.4
297.29,6.623,31.8,138.06,5.276,53.5
23.51,2.404,187.0,40.00,3.574,137.1
16.01,4.153,1844.5,33.54,3.285,896.6
12.87,1.813,454.8,45.97,4.008,146.7
21.00,3.370,111.6,34.78,1.804,27.6
13.34,1.759,336.9,26.96,5.871,145.4
42.35,2.632,645.7,23.81,3.189,1272.6
85.67,2.440,145.3,30.42,2.654,400.7
39.45,2.269,278.1,87.52,3.798,80.4
23.14,4.318,325.9,14.60,1.625,504.8
45.46,2.395,1226.6,37.29,2.972,1509.3
11.65,3.055,1251.2,45.84,4.811,312.7
171.72,4.728,116.6,10.73,1.144,1984.8
45.74,1.305,49.4,46.46,4.850,89.1
113.44,3.851,55.6,18.45,2.438,383.6
39.83,6.761,460.9,34.54,1.148,534.4
9.52,1.165,351.5,53.74,9.719,31.2
28.66,1.995,1112.3,82.06,3.430,437.9
18.45,1.350,248.5,196.11,4.759,43.2
32.53,8.258,325.1,37.50,6.706,305.5
273.69,11.608,27.7,11.68,0.878,474.6
16.27,1.886,137.7,51.41,4.668,31.9
29.03,1.384,321.0,132.72,6.681,90.6
20.27,2.052,397.2,34.99,4.791,254.1
91.33,5.109,265.3,166.88,2.973,128.7
15.17,3.327,339.4,87.66,10.578,90.3
62.27,1.333,689.8,273.86,5.733,114.4
37.93,1.984,571.8,48.04,3.702,490.4
16.20,1.228,141.9,20.69,4.565,70.4
12.18,1.702,245.7,26.66,4.363,88.8
83.57,3.498,66.9,23.77,1.909,383.1
11.60,2.336,400.3,34.45,2.360,104.3
51.75,0.951,118.3,19.30,3.014,499.1
164.50,3.267,32.6,11.78,1.314,1069.0
28.60,5.422,1617.4,77.79,6.879,597.8
68.32,4.481,578.3,75.94,1.242,478.1
107.50,2.881,343.2,131.03,3.643,293.2
69.28,6.860,1082.5,44.07,2.842,1736.7
39.61,1.920,440.5,58.38,5.426,283.7
45.07,2.114,787.0,50.04,5.941,745.6
21.60,1.289,3068.1,117.11,5.763,558.3
58.82,5.726,179.4,11.32,1.249,949.5
150.14,3.926,110.8,27.65,2.021,843.4
63.34,2.029,22.8,11.17,1.928,20.3
87.70,4.598,204.0,78.45,1.088,210.2
8.84,1.182,302.0,166.57,3.536,10.0
14.58,2.015,542.7,84.02,3.842,117.5
25.90,3.588,13.6,40.69,3.798,95.4
138.28,3.556,274.9,98.09,3.018,369.9
28.72,1.616,32.2,16.47,3.177,97.4
21.17,2.590,254.6,50.98,2.232,87.1
34.03,6.636,316.8,22.73,1.289,468.4
24.89,1.333,942.1,64.34,5.734,354.3
10.18,1.987,253.8,67.11,1.168,12.5
19.26,1.375,840.7,60.18,5.221,304.1
102.27,4.366,915.0,53.05,2.011,1766.1
253.48,7.962,191.6,19.02,1.200,2323.9
14.06,1.562,403.4,112.46,3.008,60.3
58.16,4.237,314.2,99.22,7.664,196.7
91.32,6.035,788.8,59.68,2.933,1212.9
41.14,1.444,315.6,74.88,6.694,119.4
17.73,2.342,130.7,25.21,3.256,35.9
71.69,2.546,277.2,78.55,3.207,214.0
60.32,3.334,108.1,90.41,1.818,59.3
131.43,12.462,223.4,37.08,3.509,732.0
133.75,5.037,327.5,39.27,2.631,1180.5
42.83,3.025,34.1,70.57,2.173,43.0
70.75,1.358,19.6,35.85,3.389,70.7
6.21,0.881,18.7,218.54,3.056,19.5
125.36,1.735,498.8,60.27,3.656,1036.7
39.52,3.391,188.6,129.73,2.728,103.7
79.43,2.104,288.0,44.66,3.264,518.3
53.15,10.970,555.1,19.20,4.381,1477.4
48.00,2.432,354.9,18.68,4.245,822.5
19.22,3.268,283.7,13.60,2.413,351.9
32.78,3.648,35.5,28.94,3.432,72.4
7.64,1.340,1279.2,80.64,3.367,100.1
284.98,4.020,131.6,283.18,7.359,149.4
85.29,1.251,174.5,168.46,5.092,80.1
34.59,1.988,78.9,39.52,3.478,43.3
23.10,4.313,47.1,11.22,2.392,138.7
23.11,4.049,856.9,14.21,2.857,1382.7
193.54,6.359,153.4,57.40,1.489,543.9
27.96,0.915,285.7,92.63,6.754,74.5
86.66,1.771,249.7,105.62,4.211,193.2
32.92,2.202,206.0,179.09,3.011,30.8
20.75,4.527,387.1,19.73,1.844,405.7
41.51,2.484,2641.7,198.59,4.179,590.6
26.76,2.495,677.4,25.74,2.935,703.7
183.77,3.522,865.1,151.51,4.865,1089.9
115.90,2.276,514.5,20.43,2.339,2484.7
36.67,2.310,110.1,38.29,5.075,131.6
8.30,2.144,1531.0,46.35,5.694,279.5
16.19,3.872,569.6,21.31,2.008,404.8
37.05,3.449,226.2,31.23,2.044,270.7
149.02,4.178,141.1,76.70,2.391,177.2
86.15,4.109,171.9,60.96,2.399,278.7
30.55,2.883,1602.8,22.61,2.877,2109.2
45.82,3.040,154.0,20.99,2.850,355.2
109.05,4.944,1394.2,67.77,1.249,2246.0
23.16,2.646,590.0,54.58,6.048,282.1
31.57,1.769,792.8,54.93,4.443,446.6
29.34,2.863,85.6,51.21,3.088,58.3
8.59,1.884,4379.1,81.07,5.886,401.9
13.47,1.921,310.8,70.05,5.846,44.2
302.16,4.654,17.5,97.72,2.837,72.9
60.18,4.037,135.9,65.65,1.397,185.5
57.65,4.467,70.3,40.20,5.394,79.3
42.57,6.397,188.0,17.37,0.884,430.5
14.50,2.313,784.9,25.01,3.778,463.0
55.55,0.807,78.7,153.48,6.692,29.1
8.03,1.985,1377.3,20.60,3.496,523.3
19.09,3.314,210.6,31.07,3.260,120.5
102.69,4.736,407.2,47.48,2.346,837.5
11.01,2.650,260.8,68.70,4.429,34.3
28.37,4.504,254.6,13.28,1.569,539.4
106.22,3.270,806.9,200.18,10.839,440.3
293.23,5.305,148.7,38.88,2.321,1151.2
9.36,2.381,2386.5,30.45,2.365,710.0
39.56,2.752,794.6,54.05,3.604,595.2
61.82,2.489,47.6,138.11,4.510,22.1
31.76,3.130,1585.6,146.79,3.731,339.6
243.59,3.422,143.3,12.17,1.165,2006.7
106.92,3.660,882.3,38.19,2.762,2511.6
23.58,4.006,676.6,16.44,2.471,975.4
270.30,6.114,274.2,66.25,1.664,1084.2
35.53,2.054,95.5,37.39,3.423,136.4
192.30,2.683,102.1,57.69,2.974,363.4
44.60,7.741,43.7,21.80,2.297,107.4
31.17,3.350,425.9,13.56,2.349,910.3
9.02,2.043,122.1,28.07,4.897,22.8
578.74,18.872,54.0,134.13,4.953,147.7
21.30,5.112,233.0,22.13,1.068,249.3
13.45,1.676,679.7,64.79,3.729,131.4
23.63,1.846,5475.6,112.03,3.283,1158.8
27.43,4.407,84.9,44.05,1.350,84.1
16.66,2.615,80.9,43.74,1.834,40.0
29.62,4.015,521.2,18.83,1.728,846.7
27.00,3.544,1121.4,27.25,1.871,1163.4
21.61,5.503,898.1,13.76,0.769,1429.1
30.00,3.428,300.7,9.89,2.049,841.6
26.80,3.177,425.3,20.68,2.322,488.8
116.84,2.879,91.9,17.58,1.732,767.7
33.28,2.121,488.3,36.25,3.866,411.6
15.25,2.186,326.8,57.37,5.431,86.2
59.01,3.095,804.8,172.84,3.861,298.0
33.64,1.217,888.9,149.20,6.118,205.5
130.38,3.302,234.9,19.53,2.442,1662.6
9.65,1.214,4246.2,196.81,3.451,190.9
53.20,2.134,44.2,37.71,4.780,105.1
12.81,1.445,485.5,105.93,3.743,39.1
22.81,2.659,64.8,31.48,8.065,76.1
23.46,2.045,160.6,15.27,3.009,221.4
45.68,2.161,215.1,20.73,3.624,426.1
91.54,6.032,30.8,16.84,2.431,324.9
42.33,5.337,267.5,40.64,0.679,283.0
93.31,5.085,425.0,105.90,2.952,378.6
54.48,3.836,248.1,18.16,1.888,656.0
14.64,2.141,539.5,130.94,10.462,65.7
17.16,0.421,12421.1,727.64,18.141,304.0
81.49,4.884,210.0,26.97,1.477,661.5
40.42,1.430,13.1,8.60,2.203,15.9
187.83,6.176,203.8,42.87,1.174,984.4
89.80,3.836,134.9,8.19,1.945,1411.9
46.05,1.788,942.3,92.91,8.321,457.6
10.41,2.143,705.6,20.23,3.309,411.8
139.25,5.058,215.5,15.08,1.226,2120.3
68.76,4.206,715.2,38.87,3.200,1210.8
268.63,4.488,93.4,10.01,1.143,1900.0
46.37,5.348,306.8,7.39,1.303,1798.3
67.40,4.959,455.6,22.74,2.322,1289.8
16.56,1.302,1400.1,121.59,5.896,185.9
81.29,3.113,93.5,212.37,2.960,50.2
204.85,5.643,558.8,60.04,1.685,1869.8
61.84,4.354,42.6,13.64,3.204,198.9
20.08,4.283,251.4,15.89,3.367,332.4
15.83,1.307,1059.0,160.82,3.951,90.5
29.21,2.007,664.4,25.47,3.257,751.4
6.79,1.691,450.4,20.03,4.585,128.4
226.79,4.964,510.8,215.44,5.547,549.0
6.74,1.608,1625.6,34.03,3.902,355.5
25.58,4.318,23.3,10.37,1.675,137.8
71.02,1.260,275.9,28.21,3.404,637.1
6.52,1.447,479.0,93.53,4.280,68.8
145.32,4.722,168.1,51.55,1.555,428.3
104.70,4.992,376.2,69.67,1.983,530.8
160.93,5.058,733.1,110.64,4.755,1056.3
8.24,1.622,1222.0,50.93,3.517,248.9
23.69,3.296,914.7,10.29,2.102,2051.9
48.11,2.778,184.6,10.61,2.584,881.9
33.71,1.587,725.2,27.35,3.688,880.6
17.71,3.026,96.0,51.53,1.579,26.4
43.75,6.322,1040.4,35.50,1.761,1243.9
118.65,2.975,82.4,144.16,5.782,23.5
62.92,4.696,911.6,62.75,5.250,903.9
16.11,1.907,1588.2,84.38,3.941,299.5
28.08,5.706,104.0,6.98,1.310,427.0
9.35,2.148,462.7,16.48,3.333,263.5
18.02,3.602,456.3,28.22,2.198,288.0
16.28,2.230,809.6,37.55,3.053,385.6
6.12,1.275,4684.8,123.05,7.136,253.8
125.16,3.701,183.7,37.52,2.058,624.4
40.11,5.350,1314.8,30.10,1.327,1769.8
38.27,2.901,323.8,16.88,2.339,664.0
26.98,1.298,89.4,32.96,5.558,53.2
16.30,1.591,57.5,42.35,5.107,59.4
9.30,1.899,2505.2,74.90,4.120,301.6
10.56,2.459,623.4,69.21,2.930,97.0
20.22,1.161,569.5,27.20,6.259,403.5
130.93,2.615,90.7,6.23,1.282,1807.0
89.46,6.774,93.7,14.91,1.217,513.4
137.37,4.862,437.0,98.36,4.060,644.2
118.89,1.901,230.5,305.91,6.536,101.5
20.60,1.200,2644.2,93.17,7.752,582.3
20.91,3.481,779.9,30.79,1.384,522.0
36.95,2.745,417.5,25.26,2.637,595.9
96.44,5.099,46.8,6.32,1.042,66.9
235.37,9.545,216.3,68.11,1.387,753.0
39.36,1.990,252.5,27.63,3.114,316.1
19.78,2.954,335.1,158.26,10.417,58.7
166.39,4.200,164.3,31.75,1.993,834.4
20.38,1.849,45.4,41.76,10.410,18.2
37.81,2.082,48.7,60.05,3.517,62.4
232.99,10.533,590.9,195.04,4.936,740.5
31.09,3.897,99.4,27.62,1.607,94.6
101.42,4.650,309.9,15.74,1.398,1942.6
130.28,17.043,863.6,50.10,8.019,2237.4
45.53,3.228,759.5,145.02,4.822,281.0
25.85,4.264,246.3,10.87,2.849,631.6
61.07,7.434,260.8,15.51,1.979,975.4
116.32,4.177,281.9,35.51,1.704,907.5
19.18,1.941,185.2,55.16,5.776,97.1
54.91,3.533,348.2,64.13,2.320,282.2
357.26,6.605,669.7,232.85,7.097,1013.5
83.64,4.616,524.8,17.44,1.492,2571.4
26.53,1.264,172.5,18.79,4.255,296.0
31.92,2.839,1185.9,86.49,2.690,451.2
16.22,3.084,881.8,61.03,2.811,276.8
21.19,1.866,53.8,14.14,3.133,66.2
137.17,4.833,235.0,43.35,2.613,839.7
75.89,2.945,199.0,396.14,7.594,28.9
32.83,0.880,295.4,30.83,4.368,237.5
33.44,5.780,56.3,27.63,4.031,74.4
7.49,0.826,2639.8,110.73,9.394,178.5
16.79,2.563,3347.4,20.00,2.908,2774.9
27.86,2.151,95.5,93.57,3.194,9.9
41.47,2.455,130.8,37.03,3.846,152.4
82.82,1.287,23.5,9.33,1.865,400.2
13.15,3.432,127.9,26.92,6.671,95.6
17.63,1.680,5692.4,164.31,4.126,632.8
46.20,2.618,1937.3,146.78,3.763,604.8
7.90,1.384,1891.8,80.37,3.924,176.9
59.82,2.593,238.7,42.49,3.086,387.3
11.11,2.920,454.9,29.20,1.356,183.3
17.48,1.423,1588.4,141.46,4.061,173.1
86.38,2.985,465.5,19.39,2.055,2032.6
10.36,2.402,106.1,30.14,2.649,29.5
10.22,2.283,950.6,92.76,4.771,125.9
41.23,2.973,136.2,30.08,3.542,226.9
66.93,3.328,36.5,93.39,2.340,32.0
35.25,3.822,39.0,31.64,3.574,58.9
21.94,1.359,583.2,190.09,4.170,73.9
14.56,2.968,127.6,27.69,3.729,38.8
153.77,4.077,20.5,38.01,1.907,36.3
123.93,2.428,248.2,6.15,1.217,4979.5
284.60,7.043,114.8,97.41,5.434,224.3
12.32,2.069,1357.7,46.50,2.705,287.0
251.53,5.659,56.8,10.15,1.248,314.3
669.87,9.324,799.9,222.27,5.214,2344.2
7.00,1.070,148.1,152.62,3.236,16.7
63.63,1.522,441.1,67.21,7.089,369.5
38.55,2.026,53.4,21.44,3.060,65.1
163.73,2.804,436.4,22.61,1.895,3062.3
12.85,2.368,52.8,14.40,3.708,25.2
141.70,6.325,60.6,34.95,2.190,255.1
6.57,1.621,622.6,48.85,3.391,96.2
66.65,3.756,488.2,63.11,2.458,466.8
143.07,4.539,53.1,159.87,2.569,86.8
110.87,3.546,22.2,46.39,4.226,11.9
74.42,2.851,706.9,338.41,4.999,131.1
164.35,5.278,899.2,50.71,1.699,2855.5
88.43,1.768,366.9,115.27,5.990,298.7
48.59,2.271,623.8,263.42,21.586,143.8
15.61,0.992,2516.0,294.90,5.556,130.8
41.33,1.526,221.1,14.91,2.695,599.0
13.57,3.091,218.7,28.96,2.027,121.2
19.16,3.622,128.9,11.34,2.954,192.6
74.08,6.681,79.6,26.26,1.498,202.7
11.72,1.945,1790.2,47.33,6.598,487.8
85.32,4.593,711.1,118.65,1.760,508.5
50.23,5.244,504.7,11.99,1.371,2043.2
89.80,3.414,1937.9,254.66,3.708,670.2
46.99,1.387,875.5,213.92,5.310,212.7
160.53,3.063,39.9,16.34,1.679,110.9
48.48,4.868,101.5,58.53,2.175,90.5
38.34,2.063,182.9,276.83,14.277,45.1
53.57,5.484,306.8,26.73,1.306,623.4
18.87,1.274,1409.1,137.39,5.781,191.5
13.17,3.305,170.0,13.83,2.097,191.4
20.07,2.511,141.5,29.64,4.623,110.5
32.09,6.704,252.7,9.69,1.049,825.7
6.29,1.193,719.2,34.01,6.406,134.9
208.42,6.370,403.2,63.56,1.587,1379.8
36.77,3.961,175.9,34.10,3.703,257.5
106.28,3.011,223.9,48.62,2.871,351.3
22.15,0.987,419.5,332.18,5.912,53.4
24.89,2.919,768.9,45.39,8.852,407.1
10.55,2.294,1590.8,24.74,3.173,667.5
19.94,1.035,229.5,15.32,3.886,229.8
170.61,4.044,546.3,398.45,5.837,261.0
29.87,7.763,39.3,12.25,0.649,183.5
23.78,1.755,67.1,21.11,3.540,55.2
65.19,4.424,15.8,6.89,1.303,87.2
710.56,12.477,36.1,26.04,1.469,809.9
45.38,1.817,548.0,50.19,4.607,454.2
35.28,3.149,230.8,49.67,2.126,123.1
12.27,2.644,263.6,25.54,2.310,103.0
31.27,2.494,715.3,11.21,2.915,1847.3
18.38,1.536,1599.3,60.93,5.364,475.4
56.67,5.482,70.1,87.41,3.940,39.0
43.48,2.569,41.1,52.12,2.949,23.8
54.53,7.805,92.9,14.06,1.056,327.5
244.88,3.958,146.2,271.98,6.123,83.2
65.50,3.857,42.8,24.56,1.837,93.8
15.96,2.300,1498.4,76.05,2.979,328.7
66.33,2.057,926.2,36.85,3.212,1619.7
142.38,6.104,1192.1,217.90,5.826,728.6
72.63,4.094,96.1,10.01,1.448,726.1
109.84,5.285,334.5,13.44,1.259,2685.0
144.19,2.595,113.3,39.57,2.676,621.6
169.01,2.302,114.3,28.51,2.420,896.2
120.24,9.697,340.2,35.70,5.155,1142.1
24.71,2.698,545.8,55.88,2.176,241.1
45.09,2.047,989.9,11.91,2.512,3890.8
31.03,1.872,793.8,37.81,4.238,617.5
13.45,3.190,913.0,30.28,2.390,369.3
12.53,0.831,1640.7,85.07,9.469,242.1
24.96,4.517,482.6,22.72,1.211,574.2
22.66,3.143,80.8,10.14,2.227,146.8
31.10,3.553,970.1,38.64,1.953,772.1
33.06,3.148,372.1,14.17,2.160,824.4
61.95,3.572,292.3,15.53,2.323,1253.6
11.48,2.325,1598.6,40.22,3.508,437.3
38.39,3.640,400.6,23.05,2.756,627.8
41.32,3.765,21.7,15.77,2.070,61.5
113.06,11.792,83.3,97.50,15.093,129.2
114.35,8.902,252.5,129.80,12.119,260.2
39.85,5.620,305.4,8.44,1.432,1371.7
32.62,0.965,280.1,189.36,9.722,45.7
119.39,2.279,40.3,41.18,3.632,82.4
31.19,3.231,78.9,29.58,3.355,46.1
29.37,2.278,833.2,21.76,5.470,1120.0
252.21,4.824,36.5,42.70,1.758,184.4
10.82,1.802,5.5,32.79,4.830,29.8
40.05,1.835,34.2,27.13,3.176,32.4
30.62,1.332,1552.9,217.90,6.861,236.5
166.81,4.813,848.2,73.06,3.277,1904.3
66.91,1.809,1180.6,57.09,3.455,1431.4
222.80,4.618,551.3,26.67,1.339,4353.3
128.08,5.144,1106.5,19.57,1.579,7061.1
63.86,3.957,54.3,7.57,1.674,683.7
20.76,2.875,26.5,19.80,2.710,23.7
30.78,0.746,834.6,45.40,6.958,610.4
59.97,4.221,63.0,27.19,2.022,72.1
38.70,3.828,387.3,18.54,2.706,778.8
8.19,2.028,454.7,50.05,1.224,75.7
145.10,5.625,516.5,78.70,3.865,895.2
29.46,3.207,1059.0,45.61,1.728,670.6
299.63,9.719,315.1,20.67,1.685,3985.6
55.73,2.545,167.0,521.21,7.940,56.4
35.14,3.749,29.5,14.72,3.403,98.4
22.11,3.386,1660.2,22.77,2.883,1566.8
37.07,1.801,372.5,25.64,3.212,545.5
36.39,5.820,216.2,35.47,2.676,234.4
49.36,1.071,358.3,30.22,4.794,731.7
35.54,3.484,287.2,50.95,4.176,205.1
160.13,7.246,58.6,77.01,1.409,107.2
25.40,3.311,111.0,32.05,3.147,90.3
12.70,2.022,1046.0,42.32,5.055,312.4
32.17,2.646,124.0,15.30,2.567,310.7
22.50,2.309,635.5,76.44,7.485,190.4
32.55,5.157,654.3,104.25,7.378,202.6
14.66,2.084,2239.4,117.88,1.993,227.9
23.43,0.971,138.8,101.55,7.558,34.5
9.85,2.161,1900.7,28.40,3.820,631.6
229.39,6.235,114.2,12.48,0.912,1930.5
7.23,1.817,192.0,28.52,3.570,66.2
263.94,5.798,61.6,12.90,0.925,861.7
87.36,2.341,426.3,60.18,3.670,505.9
250.68,3.420,70.1,23.88,1.913,398.6
24.10,2.194,670.0,20.91,4.658,761.9
20.25,3.148,3060.0,71.43,5.545,880.0
109.64,4.510,298.4,20.53,2.888,1491.6
153.99,4.712,690.1,137.98,2.233,739.7
16.36,2.712,714.8,33.79,5.158,320.5
9.16,1.824,3024.3,25.93,5.972,1062.9
103.69,3.394,282.1,208.80,2.817,128.3
66.76,3.862,63.9,7.48,1.364,815.9
26.67,1.243,314.4,27.22,4.358,261.3
1269.95,38.187,208.8,89.29,3.959,3191.4
128.31,3.540,125.4,18.91,1.758,919.0
49.16,1.786,424.3,67.41,7.826,301.0
86.71,5.700,610.4,30.66,1.345,1732.4
30.51,3.859,481.8,77.18,3.760,134.6
33.14,2.259,438.8,23.23,3.320,636.5
8.19,2.124,3132.0,37.79,2.318,704.7
49.49,2.669,773.2,90.20,2.805,493.2
47.81,1.056,488.2,97.88,5.655,231.4
153.69,4.230,44.1,6.74,0.947,774.7
13.84,1.433,660.6,128.43,3.378,44.7
28.93,4.011,316.7,15.50,1.910,668.8
92.33,6.715,309.2,91.99,4.692,295.5
57.11,3.797,599.6,17.62,1.806,1957.5
38.56,3.758,333.3,35.08,1.738,380.7
23.70,5.400,142.8,9.70,1.410,253.8
119.12,2.251,383.4,32.94,2.745,1456.8
120.04,5.002,149.7,100.70,2.172,221.6
22.09,2.906,192.6,42.84,1.874,125.5
72.66,2.062,53.7,110.51,4.323,47.6
87.40,2.862,392.1,244.38,5.239,93.2
20.40,1.160,3737.8,36.49,5.978,2071.9
9.19,1.629,620.5,85.17,1.836,76.0
74.63,3.420,319.6,88.10,3.869,287.3
572.72,16.237,236.9,43.84,2.696,3643.6
99.03,3.955,376.6,57.91,2.388,618.9
98.88,4.293,173.2,65.54,1.759,309.4
231.82,5.800,606.9,420.56,7.195,334.3
153.88,3.738,284.0,12.58,1.824,3705.0
22.31,1.209,1.8,49.46,5.495,34.6
91.72,3.616,220.9,147.25,2.479,141.2
94.48,3.736,88.2,9.14,1.319,1113.0
14.48,3.314,200.0,79.29,6.803,4.2
73.86,1.051,253.5,6.58,1.527,2286.5
90.61,4.948,501.5,38.79,2.082,1272.0
15.57,1.506,218.1,162.80,4.911,35.8
99.60,7.643,89.4,50.52,2.996,148.3
77.63,1.619,707.4,61.73,3.985,884.3
63.80,3.978,15.7,8.11,1.469,161.0
23.49,2.268,458.8,41.18,4.137,254.4
19.19,2.624,263.4,45.14,2.165,83.1
23.21,1.728,1366.1,145.51,3.552,188.2
10.34,1.762,493.2,22.23,4.555,205.8
10.47,1.375,286.9,168.62,4.507,9.3
12.64,0.796,881.3,254.82,10.894,44.9
11.69,2.430,70.1,16.89,2.947,10.8
51.74,2.984,1088.9,158.86,3.173,345.6
27.22,1.393,146.9,13.31,3.072,380.9
128.58,3.050,277.4,89.99,4.925,318.0
34.13,2.287,87.8,73.96,3.203,76.8
47.36,4.957,194.1,38.85,2.411,269.9
160.12,3.318,35.6,13.67,1.371,248.2
119.00,4.021,235.4,17.04,2.594,1622.6
44.49,1.748,711.0,220.65,4.722,140.3
57.59,5.221,62.0,18.79,2.890,114.8
73.85,4.861,67.1,16.24,1.472,400.0
40.40,4.552,151.9,31.75,1.632,117.0
89.08,3.277,76.3,7.76,1.294,819.9
20.11,2.822,254.6,27.20,2.888,239.2
118.80,4.888,816.1,84.58,1.544,1148.0
162.81,11.628,12.1,19.11,1.839,14.8
53.42,3.638,477.6,88.77,1.328,313.6
35.32,1.867,242.9,27.71,3.336,421.6
117.67,4.312,297.7,224.26,6.486,136.3
137.10,5.867,23.4,15.22,1.655,78.4
57.53,2.067,24.0,14.87,3.147,166.2
40.57,2.677,575.8,42.22,3.242,548.0
21.77,2.273,282.0,48.81,3.073,114.2
224.98,5.972,320.3,277.37,4.750,289.8
97.94,3.523,386.6,83.62,2.808,412.6
20.07,1.328,3987.7,66.39,5.647,1215.2
8.08,0.643,2485.9,300.98,11.578,79.9
22.04,2.913,25.5,67.68,2.029,55.9
119.79,1.692,631.4,135.32,4.608,523.5
13.83,1.333,2920.0,210.12,6.865,217.0
155.63,4.416,44.2,10.23,1.326,546.8
42.36,5.341,387.1,80.67,3.408,214.9
30.28,2.130,330.3,25.23,3.134,406.8
70.35,2.032,600.1,23.81,2.544,1788.9
98.66,3.763,573.3,9.05,1.285,6301.1
50.44,1.666,611.7,70.14,4.232,446.8
29.56,2.199,75.6,49.07,9.273,59.1
32.57,3.480,207.2,21.59,2.845,342.4
11.84,2.380,1937.9,40.93,1.887,611.6
21.61,3.237,123.6,58.14,4.384,56.9
88.05,3.198,156.5,53.37,3.367,287.2
123.13,1.692,429.1,21.21,2.133,2362.3
41.04,2.187,56.2,14.55,2.588,262.7
51.27,4.727,260.5,97.21,1.777,107.1
170.52,11.245,848.8,250.03,10.032,552.9
10.96,1.566,1426.2,42.92,7.633,355.8
20.71,2.500,57.7,16.36,2.804,101.2
70.19,1.551,54.6,52.06,4.365,97.4
54.07,6.813,82.1,40.72,1.773,99.9
34.42,2.814,47.3,36.62,2.643,36.8
43.56,3.154,675.7,19.18,3.390,1497.6
143.14,3.818,17.4,72.67,3.588,28.3
53.87,2.434,49.0,71.29,3.914,14.1
107.83,2.050,251.3,35.82,2.957,663.4
28.79,1.955,1923.2,80.30,3.713,708.6
177.50,9.953,226.8,11.39,0.820,3730.3
14.56,1.921,1009.5,121.59,2.646,103.5
37.50,3.407,396.8,58.11,1.394,264.7
76.81,1.780,523.7,65.80,3.633,645.4
197.02,4.570,111.5,77.24,2.677,353.4
20.71,2.014,3590.6,102.01,5.220,701.5
61.51,3.574,12.4,31.27,5.120,93.7
22.97,1.947,189.3,36.84,3.727,134.4
34.97,1.828,86.4,146.29,7.362,16.4
29.40,5.435,205.4,6.54,1.342,927.7
49.55,4.745,49.7,42.54,1.407,14.7
23.15,3.240,1077.8,16.47,2.851,1502.5
32.54,2.558,943.4,136.94,4.288,227.2
25.05,4.958,75.0,29.67,4.556,24.2
12.22,2.033,4928.0,99.21,10.137,613.2
126.24,3.745,28.1,31.82,2.150,183.6
17.66,3.954,60.7,14.66,2.557,25.7
25.61,2.469,78.8,38.47,3.173,110.3
75.33,2.926,904.0,91.02,4.897,737.7
35.95,2.079,1150.5,42.99,3.867,1008.0
55.04,2.367,418.4,76.44,3.655,263.5
31.73,2.605,859.2,120.45,7.509,222.6
54.12,2.687,710.0,59.68,6.430,600.8
9.03,1.360,2006.0,109.06,3.420,191.2
92.38,1.867,99.5,73.65,3.510,108.9
50.03,4.446,86.4,23.07,2.188,154.0
37.80,2.605,888.6,194.27,4.141,197.7
14.47,1.248,359.6,38.49,6.138,152.3
183.61,6.622,1002.9,695.98,14.910,249.0
21.76,1.004,23.6,29.80,4.902,56.5
29.99,0.870,2172.1,65.63,6.489,978.3
23.95,1.585,83.3,58.48,4.758,27.8
54.91,2.266,800.8,39.14,3.009,1086.7
39.94,2.132,17.5,19.63,2.868,42.8
13.27,2.209,1437.2,41.70,4.662,454.6
30.37,1.393,86.9,40.78,4.592,25.9
29.05,1.045,287.8,33.44,4.790,150.7
14.50,2.927,96.7,43.20,1.565,14.6
10.85,2.407,2604.2,44.11,2.982,620.2
28.61,3.466,218.5,25.45,2.007,253.0
39.74,1.771,40.0,29.25,3.536,15.2
15.59,3.468,86.1,23.07,1.588,99.1
83.71,3.514,237.9,65.88,3.193,236.3
94.80,1.406,195.7,59.61,3.985,301.5
96.09,1.504,223.0,34.35,3.468,664.3
24.29,5.244,699.4,9.52,1.649,1801.6
21.23,2.385,65.9,57.20,4.208,20.1
26.91,2.130,213.1,55.15,4.413,142.5
222.10,3.304,51.3,103.45,5.191,145.3
39.49,3.677,791.1,27.98,2.379,1097.7
33.63,5.188,203.5,9.94,1.475,710.3
16.63,1.718,642.8,88.20,3.439,79.6
41.16,6.234,427.4,45.52,1.744,359.5
127.51,8.181,33.6,19.23,1.043,107.9
24.39,3.492,89.3,7.96,1.922,308.4
79.37,4.795,30.7,36.28,1.649,6.8
17.95,3.058,1432.8,36.38,1.500,672.6
36.77,3.124,509.4,76.69,2.122,222.1
106.46,4.139,866.9,93.84,1.945,1035.6
23.29,3.878,363.4,34.53,0.971,284.4
215.21,4.007,510.8,169.21,3.581,721.8
13.72,1.844,997.9,22.46,4.089,621.5
29.84,3.945,36.6,8.93,1.933,75.5
10.47,2.253,3858.5,89.37,4.195,485.3
147.58,7.181,172.3,57.74,6.105,448.5
45.10,7.843,659.7,14.69,1.176,2014.9
9.29,1.971,181.8,52.70,2.825,6.2
233.79,4.857,29.9,23.16,1.761,135.8
145.50,5.136,129.9,42.50,1.585,506.6
21.58,4.934,526.8,15.83,2.060,630.0
44.59,1.536,95.9,99.73,5.197,53.0
244.35,4.694,572.1,135.21,2.933,1035.8
58.21,2.644,249.4,44.52,4.703,336.8
186.99,3.187,28.5,57.76,3.601,105.4
445.29,15.589,160.5,34.52,2.543,1672.8
165.87,4.786,878.3,100.07,2.572,1549.4
13.40,2.126,242.0,16.58,3.499,201.1
39.56,2.752,39.4,16.13,2.485,35.7
267.44,7.642,301.2,123.48,3.181,616.9
15.83,3.391,58.1,24.90,1.489,42.9
74.83,4.018,1091.3,88.13,2.634,951.6
95.41,1.621,167.4,282.18,6.288,71.3
37.92,4.481,117.9,16.84,2.665,245.6
16.25,3.394,1357.1,35.24,4.405,614.6
6.38,1.269,2049.3,112.71,2.477,69.9
40.26,2.105,87.6,37.45,3.226,138.5
44.27,2.882,461.7,18.05,2.746,1081.8
11.92,2.876,247.6,29.50,2.366,70.8
36.52,2.029,131.1,9.27,2.245,510.3
240.32,8.747,552.3,24.44,1.182,5435.2
53.60,1.932,347.4,28.23,2.972,686.0
96.82,4.475,423.0,49.76,1.551,813.0
31.58,4.566,590.6,31.50,1.815,612.5
20.94,1.782,2784.6,133.28,4.094,421.2
236.56,3.461,58.4,9.56,1.108,198.6
84.03,2.661,163.2,273.40,13.787,30.3
9.78,1.854,758.8,16.12,3.887,469.6
88.12,1.510,165.3,44.34,3.604,303.8
99.66,4.778,2015.0,98.29,2.803,2083.1
126.64,3.333,431.0,37.13,2.179,1520.0
84.82,4.892,71.0,23.63,1.566,274.2
45.56,3.035,741.6,146.97,4.643,241.8
30.40,3.666,82.3,13.01,1.960,208.3
65.77,2.292,79.3,80.61,7.305,87.2
153.65,5.606,809.4,123.80,5.314,1025.7
79.98,1.555,585.4,204.26,5.346,220.2
79.85,10.096,239.8,49.14,2.508,413.6
70.09,5.580,401.9,142.13,5.601,177.9
20.23,2.912,541.7,39.82,2.959,266.1
23.55,4.191,672.0,34.95,0.673,468.9
26.86,2.398,180.0,123.49,2.793,55.1
86.78,13.079,173.0,29.59,7.203,448.1
136.82,6.354,491.5,93.49,2.048,683.9
38.24,3.045,101.2,16.36,2.209,156.9
14.52,3.209,439.3,23.44,4.713,216.3
9.00,1.606,451.4,120.49,2.051,14.6
65.73,1.343,38.3,61.80,5.068,51.2
178.08,3.979,34.1,21.84,2.224,296.2
43.01,2.581,88.7,8.78,1.959,503.3
113.50,3.994,80.3,85.16,3.904,102.2
26.32,4.186,1168.1,20.11,2.120,1563.0
69.83,3.321,618.2,93.75,3.171,487.6
60.03,3.194,274.6,177.71,7.654,88.7
74.99,3.087,1407.6,87.81,2.979,1223.9
34.33,6.004,31.7,74.66,5.215,61.1
316.05,4.921,31.6,12.62,1.082,588.0
37.22,2.653,74.4,11.21,2.809,198.2
21.41,2.734,162.5,15.77,3.671,220.4
79.37,3.122,359.3,40.94,2.729,702.9
26.16,4.298,41.9,8.05,1.682,69.8
47.00,2.319,424.4,28.04,2.882,682.7
205.87,4.580,61.6,87.28,4.122,83.3
59.45,1.152,153.7,133.63,7.676,74.1
64.92,2.748,469.5,28.82,2.507,983.8
45.80,3.012,1354.6,89.14,1.903,721.2
43.54,2.264,106.1,64.97,3.862,57.0
34.10,1.851,271.0,15.36,2.878,515.6
52.95,5.828,290.6,25.96,1.210,666.5
39.30,3.893,53.7,27.62,2.819,94.7
59.25,1.359,227.1,28.40,3.651,464.2
43.08,2.806,200.8,169.92,3.387,54.6
9.06,1.723,1172.6,58.49,2.570,188.6
176.53,4.081,99.1,20.91,1.601,758.2
173.66,3.323,200.0,283.34,6.311,142.7
400.22,6.714,465.0,300.35,5.357,628.8
37.38,2.197,735.7,113.81,3.684,200.5
15.61,1.370,2211.5,116.97,5.825,296.8
14.82,3.084,478.3,30.90,1.922,225.1
21.66,3.012,126.2,37.20,4.337,104.9
8.25,1.496,142.7,107.82,4.481,34.5
23.05,4.020,39.2,13.63,2.002,60.5
62.11,4.616,179.9,75.87,1.660,112.2
22.42,2.927,620.1,35.42,2.200,412.4
88.14,1.385,757.0,148.84,5.114,463.3
6.28,1.199,144.1,89.88,3.604,14.0
42.63,2.574,3260.0,246.76,4.065,530.7
39.93,0.976,430.1,15.28,3.621,1075.2
43.55,1.640,324.8,133.28,8.069,92.3
100.79,5.418,86.4,22.92,2.594,352.8
24.70,3.479,957.7,20.44,3.825,1172.6
23.91,4.137,58.3,29.66,2.814,12.5
79.67,2.284,230.6,198.63,5.634,100.7
8.26,2.148,2158.3,61.02,2.062,255.3
13.80,3.225,439.8,31.58,1.052,188.9
11.34,2.923,2123.2,14.24,3.456,1689.5
112.03,1.938,35.3,114.98,4.076,21.5
118.34,8.287,38.5,34.35,5.214,37.3
63.58,3.045,87.9,53.58,3.600,31.3
17.75,1.309,244.5,16.12,4.207,257.5
11.95,2.554,535.2,18.34,2.788,266.8
20.65,3.848,513.6,34.59,4.405,282.9
18.49,0.743,975.0,53.66,6.987,327.5
100.55,2.179,698.3,198.62,4.658,352.2
31.75,2.380,188.3,113.84,5.561,65.3
90.34,2.707,361.7,18.29,2.066,1853.1
46.22,3.186,9.8,37.23,4.043,21.9
74.95,6.439,61.5,7.85,1.309,303.9
23.59,3.196,3124.4,121.36,4.541,587.5
379.93,6.375,3.1,34.42,2.061,202.8
27.44,1.805,144.5,45.29,4.435,49.5
22.81,3.992,466.8,11.07,2.109,930.3
10.42,1.583,56.3,55.64,4.257,73.9
42.93,1.391,5182.1,207.41,5.290,1054.7
68.35,3.184,325.9,73.91,2.568,268.7
14.55,1.604,918.6,71.26,4.218,223.6
29.68,0.997,121.4,123.51,6.978,18.2
18.42,1.003,451.0,52.31,6.364,161.6
21.12,2.887,156.7,18.17,3.703,187.5
50.96,3.691,66.7,35.05,2.136,129.9
17.86,2.198,140.3,50.61,5.398,29.1
29.83,3.730,485.1,23.08,1.947,618.3
28.88,1.513,170.9,261.02,4.629,13.8
43.05,3.141,1570.4,131.06,2.875,498.1
62.26,2.499,359.6,109.27,7.354,203.8
59.98,5.844,151.3,12.45,2.436,741.9
104.69,1.992,93.3,63.64,3.265,179.7
333.84,8.904,282.3,152.84,6.469,678.4
249.44,8.310,177.8,312.37,4.457,185.4
132.90,2.175,379.9,76.83,3.292,705.5
125.20,6.057,169.8,45.06,2.847,524.3
167.00,2.813,308.5,54.34,2.988,916.3
207.81,6.125,108.3,105.66,2.543,235.1
27.29,1.541,84.3,28.65,3.872,18.7
134.57,5.214,56.1,115.42,2.366,58.6
59.59,2.381,191.5,47.96,4.051,302.9
20.25,4.198,90.7,38.58,1.437,94.9
103.77,3.470,11.4,162.79,3.882,9.0
184.60,3.949,91.2,15.74,1.817,1167.9
123.25,3.254,417.7,34.93,2.277,1721.3
15.12,2.906,38.3,16.00,2.854,72.6
43.93,2.920,382.9,135.55,2.233,141.5
34.73,2.880,201.5,9.95,2.075,602.4
9.16,1.196,333.3,107.23,4.430,40.6
59.70,4.329,219.1,22.05,1.879,592.3
46.90,4.544,94.3,19.03,1.688,225.3
59.77,2.837,935.4,140.40,4.212,358.1
21.10,4.022,100.9,13.15,2.081,109.1
17.96,2.620,969.3,14.95,2.919,1152.9
68.03,6.095,97.8,65.74,1.756,145.9
187.66,8.891,137.5,29.06,2.427,745.9
137.92,3.083,618.1,191.21,4.231,457.0
31.71,6.790,334.2,24.20,2.323,365.3
15.75,2.308,1257.6,56.74,7.316,369.1
39.21,6.330,1151.3,46.89,3.050,938.8
57.35,4.690,1057.8,17.37,1.547,3549.9
35.19,2.273,101.5,67.92,3.522,125.1
43.78,4.200,142.8,25.55,1.714,162.1
87.59,1.898,16.0,24.45,2.540,88.9
99.63,3.797,282.9,93.68,6.320,329.0
42.24,2.591,493.6,38.85,2.875,602.1
198.62,4.958,442.6,612.65,11.029,160.0
85.96,5.533,183.8,64.99,3.594,274.4
15.70,2.062,149.1,188.84,6.306,10.1
22.03,5.281,87.5,13.72,1.572,262.6
53.58,4.293,695.3,73.61,4.469,507.8
25.97,3.760,1100.0,21.99,2.471,1306.7
63.54,0.955,17.1,10.33,2.000,48.3
179.48,4.430,28.5,44.05,1.640,107.5
76.29,3.294,109.2,21.57,2.072,334.3
12.55,2.524,1675.6,10.78,2.802,1967.4
33.20,3.088,83.2,37.43,2.406,114.8
21.26,4.577,86.2,30.64,4.898,32.8
131.37,7.138,36.2,20.26,1.016,75.2
16.16,0.939,1182.1,20.98,4.870,902.4
45.80,1.727,786.1,189.51,4.593,181.5
222.87,4.087,58.5,19.43,1.831,780.8
66.75,7.567,112.9,21.16,2.271,289.1
62.27,3.973,13.3,59.53,1.788,48.5
30.21,4.883,43.4,16.96,1.715,35.6
45.45,3.941,421.2,52.04,1.225,353.2
35.29,2.371,624.9,38.58,3.064,538.5
14.25,2.961,462.4,40.86,3.566,185.3
17.95,4.135,238.4,17.29,3.650,253.6
51.97,2.210,572.4,41.22,4.834,650.3
47.26,3.833,684.5,89.32,1.480,440.5
27.95,3.323,142.5,39.66,1.676,163.2
37.88,5.498,956.0,18.54,1.217,1892.3
12.49,1.752,481.2,49.09,4.419,162.0
87.27,3.339,429.9,107.17,2.956,348.5
29.11,2.179,158.3,73.36,5.365,44.5
15.24,1.981,2809.4,15.06,3.525,2817.8
97.14,5.092,61.4,30.09,1.849,135.2
122.99,5.078,469.9,65.88,4.476,883.0
76.56,3.621,497.9,45.58,2.435,823.9
28.22,1.847,95.2,40.19,3.793,41.1
30.35,4.076,368.3,40.81,0.954,290.4
35.51,2.395,622.0,25.77,3.117,874.4
13.81,2.399,520.5,17.51,4.035,484.8
43.20,3.897,329.7,166.12,4.576,104.4
24.85,2.604,91.1,61.13,6.478,54.5
271.12,4.995,166.6,42.08,1.760,1010.3
184.08,5.504,54.7,52.11,2.075,209.9
77.95,1.833,61.1,6.00,1.480,1185.4
10.62,1.339,2160.2,216.67,5.238,124.8
47.23,4.091,360.1,30.77,2.692,514.7
61.27,5.151,915.0,184.24,6.959,319.2
40.64,2.320,42.3,31.99,5.011,87.3
37.57,3.951,1918.9,63.51,1.041,1169.1
29.67,2.073,711.9,49.80,3.592,415.4
17.92,2.936,392.8,44.58,1.561,167.2
32.94,7.065,124.9,17.50,1.402,246.7
10.03,1.934,112.4,14.99,3.663,64.5
66.60,2.297,479.4,102.07,4.643,333.8
18.43,1.826,685.9,176.24,4.299,88.3
11.33,2.252,331.3,24.89,3.586,162.0
18.05,3.584,78.4,14.86,3.126,41.4
63.68,4.429,36.0,34.04,3.277,83.3
26.13,3.243,10.2,29.03,2.332,32.0
172.71,3.987,199.4,188.00,5.599,194.5
125.80,2.182,229.3,295.00,9.058,95.0
6.06,1.282,3444.6,68.92,4.703,254.4
71.47,2.011,650.8,67.00,4.428,722.1
186.32,5.464,215.5,97.25,2.844,400.2
17.62,2.859,387.8,12.09,3.047,580.9
303.34,7.495,86.0,70.36,1.486,396.4
83.94,3.635,55.0,21.78,1.871,94.0
14.94,1.927,5227.8,82.97,5.149,962.7
40.82,4.469,140.9,6.02,1.584,868.8
14.74,3.265,485.6,23.10,1.854,345.8
28.44,3.371,440.5,32.87,2.014,413.5
348.42,6.652,784.5,370.03,5.829,762.0
133.47,9.043,73.6,73.36,3.408,123.2
211.53,5.782,251.5,9.56,1.094,5601.0
89.75,2.586,109.0,68.70,3.385,105.8
25.64,3.830,493.8,32.19,1.274,431.8
33.20,1.644,1152.6,97.13,5.663,401.0
73.56,3.616,1764.0,307.61,4.256,444.2
14.76,0.786,959.4,358.27,8.759,31.2
49.77,4.277,1876.4,49.17,3.577,1872.5
15.15,2.622,834.9,60.31,3.383,245.5
13.26,2.962,1637.9,25.96,1.858,864.7
20.33,1.266,652.2,14.15,3.613,977.3
36.33,2.656,300.4,30.82,3.338,372.2
87.38,1.199,659.0,240.66,7.500,231.8
80.07,3.695,86.5,40.13,1.948,108.1
101.95,1.471,82.7,105.64,5.045,110.1
38.69,1.889,330.4,29.01,5.192,523.3
56.60,3.380,301.8,141.80,5.418,126.6
67.97,5.431,327.3,12.15,1.887,1867.1
76.31,6.751,35.7,14.36,1.319,35.2
7.26,1.928,139.9,26.08,3.209,51.6
90.86,3.218,57.7,74.37,2.808,81.2
241.71,8.177,132.3,42.51,2.193,838.5
28.05,5.451,45.3,17.10,0.902,98.9
33.25,1.168,222.4,62.41,7.488,134.3
72.40,1.279,168.7,6.23,1.630,1770.3
151.72,7.109,366.6,25.41,1.132,2150.2
35.98,5.112,18.2,18.72,1.533,31.9
33.81,3.478,827.9,49.38,2.772,606.1
262.39,4.556,985.0,174.52,3.406,1413.1
75.98,7.276,891.7,33.52,0.486,1875.7
63.12,2.247,7.3,26.57,2.673,70.4
132.15,5.208,221.6,49.50,4.563,572.8
13.31,3.039,420.6,53.04,9.291,98.7
69.26,1.224,690.7,76.88,4.562,658.8
86.77,4.253,311.7,59.32,1.891,458.6
11.43,0.798,3712.1,414.07,7.286,98.4
10.63,1.793,1101.4,28.93,4.064,408.8
10.47,1.090,2504.2,149.36,7.906,151.6
365.95,7.697,193.0,428.76,6.033,127.0
72.23,2.431,265.6,170.83,4.047,143.2
211.09,10.277,241.5,16.17,0.843,2794.1
77.38,3.909,230.1,16.45,1.998,1055.4
8.89,0.278,2125.4,44.50,11.559,364.4
11.34,2.357,68.1,26.10,2.842,55.3
47.72,7.292,187.7,41.61,5.694,168.7
42.33,1.989,169.6,30.68,4.550,233.7
112.75,3.315,133.4,37.80,2.554,345.2
169.05,5.491,612.4,62.83,1.647,1691.6
24.61,1.707,98.3,70.33,7.261,83.5
60.68,4.207,51.1,39.08,1.594,117.4
48.32,1.750,116.9,131.06,5.142,26.5
128.67,3.673,111.2,61.68,3.427,305.7
10.03,2.581,785.7,14.19,2.815,494.3
100.31,5.528,176.6,42.42,1.385,427.6
13.33,3.132,1605.9,17.46,2.036,1218.6
8.83,1.866,94.2,55.48,3.487,40.9
22.13,5.504,479.5,6.28,1.296,1699.6
13.80,2.167,30.5,65.60,1.714,25.7
31.87,3.937,1995.0,29.24,6.652,2151.5
18.94,2.101,593.9,95.29,4.729,157.4
7.41,1.341,1036.5,50.35,5.838,141.4
8.95,2.223,107.6,25.45,3.024,27.9
13.09,2.930,1252.5,65.04,5.866,256.6
10.10,2.601,1575.6,15.77,2.791,992.9
38.93,3.411,436.2,76.15,1.421,170.0
138.69,3.477,288.5,25.43,2.517,1615.9
141.97,6.816,90.1,14.90,2.392,964.6
21.72,4.150,188.4,55.94,5.289,79.3
67.31,3.396,108.1,25.37,2.240,331.8
61.14,2.569,725.2,44.92,3.272,1009.6
11.52,2.735,76.1,39.19,1.345,49.7
72.96,2.030,219.5,9.17,1.721,1272.0
11.88,1.173,33.6,120.66,5.926,22.0
61.80,4.030,199.2,15.34,3.309,850.8
13.19,1.621,207.9,129.88,5.346,33.0
11.52,2.694,222.5,23.70,3.814,118.8
22.61,2.838,167.6,57.19,1.337,17.9
24.64,1.824,11.1,64.39,4.178,32.1
506.48,10.356,85.1,65.10,1.636,618.4
12.52,2.303,43.1,17.55,3.166,40.9
6.23,1.253,4860.2,101.38,2.437,241.5
30.64,3.496,1081.3,15.51,2.102,2108.3
118.01,2.367,145.6,307.33,9.448,81.2
123.42,8.006,311.8,45.20,2.929,767.3
15.70,1.964,603.9,45.14,4.448,270.3
27.09,3.146,1141.4,40.62,1.871,781.4
36.28,3.768,1597.7,18.31,4.034,3221.7
18.15,2.225,1449.0,112.14,3.387,217.1
158.54,3.074,99.7,127.88,3.983,71.0
96.11,3.815,798.5,16.32,2.034,4636.9
32.23,1.069,1923.8,172.92,8.214,359.2
74.75,6.678,668.4,7.25,1.202,7049.7
68.76,2.126,171.0,64.58,4.673,211.9
28.74,2.471,1134.6,86.01,3.627,392.6
18.92,1.574,142.8,28.92,5.164,105.8
13.68,0.934,300.5,190.10,7.414,28.4
83.85,5.067,3406.0,136.15,4.035,2108.6
16.80,2.308,340.4,62.44,5.982,101.6
36.17,0.889,101.8,75.27,5.883,47.8
435.80,7.799,12.7,68.21,1.321,46.5
137.38,2.113,229.8,76.18,3.400,358.8
36.80,3.854,721.2,125.08,5.205,218.4
64.68,2.349,287.3,141.46,3.907,142.4
157.24,3.395,596.6,42.42,2.180,2121.3
65.95,4.000,465.3,35.59,1.830,818.4
26.08,0.497,158.6,31.74,5.652,23.1
75.05,3.097,238.3,165.70,6.369,102.7
29.38,2.033,1711.0,19.63,3.296,2464.6
112.53,3.459,1456.1,134.84,8.877,1254.3
152.86,7.931,10.7,10.45,0.890,86.0
211.66,6.040,424.1,121.14,5.387,761.0
119.14,3.476,63.8,16.90,2.318,494.3
9.36,1.363,5343.0,101.90,11.871,458.8
226.28,3.360,627.5,25.06,2.030,5544.6
88.81,8.376,38.2,6.30,1.213,311.3
14.00,1.564,335.0,18.95,4.133,197.5
19.47,4.073,594.6,36.29,5.336,311.4
292.31,7.412,41.7,38.40,1.482,97.1
12.11,1.135,1421.9,48.84,7.516,331.1
51.96,4.519,394.0,97.30,3.711,219.0
77.56,3.385,180.6,23.03,3.088,632.5
30.71,2.840,221.4,83.15,1.380,131.6
14.81,1.281,431.9,72.41,5.595,91.0
41.44,3.745,1569.4,117.96,2.462,524.3
26.41,3.158,319.0,25.97,5.892,303.8
50.83,2.012,43.1,154.74,5.192,15.6
94.75,1.937,508.1,244.58,6.185,191.3
43.26,5.381,104.2,24.94,1.435,161.3
46.42,1.319,1003.9,89.70,4.907,570.9
73.94,3.086,174.4,62.80,2.710,204.1
95.66,3.244,130.8,85.42,2.698,83.6
17.90,3.782,1257.6,24.47,1.355,889.9
13.94,1.840,3326.3,106.44,2.154,391.7
26.17,1.303,698.5,47.14,5.281,357.1
6.40,1.658,104.2,70.28,3.256,16.4
35.14,5.769,804.7,50.73,5.299,540.6
207.75,2.967,236.0,91.43,4.202,400.7
107.42,3.251,206.9,400.30,11.385,55.5
79.51,3.377,108.2,30.57,2.110,302.7
111.42,5.652,408.0,37.49,1.503,1311.9
26.11,1.720,800.8,25.85,3.687,793.7
15.82,3.119,166.3,16.16,2.271,144.6
31.32,2.115,55.8,36.70,3.567,74.6
64.79,1.975,92.7,74.85,4.508,97.8
56.81,4.637,627.2,90.66,6.323,419.3
108.57,2.243,652.6,45.94,4.388,1433.9
23.19,6.064,124.9,12.88,2.140,191.6
26.80,2.680,63.5,41.02,2.760,21.2
141.57,3.045,634.4,106.59,3.354,867.6
24.22,2.934,1072.8,55.18,2.329,437.3
37.67,1.565,117.3,48.06,4.121,95.1
580.57,10.871,2199.2,376.41,7.534,3454.6
109.70,3.607,238.9,10.27,1.963,2510.5
42.10,3.041,128.1,22.19,2.496,186.1
15.34,2.726,143.7,25.81,3.890,62.9
42.82,2.483,323.6,198.80,3.254,112.3
21.25,2.207,197.9,63.19,4.714,65.2
44.64,6.092,291.0,14.45,2.555,968.9
44.44,1.960,213.3,62.70,5.528,154.6
52.57,2.396,131.4,205.85,5.089,41.0
155.76,4.972,676.9,51.09,1.459,1964.1
25.59,1.754,926.9,113.62,3.955,235.3
315.38,6.355,43.8,13.96,1.318,1536.7
75.84,1.595,129.7,65.06,3.837,152.5
16.26,1.367,445.1,104.89,5.028,86.7
82.99,1.846,492.1,29.18,3.387,1466.7
32.40,2.691,243.3,74.24,2.754,123.1
177.69,2.919,125.4,22.88,1.787,1036.2
8.71,1.539,1232.5,95.91,1.601,145.0
17.34,2.511,192.2,59.86,3.337,70.2
81.15,3.686,42.6,14.58,1.620,133.8
28.78,4.621,366.3,20.93,3.615,513.7
10.82,1.977,2074.0,20.88,3.686,1066.7
24.46,2.582,41.5,67.85,8.255,22.5
32.30,1.157,617.9,36.63,4.396,492.5
22.76,3.522,116.7,24.61,3.392,117.9
63.57,5.773,78.6,9.53,1.730,703.8
25.17,2.622,589.6,13.37,2.739,1078.8
18.05,1.939,1107.6,30.26,3.717,674.0
22.25,1.341,311.5,227.88,5.393,59.6
18.34,4.097,56.7,9.14,1.743,36.1
38.14,1.710,473.5,17.30,2.839,972.0
16.84,2.028,124.8,51.15,4.107,65.4
54.94,1.037,80.1,27.30,3.382,73.8
23.90,4.162,590.3,49.81,2.369,252.3
196.66,5.211,261.1,233.02,6.045,181.0
119.17,3.972,78.5,24.25,1.609,413.1
42.85,1.502,760.7,29.91,3.981,1078.1
105.39,5.306,820.5,125.88,2.501,686.3
234.83,14.242,1333.1,113.04,10.502,2707.4
31.67,2.077,844.5,145.33,3.120,197.8
122.45,6.469,189.8,222.81,7.039,106.1
251.67,9.001,171.6,89.70,3.389,539.4
40.32,6.638,520.7,51.93,4.419,387.7
27.70,2.163,221.6,182.50,3.150,27.2
29.57,2.148,260.7,30.10,3.253,185.1
18.34,1.661,302.8,54.60,5.115,130.9
23.96,3.107,377.2,39.27,5.892,248.0
46.89,6.457,169.4,14.26,1.253,552.6
104.12,1.505,2689.5,266.03,6.854,1045.5
138.40,4.317,348.7,35.40,2.051,1382.5
103.21,5.400,36.8,25.65,1.731,105.8
59.18,3.166,22.0,35.10,2.952,80.3
20.41,3.017,1534.3,91.03,2.616,339.7
168.29,11.439,172.1,14.37,0.592,1864.2
16.33,2.266,4104.1,90.24,4.322,743.4
161.00,2.847,463.1,56.78,4.178,1297.7
246.00,6.277,113.1,15.62,0.955,1379.9
74.48,4.964,67.6,18.02,1.926,193.3
20.04,4.185,68.8,10.74,1.886,163.8
144.11,3.827,625.6,207.53,3.155,438.9
41.67,3.404,241.6,18.09,2.069,587.9
59.08,1.515,429.7,54.73,3.774,434.5
50.84,2.504,51.8,7.90,1.850,459.4
57.29,3.494,461.1,99.02,3.393,307.7
156.90,6.548,139.9,15.76,2.340,1728.9
15.57,2.358,239.0,72.46,3.426,78.9
45.05,3.721,837.1,107.81,3.582,358.7
32.46,2.217,180.3,62.96,5.028,70.3
10.18,1.609,250.1,46.25,5.625,19.9
386.20,12.671,441.8,117.45,6.420,1380.7
63.65,4.459,30.5,27.06,1.619,40.7
17.00,1.946,450.4,48.36,3.931,158.4
42.09,2.046,28.4,178.12,5.077,32.5
130.73,3.797,20.2,48.47,2.244,73.1
120.26,4.210,242.5,106.57,2.064,251.6
83.68,4.188,1248.1,147.83,2.210,747.6
19.96,3.760,710.0,14.54,1.901,1019.4
79.27,2.449,1565.5,100.48,4.971,1248.8
13.33,2.559,580.4,41.72,2.618,170.6
74.60,7.270,495.3,27.84,0.655,1402.6
437.15,7.991,61.7,31.22,1.155,340.7
91.97,3.379,98.2,21.69,2.388,201.3
26.53,3.053,1024.7,47.22,1.752,570.9
158.79,6.879,45.1,42.17,2.030,81.4
9.95,1.496,1518.2,84.10,2.954,223.6
117.60,6.744,509.7,49.40,2.850,1215.6
46.62,2.754,91.8,9.94,2.063,243.3
252.97,6.616,30.7,250.39,7.988,35.1
84.33,1.942,21.8,151.06,10.595,7.5
141.81,3.900,176.9,48.89,4.252,549.1
12.64,1.971,2052.8,29.60,5.199,863.2
57.04,2.615,77.4,39.65,5.403,118.9
17.06,2.773,4003.5,83.48,8.129,795.1
35.90,0.817,353.5,158.37,11.449,39.5
18.69,1.365,159.0,21.95,4.841,96.7
42.96,3.984,491.5,11.37,2.286,1679.6
47.64,2.578,38.4,102.59,4.014,8.3
12.67,1.217,522.4,102.49,6.349,49.5
93.56,3.497,699.3,18.06,1.711,3729.7
57.87,2.931,29.9,55.93,2.869,23.6
113.56,3.414,339.0,62.13,4.235,556.0
37.60,1.677,2629.9,67.29,4.939,1456.4
20.93,3.050,43.6,50.88,3.078,17.5
11.70,2.251,237.4,22.82,3.816,92.3
68.14,2.598,236.3,176.53,4.976,105.6
157.29,4.525,202.6,214.61,12.228,150.5
96.12,3.640,34.6,124.40,2.083,83.4
39.07,2.805,558.9,13.09,3.082,1717.2
132.89,2.639,113.0,160.86,6.916,101.9
12.90,1.739,235.2,64.97,4.129,59.5
7.14,1.523,170.9,40.04,5.015,80.8
59.43,8.208,435.8,16.34,0.734,1538.4
39.82,4.274,1030.7,25.28,1.813,1631.6
215.57,3.055,419.6,123.92,5.723,776.6
20.17,4.910,8.5,32.11,1.170,39.2
524.71,10.453,100.2,15.23,0.986,3820.1
37.95,1.594,485.2,12.24,2.582,1474.7
38.80,2.703,1066.7,238.67,3.458,187.6
30.17,6.526,530.4,8.28,1.773,1958.0
87.60,3.525,304.3,129.97,2.650,218.3
129.91,2.398,54.5,9.98,1.579,209.0
84.89,5.713,79.8,47.63,2.279,54.9
11.83,2.646,1000.5,52.80,4.509,221.7
11.20,0.881,310.6,68.06,7.891,37.4
136.50,4.853,237.2,92.08,2.524,325.4
13.61,1.627,204.6,71.14,3.800,13.0
16.87,3.713,534.6,16.76,1.777,498.6
24.79,1.782,2591.1,83.39,4.394,778.2
154.20,6.139,84.7,7.27,0.943,2280.5
52.74,7.924,56.7,25.20,2.178,177.6
123.12,3.085,1.5,13.33,1.449,165.9
9.02,2.010,526.6,36.32,3.059,112.4
20.01,3.674,1308.7,16.20,2.141,1583.7
33.34,2.042,321.5,60.11,3.614,179.2
40.90,4.053,457.6,35.21,2.057,537.4
16.31,1.797,18.2,39.05,4.626,17.0
499.63,15.677,128.8,324.38,6.150,175.8
73.62,1.503,681.2,211.67,13.178,233.4
22.80,3.254,902.3,75.84,1.835,239.8
8.35,1.207,56.6,33.68,6.700,23.7
41.28,2.863,695.0,23.26,2.694,1163.9
66.83,2.842,403.5,40.52,4.049,753.4
13.36,1.273,1910.9,74.17,8.080,360.3
29.26,5.173,403.9,22.57,1.143,606.0
322.60,4.459,102.5,68.00,3.367,441.7
13.43,2.665,378.5,12.99,2.779,419.7
20.80,2.910,148.6,61.96,1.799,38.2
49.42,1.705,643.6,70.44,4.025,454.3
37.48,3.242,185.9,16.57,2.217,522.1
62.58,1.607,411.6,57.79,3.904,462.1
212.42,3.137,731.9,414.64,8.285,365.9
11.98,2.294,445.0,18.59,3.677,312.6
65.39,2.498,258.1,159.23,5.510,140.0
44.71,3.334,2389.8,99.79,1.467,1086.1
51.05,3.801,179.0,10.61,1.838,797.5
213.56,3.180,234.9,221.96,5.506,210.7
24.10,1.779,396.5,101.15,4.699,112.9
20.26,1.775,1177.6,124.50,5.830,204.6
22.06,3.831,266.7,12.82,1.863,380.5
17.88,2.913,1518.1,66.35,3.216,453.6
11.50,1.844,132.1,14.26,3.754,118.7
85.58,7.526,1136.7,104.64,3.293,873.1
164.34,9.019,319.5,44.99,1.999,1071.4
15.05,1.693,203.6,24.25,4.193,131.5
25.68,2.448,365.9,41.36,3.315,238.8
31.95,2.889,117.8,32.95,2.712,127.1
70.69,2.688,187.8,29.79,2.639,439.8
32.62,2.162,91.6,35.82,4.114,110.5
99.46,8.752,321.0,35.07,1.722,916.0
19.34,3.781,185.6,38.05,1.813,188.5
63.45,6.702,187.9,55.51,5.742,259.3
66.68,0.924,361.9,166.57,10.775,130.7
33.28,6.946,158.6,12.83,1.280,448.2
30.41,2.345,192.9,90.55,4.182,72.2
57.05,2.575,1100.5,64.56,3.264,975.2
242.64,6.716,27.2,87.16,3.149,119.1
75.47,3.085,1025.7,21.68,2.600,3550.5
14.45,1.575,217.3,108.86,3.313,16.7
151.69,9.186,99.5,54.50,3.032,324.3
11.89,2.944,1010.3,72.88,4.955,153.7
28.60,3.101,619.7,49.60,6.113,384.8
18.25,2.671,725.8,43.29,2.050,349.5
26.19,2.537,209.5,98.13,3.661,70.3
99.35,3.897,117.0,16.20,1.935,724.1
49.99,4.799,251.2,30.15,1.279,401.3
20.18,4.702,15.2,12.78,1.795,111.6
14.29,1.024,692.3,22.81,5.126,458.1
98.05,7.038,169.1,121.56,11.895,132.7
126.45,4.422,143.6,177.17,3.233,119.7
87.83,3.776,847.2,105.53,2.568,691.5
37.32,3.694,99.5,74.74,1.498,8.9
55.74,1.869,546.5,125.68,4.445,258.3
231.80,6.308,555.7,1204.49,22.222,101.5
43.31,3.576,817.6,121.52,3.072,287.1
11.93,1.704,322.4,39.84,4.732,86.5
67.02,3.744,70.9,81.36,3.548,97.2
127.12,3.704,194.4,13.65,1.360,1807.0
30.27,6.142,13.3,13.46,0.939,9.3
89.92,1.740,54.1,10.32,1.872,790.7
20.36,1.568,252.2,231.00,6.190,38.5
9.68,1.600,306.4,60.16,5.490,50.8
57.11,4.182,675.7,74.70,5.529,517.5
151.33,12.978,45.5,37.92,2.700,139.7
7.37,1.464,207.1,89.22,5.231,51.7
55.80,3.799,56.4,11.97,2.043,60.7
22.70,3.091,666.5,10.81,2.250,1380.1
23.34,2.102,190.3,129.57,4.437,56.2
215.33,8.031,20.7,999.80,25.838,16.5
91.59,4.644,719.7,29.83,3.577,2159.1
134.86,3.571,76.3,218.44,4.003,62.4
54.66,2.581,505.3,59.51,3.592,421.4
26.15,2.090,1329.7,85.83,4.019,414.6
281.47,3.854,191.2,35.91,1.886,1469.5
11.06,2.924,1390.5,20.03,2.894,749.7
15.70,2.997,821.4,18.39,2.301,672.7
105.16,3.889,55.0,123.37,6.605,50.2
26.81,1.373,626.5,216.17,9.862,89.1
222.56,5.734,422.0,211.24,9.398,415.9
92.04,7.131,171.3,38.99,4.531,444.3
432.36,11.419,72.5,9.36,0.548,3666.3
63.05,4.488,95.1,57.39,2.020,78.6
108.67,3.623,374.5,22.17,1.717,1772.5
68.97,4.604,646.2,24.73,2.857,2029.7
11.00,2.729,688.5,21.95,2.725,301.3
13.86,1.380,1772.9,143.18,6.759,179.1
55.36,4.638,276.5,56.66,0.862,336.2
87.06,4.661,208.2,17.33,1.468,1088.7
41.09,5.818,184.6,7.05,1.462,1091.3
7.15,1.807,433.7,19.07,4.282,113.7
34.90,3.972,556.6,47.17,0.907,345.3
36.45,2.846,65.7,15.30,2.375,197.4
89.28,3.603,1264.7,185.45,3.645,636.3
39.39,2.264,982.8,64.33,4.826,608.0
97.32,6.848,121.2,7.20,0.950,1352.7
72.66,2.831,1152.0,43.84,3.125,1826.1
87.82,1.836,775.5,89.71,4.179,680.9
25.83,4.507,12.5,9.82,1.609,82.0
106.11,15.288,43.0,19.06,1.055,98.5
49.19,5.742,859.2,38.37,3.343,1111.7
48.64,2.959,167.8,22.99,2.571,408.8
72.12,3.883,2538.3,91.61,3.456,1975.8
104.94,3.443,88.1,61.00,3.059,149.3
36.63,1.703,436.6,67.92,4.602,194.2
21.84,2.839,356.9,12.48,2.588,592.5
32.00,1.782,415.5,21.44,3.974,604.3
63.32,3.075,2915.1,126.46,2.491,1443.2
7.98,1.669,493.0,59.53,4.375,81.5
69.51,1.786,786.5,31.58,4.413,1630.7
220.51,7.855,30.0,37.23,3.315,119.2
32.78,6.899,721.4,6.94,1.418,3213.9
17.30,2.757,231.5,14.26,3.358,269.5
78.85,6.603,320.6,41.58,0.915,548.0
98.18,3.980,455.9,30.26,2.526,1449.4
11.21,2.425,54.7,11.97,3.087,112.0
120.89,4.270,101.4,100.74,2.141,151.0
38.33,1.566,4777.4,197.34,8.664,919.7
58.06,1.987,442.5,67.95,6.105,357.4
52.43,6.370,133.8,52.61,3.220,203.1
26.49,1.250,942.7,400.48,7.235,55.1
70.22,2.152,831.0,7.14,1.660,8573.0
8.23,1.546,283.0,83.26,3.109,47.6
12.22,1.176,345.2,132.09,5.011,3.5
28.67,1.596,368.3,27.19,4.396,332.1
15.32,1.630,1185.8,109.26,3.171,194.2
69.62,2.286,38.9,48.18,4.796,31.9
143.74,4.063,223.6,79.05,3.786,409.7
318.19,10.120,461.6,676.59,23.576,221.7
30.42,3.178,428.4,70.48,3.002,220.0
45.11,5.105,28.9,22.43,3.819,52.4
29.76,4.157,702.1,29.33,3.203,705.0
48.41,2.207,34.4,35.19,3.437,39.7
19.10,4.173,89.7,30.20,3.031,44.2
159.27,2.642,268.9,52.59,2.795,667.9
38.91,3.739,371.1,48.40,3.197,320.9
151.47,2.732,500.2,23.15,2.335,3510.1
121.59,7.221,103.9,27.34,3.998,314.1
35.36,8.448,73.6,10.40,1.412,143.0
92.32,6.682,77.2,17.03,1.628,305.3
232.16,5.758,334.5,55.28,1.248,1336.5
22.18,3.207,1164.5,17.65,2.797,1517.8
10.76,2.074,60.2,27.16,6.561,38.8
16.11,1.406,774.1,133.93,3.872,108.2
93.65,6.295,215.0,36.71,0.894,519.8
37.52,1.849,315.7,14.44,2.607,881.6
17.75,2.679,784.0,12.95,2.853,1130.3
12.07,2.908,1199.9,20.64,3.874,676.4
23.04,2.102,97.3,102.09,3.602,5.6
11.57,0.851,48.4,38.99,7.236,27.8
33.12,2.077,74.2,83.80,4.537,53.5
86.65,3.584,326.3,7.59,1.862,3589.8
23.10,4.792,234.5,13.09,1.422,394.0
56.61,2.044,575.5,23.99,2.941,1300.1
66.64,3.687,302.6,57.78,2.042,300.5
11.70,2.110,289.4,56.26,1.720,65.4
42.32,4.802,223.6,11.05,2.420,762.7
24.23,3.224,1169.8,34.65,1.886,732.9
33.57,1.369,167.5,33.83,4.012,201.0
25.31,4.545,475.0,28.82,0.785,377.9
204.15,7.386,294.6,150.39,9.806,330.4
41.58,2.525,162.7,36.42,3.672,189.0
79.07,1.221,1536.6,103.19,7.474,1187.2
90.36,2.508,395.8,127.51,3.764,334.2
31.88,2.444,218.5,225.92,3.261,58.6
15.56,2.408,767.2,55.34,1.867,216.9
117.66,4.679,668.4,120.07,1.671,631.8
10.59,1.243,2019.6,149.34,3.104,158.0
12.45,2.812,58.5,17.70,2.401,65.9
41.29,3.908,108.9,10.13,1.708,530.5
106.04,6.206,19.3,6.97,1.105,220.9
19.48,3.375,90.2,10.13,2.180,213.1
65.89,5.277,167.0,47.74,1.093,306.7
17.45,2.547,545.9,131.34,4.558,74.1
61.02,1.128,1513.4,130.55,5.431,691.4
24.47,4.183,425.8,22.98,1.285,367.0
8.22,1.688,1280.3,138.31,7.715,67.4
17.42,2.298,28.1,15.55,3.394,16.2
187.02,5.531,810.6,98.12,1.631,1519.4
25.22,1.929,1192.8,112.28,3.556,285.4
55.47,5.900,106.3,7.89,1.594,768.2
190.55,8.725,415.7,183.67,3.170,411.1
73.00,3.657,629.2,54.73,2.317,826.2
45.80,2.043,747.6,62.36,3.648,523.4
14.07,1.366,169.8,41.95,6.888,30.0
7.62,0.627,2242.8,291.37,9.063,64.3
39.81,5.375,353.6,24.82,0.976,528.6
483.83,6.997,338.3,325.89,8.182,511.2
111.89,1.870,180.9,49.51,2.958,401.3
87.51,4.605,57.0,27.44,1.589,216.2
639.57,13.033,341.8,263.41,8.350,848.7
165.15,4.107,284.6,37.50,1.696,1285.7
47.75,2.334,267.5,54.36,3.804,233.2
42.02,0.646,70.1,12.13,2.926,116.5
43.91,3.267,137.9,14.85,3.554,443.6
72.61,2.737,40.5,44.96,2.760,13.3
89.08,5.346,1265.3,45.87,1.988,2443.8
35.56,2.917,226.8,11.05,2.558,727.4
31.37,1.642,160.6,96.07,4.354,96.7
23.02,2.671,408.3,44.53,3.101,230.3
72.82,4.525,94.2,15.31,2.202,347.8
17.57,4.279,727.8,19.76,0.952,543.6
238.10,7.211,84.0,58.94,0.969,393.8
19.81,4.664,143.1,7.18,1.772,353.1
130.29,9.616,186.5,65.25,2.163,358.3
58.29,4.835,295.8,68.89,1.135,223.3
56.55,4.735,25.0,26.56,1.526,19.9
19.14,4.684,312.4,37.38,1.758,184.5
16.93,1.224,3763.2,157.56,7.297,385.8
21.90,2.740,1796.7,35.62,2.494,1079.5
60.23,4.066,132.3,38.45,1.730,307.2
176.17,5.519,29.5,44.13,1.546,22.4
19.87,3.372,307.6,72.25,2.385,78.9
143.34,3.378,275.3,59.83,3.500,663.5
10.73,2.606,1441.4,53.40,2.645,284.2
22.99,0.940,863.8,140.28,7.573,150.2
2462.94,43.173,128.0,767.73,15.703,435.0
209.72,5.893,186.6,39.27,1.493,952.5
12.97,2.446,1904.3,64.64,1.700,379.2
48.57,5.336,1037.0,63.90,3.125,770.8
76.99,4.741,101.3,55.43,2.122,130.1
115.18,4.444,128.1,43.23,1.796,246.1
13.90,2.691,385.9,22.45,3.319,231.1
12.36,3.063,940.0,36.63,1.582,297.6
113.25,4.985,899.5,91.74,1.360,1075.1
56.08,6.536,561.1,17.94,3.442,1780.5
10.63,1.379,102.7,152.54,6.903,5.0
121.74,5.485,717.1,45.19,1.984,1948.9
19.11,2.263,137.7,17.10,3.054,121.5
50.46,1.910,344.7,13.60,2.983,1304.1
19.65,1.855,1874.8,185.63,3.227,219.7
29.49,2.215,390.2,171.31,2.329,34.7
57.02,3.094,618.7,107.08,3.074,355.1
90.35,4.929,131.4,13.21,1.785,744.3
54.45,3.620,306.1,16.07,1.853,1175.9
41.93,1.504,23.9,31.30,3.827,32.2
45.16,3.599,462.0,104.87,7.851,212.5
62.04,1.266,244.5,61.60,4.797,321.1
282.79,5.630,350.7,275.31,5.344,386.8
197.68,6.054,156.4,625.80,9.719,41.1
45.97,2.725,845.5,35.82,3.569,1077.2
112.12,4.112,103.2,116.31,2.168,143.8
35.52,3.585,604.4,131.59,5.560,181.8
75.39,2.765,475.2,26.08,2.697,1387.3
48.03,2.806,420.8,22.14,3.877,843.6
44.13,4.333,566.4,24.35,1.778,982.3
37.10,0.798,2223.2,798.82,18.369,112.3
10.82,0.775,386.3,74.64,10.048,46.9
28.22,3.871,848.3,22.23,1.812,1091.0
15.30,1.987,32.1,88.43,1.850,24.2
14.17,3.272,172.3,15.95,2.153,181.9
18.49,3.417,116.2,16.23,2.479,126.5
59.36,1.829,725.8,93.65,5.636,466.6
67.36,3.681,546.4,59.10,3.269,709.2
230.06,3.198,54.1,163.16,6.242,44.6
19.23,4.268,108.8,23.26,2.366,99.4
44.91,2.923,78.1,13.76,2.455,201.3
53.42,2.294,657.5,17.26,2.624,1979.8
20.32,2.623,201.5,35.93,3.820,109.0
10.51,1.449,204.4,162.43,3.228,16.5
34.90,2.896,562.7,72.43,2.569,244.2
14.27,1.828,757.7,63.38,4.858,208.0
30.54,3.723,766.6,28.23,1.796,819.8
123.35,3.199,21.8,59.85,2.848,30.7
56.77,5.125,230.3,46.94,0.641,308.5
36.91,0.817,443.0,53.59,7.624,328.3
83.35,1.729,272.5,71.01,3.664,276.0
59.59,5.211,690.5,92.96,1.540,448.9
154.45,3.757,399.7,142.17,8.557,425.0
150.04,3.514,263.6,557.16,12.394,45.3
8.35,1.437,1732.3,61.43,3.992,239.8
65.88,2.915,227.8,78.11,3.797,155.5
46.66,3.047,213.2,52.64,3.915,221.1
12.46,2.316,852.6,15.22,3.897,684.0
243.89,5.035,108.5,95.17,3.082,203.2
36.55,2.830,84.1,45.04,4.523,40.5
12.63,2.922,2079.4,18.19,2.353,1472.5
29.01,3.271,465.3,51.07,2.315,272.0
28.59,3.517,369.8,22.94,5.354,423.8
97.07,2.391,171.5,39.49,2.653,373.4
179.73,4.863,39.9,21.55,1.309,217.1
66.20,1.932,460.9,43.40,4.564,707.8
50.45,1.730,537.9,56.53,4.469,465.0
26.40,3.620,115.6,19.79,3.781,160.2
85.18,5.268,649.0,136.97,2.452,409.2
8.56,1.831,443.9,67.97,1.119,96.5
29.61,1.685,1575.3,156.63,4.664,316.9
106.74,3.473,264.0,37.90,3.430,774.8
34.91,5.065,257.7,8.97,1.710,1011.1
33.44,6.903,143.9,12.68,0.700,287.5
15.40,1.853,762.4,19.33,5.135,609.3
55.41,4.639,174.1,136.02,5.332,67.5
84.77,2.633,23.3,10.60,1.661,304.2
12.90,1.828,1356.2,85.25,2.636,218.7
31.45,2.153,94.5,51.90,3.337,74.5
64.99,4.157,397.6,69.85,1.789,414.3
10.26,1.020,3569.9,130.67,6.300,275.3
182.07,5.043,909.9,106.15,5.936,1575.8
76.26,3.982,845.8,222.79,5.433,264.5
12.45,0.595,1652.5,376.71,14.032,64.7
70.11,5.601,1065.6,80.34,4.149,961.8
13.61,1.675,734.3,32.13,4.436,306.6
86.19,3.980,672.6,24.72,3.128,2306.5
15.75,1.983,1205.5,34.17,3.932,551.8
110.64,2.618,10.4,156.13,3.906,77.5
16.77,2.094,1020.4,86.17,1.939,209.3
64.34,3.544,70.6,15.37,1.905,305.4
21.20,1.504,346.9,58.01,5.007,107.9
32.35,6.311,112.4,14.48,1.054,234.2
45.80,1.078,320.3,9.78,2.569,1683.9
126.63,2.865,186.8,154.67,5.238,85.3
24.36,3.170,252.5,15.82,2.815,418.9
26.77,2.129,37.9,43.53,4.519,49.7
218.65,3.075,361.0,12.27,1.282,6643.8
34.43,1.265,75.0,85.15,6.086,13.9
13.12,1.985,162.1,22.42,4.155,83.0
133.29,3.873,362.7,45.65,2.096,1085.7
24.07,2.920,322.8,31.21,4.310,253.4
41.17,4.257,1566.2,73.59,3.154,870.3
125.21,5.897,30.2,21.67,3.084,150.3
14.39,1.513,1525.4,95.33,4.728,240.9
66.64,3.160,13.6,48.12,2.647,59.4
100.12,4.595,210.4,23.63,2.748,929.7
21.77,1.480,520.9,280.00,3.939,18.8
158.97,4.964,1205.6,60.70,3.355,3198.8
51.68,3.374,883.0,100.52,1.819,383.6
231.62,3.427,42.5,59.93,2.519,58.8
21.30,1.157,1016.8,62.38,6.608,321.0
72.19,2.577,188.6,79.54,3.368,166.1
27.16,4.292,188.8,12.61,1.809,403.4
21.88,1.551,230.8,72.63,4.719,62.3
11.20,2.356,465.3,37.63,9.594,123.2
19.36,1.959,2029.2,113.39,4.287,338.5
107.39,4.803,235.3,128.65,2.543,181.1
51.78,1.124,18.4,201.86,8.008,16.9
74.39,8.357,138.4,24.80,0.382,419.8
496.11,10.900,16.6,32.54,2.053,81.4
21.26,2.500,119.3,68.13,1.966,56.5
22.91,2.241,1689.3,70.31,3.586,526.7
70.78,4.434,166.1,208.50,5.613,62.5
7.05,1.572,91.3,46.21,3.449,34.2
39.99,4.095,139.5,35.36,3.020,136.3
165.37,4.871,296.2,33.26,1.721,1369.9
17.69,1.807,102.7,57.92,4.546,7.7
23.58,5.119,1557.6,14.52,1.068,2580.7
98.13,3.406,114.0,37.17,2.135,224.9
145.68,3.401,105.5,204.84,4.748,63.4
19.33,2.701,145.4,29.78,2.998,100.2
15.83,2.778,436.3,36.47,3.328,179.7
44.71,1.983,709.3,71.13,3.685,420.1
216.43,6.514,269.4,121.48,2.498,467.1
113.23,3.156,47.3,59.04,3.445,10.3
25.89,3.127,364.3,14.77,2.926,578.9
37.87,1.395,36.0,40.54,6.423,55.5
88.13,5.323,23.5,29.96,2.464,108.6
183.77,3.723,1272.5,199.83,5.944,1215.5
23.76,3.486,416.5,29.98,1.620,361.1
248.69,5.282,27.6,32.56,1.493,160.6
34.33,3.021,289.2,12.80,2.214,772.5
22.48,2.855,281.7,20.77,2.590,282.2
28.33,1.640,558.2,109.60,4.274,118.5
23.83,2.622,21.5,89.13,2.699,7.5
225.57,6.098,385.4,18.74,1.072,4320.8
14.35,3.055,415.9,20.30,2.074,318.8
20.34,2.171,1494.1,30.55,5.474,952.4
40.11,2.687,131.7,14.29,2.289,529.6
18.63,1.482,66.3,239.53,7.204,35.0
274.46,5.385,25.0,28.56,1.693,150.4
313.04,7.519,34.6,26.64,1.914,338.4
29.33,3.411,1061.3,14.03,2.207,2230.7
34.36,3.323,1525.0,18.99,2.156,2746.1
13.35,1.316,2652.8,329.79,6.678,87.0
179.02,4.896,13.9,43.39,1.846,66.4
13.57,3.108,363.4,31.46,1.532,170.1
21.45,2.900,670.5,45.12,1.824,308.8
203.06,4.630,49.0,9.50,1.056,492.5
68.12,6.949,698.7,87.07,7.485,531.5
59.47,3.068,161.7,74.07,4.225,133.4
31.78,4.490,993.9,53.97,2.899,569.3
13.03,2.285,1551.7,22.45,3.711,913.5
72.83,2.220,46.4,35.27,2.789,13.1
19.99,3.006,352.1,16.86,2.484,444.3
20.81,2.911,233.9,49.06,4.955,127.6
89.66,5.621,1191.8,105.43,1.472,1064.8
94.28,3.987,62.0,30.59,1.761,118.9
9.77,1.642,481.8,37.18,4.307,154.6
44.02,7.692,6.7,15.48,0.878,29.3
195.06,7.096,288.1,57.19,1.581,960.7
82.04,2.356,354.9,33.90,3.239,1021.3
25.95,0.978,75.6,93.33,6.997,37.5
23.13,1.898,57.0,29.25,3.754,15.3
27.58,2.000,305.7,67.92,4.636,157.4
35.20,2.184,959.8,59.79,5.849,546.2
53.36,3.065,175.6,90.58,3.367,122.5
13.02,2.750,325.8,46.72,3.425,74.8
64.49,5.105,9.9,27.13,3.631,75.8
44.54,1.896,795.6,158.88,4.524,236.8
24.35,1.313,711.6,174.81,5.632,99.2
49.17,5.297,323.1,21.05,3.915,740.6
102.98,4.398,387.5,15.83,1.514,2752.1
69.73,3.480,132.0,42.49,3.132,179.2
8.24,1.342,2355.8,31.03,5.816,624.7
61.68,6.824,503.9,13.70,1.682,2458.2
186.56,3.449,421.2,51.55,3.256,1445.4
103.82,2.032,456.6,151.32,5.666,314.2
46.69,3.638,340.0,42.78,2.349,388.8
68.11,2.964,239.6,34.94,3.190,473.5
128.77,1.785,217.7,54.04,3.252,489.0
53.27,3.711,200.7,11.73,2.390,892.8
103.35,7.346,384.1,47.93,1.065,784.4
31.83,3.641,1302.0,32.81,1.689,1235.6
25.59,3.304,148.3,45.76,1.294,24.8
34.06,1.508,1473.3,107.89,4.924,482.4
18.72,3.282,67.5,41.18,1.130,18.9
22.10,3.916,341.2,20.04,1.550,373.1
30.24,3.076,413.3,14.50,2.373,784.8
103.97,4.944,171.1,40.89,1.465,457.2
24.78,3.604,197.2,9.73,2.474,568.9
82.19,2.183,854.9,68.24,6.685,1081.1
6.55,1.521,532.6,67.68,4.765,27.5
58.80,2.323,1329.1,267.64,4.524,320.3
48.78,3.677,236.4,10.49,1.722,1141.4
27.12,6.172,109.4,25.71,1.023,70.0
58.88,3.712,144.6,21.96,1.900,330.0
35.85,1.478,249.5,65.20,7.882,131.1
66.08,4.210,80.5,26.45,1.884,222.3
109.77,4.971,450.9,22.76,2.651,2219.2
11.44,1.700,845.4,103.67,1.915,116.9
25.12,2.193,176.3,125.15,4.059,56.3
18.08,2.079,528.0,20.85,4.075,503.7
31.81,3.217,98.2,76.17,3.089,21.0
86.28,3.250,667.8,66.50,4.865,868.1
101.55,5.116,51.8,34.33,1.408,8.4
634.14,9.539,65.5,22.22,0.766,2286.1
42.26,2.496,65.3,11.65,2.205,233.7
48.30,2.641,641.9,109.42,2.913,264.1
41.82,3.365,322.8,25.14,2.325,570.2
185.34,7.208,107.5,26.31,1.778,715.7
55.84,2.758,68.9,354.10,5.117,1.4
23.83,2.679,1178.2,46.28,3.523,588.9
51.22,4.924,223.0,28.07,1.273,332.6
9.17,2.228,444.3,25.35,4.969,147.8
94.23,3.211,1218.4,200.37,3.289,557.8
102.60,4.458,389.4,82.10,1.519,525.1
52.14,1.094,138.6,29.13,3.396,274.3
142.84,2.756,56.9,12.51,1.542,795.8
121.12,4.075,927.2,214.75,3.179,560.6
60.74,2.005,944.6,33.75,4.057,1692.6
48.95,3.528,649.1,29.54,3.157,1084.3
64.21,5.853,1277.4,84.60,6.052,967.7
25.27,3.109,607.9,153.39,6.076,106.3
38.17,2.945,435.7,72.46,4.910,219.7
44.95,3.659,22.6,59.98,3.254,36.3
239.89,5.544,176.0,74.18,1.313,544.1
30.36,1.518,243.7,13.16,2.860,597.5
476.06,10.811,18.1,86.03,3.118,168.2
62.75,5.164,1102.0,47.27,3.176,1432.9
52.90,1.897,877.7,189.79,5.090,265.6
31.49,1.940,585.9,85.83,3.600,211.4
45.97,1.883,78.3,244.25,5.024,31.6
78.83,1.412,415.1,30.73,3.842,1255.5
15.01,2.952,410.2,17.36,3.362,380.4
90.71,3.858,67.0,84.77,1.642,76.0
133.04,7.696,114.4,143.01,2.902,41.4
45.83,3.349,508.3,81.62,1.985,283.3
399.63,5.791,216.6,43.62,2.382,1882.6
1481.04,30.477,89.8,170.90,5.304,895.6
101.76,4.558,6.8,156.53,4.095,28.3
76.05,3.844,574.1,86.03,2.052,540.7
10.65,1.737,2460.8,58.93,3.039,434.0
170.93,4.799,98.2,37.88,2.089,287.7
16.31,1.267,11.9,95.04,5.557,7.6
49.54,3.015,124.8,112.53,13.001,40.6
92.76,3.815,742.3,256.05,8.379,242.4
121.47,2.610,284.1,52.58,3.365,771.1
10.65,1.852,253.4,32.47,3.714,86.7
16.86,1.840,236.3,123.37,3.093,56.1
24.26,3.503,788.9,20.54,2.429,856.6
87.12,2.507,18.3,139.19,5.515,43.8
96.45,3.594,27.1,35.39,3.115,28.7
21.44,2.181,686.4,29.35,3.421,464.0
18.82,4.936,207.0,13.50,0.986,328.4
24.11,4.060,52.6,16.04,1.907,101.1
85.48,3.171,216.1,32.76,3.047,458.2
28.25,3.493,354.2,38.33,1.503,240.5
62.50,0.956,1609.0,147.10,6.159,630.8
70.24,3.088,371.1,23.10,2.467,1043.4
70.21,3.104,735.8,39.82,2.452,1216.5
177.14,4.652,871.5,21.22,1.403,7484.1
63.23,3.138,377.0,332.38,4.951,67.4
28.49,5.530,69.1,14.58,1.520,120.2
38.23,2.909,301.7,11.58,2.400,886.8
41.34,1.623,556.7,25.86,4.768,920.1
49.68,4.137,49.0,24.95,2.252,67.4
39.56,3.976,24.7,19.21,1.851,87.3
71.64,5.685,81.5,20.29,2.002,364.5
72.08,5.028,485.8,46.90,1.952,720.7
191.97,4.800,62.2,33.04,1.870,300.6
17.02,0.973,273.3,78.59,8.822,58.7
35.46,4.108,198.5,29.05,2.314,243.2
122.59,3.312,79.5,29.87,2.909,395.1
14.37,2.908,164.8,15.86,2.799,126.4
13.56,1.763,100.4,30.85,4.099,8.2
23.42,4.161,772.0,56.66,4.386,304.5
46.05,2.188,392.3,194.85,4.228,101.5
92.67,2.236,54.3,72.77,3.502,31.2
60.44,2.291,1047.4,414.57,13.355,189.8
104.28,2.225,55.5,6.86,1.352,771.2
30.81,2.856,565.8,80.82,5.705,197.2
168.21,5.519,1035.3,40.76,1.311,4053.6
73.99,3.028,23.0,34.42,2.515,109.8
38.88,1.586,1551.6,366.21,5.565,133.0
32.83,7.531,234.1,8.15,0.796,896.6
13.59,3.379,2223.6,31.36,0.926,879.1
97.51,2.870,295.4,32.15,2.325,794.5
15.20,3.880,63.0,43.45,2.663,14.5
34.19,3.745,411.8,33.14,1.704,420.3
137.53,14.745,16.9,32.66,2.057,78.6
16.55,2.113,36.4,38.18,4.688,36.3
74.61,3.964,561.9,15.00,1.649,2774.2
50.07,3.267,195.9,50.50,2.548,226.4
78.97,5.490,110.1,73.41,3.312,130.4
9.78,0.959,942.1,25.40,6.134,402.7
52.10,2.887,238.2,13.13,2.101,975.0
12.68,2.864,252.8,18.37,2.792,166.5
134.79,3.670,584.9,51.52,3.035,1522.2
35.65,3.711,1890.0,99.25,12.600,705.9
88.24,2.742,12.4,81.55,3.095,15.4
57.21,2.480,118.8,7.93,1.647,606.6
108.12,2.762,46.3,17.92,1.895,199.5
23.63,2.469,1178.9,21.14,2.959,1278.5
37.48,2.200,733.2,65.66,4.175,413.8
33.50,1.999,1221.0,103.38,4.131,415.5
69.20,4.075,231.0,12.89,1.660,1186.1
11.07,2.913,182.1,18.62,3.711,143.9
180.01,5.518,715.9,192.58,5.456,671.6
162.64,4.148,122.1,21.53,2.421,823.7
84.71,2.345,390.5,16.62,2.305,1893.0
7.04,1.387,399.7,44.91,4.968,47.2
33.35,1.960,136.2,26.77,3.681,198.2
14.39,3.728,163.4,14.81,2.839,113.2
13.55,3.074,131.9,10.90,2.378,175.3
28.61,4.889,1119.2,66.39,4.734,442.4
17.94,2.382,506.5,22.19,3.020,368.1
268.47,5.433,366.8,29.93,2.106,3419.8
26.75,2.235,599.9,130.34,3.196,128.7
93.05,5.510,114.0,34.21,2.385,260.4
71.45,5.921,504.7,19.15,1.191,1848.1
31.94,2.574,131.9,67.77,6.000,102.5
119.52,6.842,152.6,143.98,8.494,115.4
20.59,2.624,1024.0,14.29,2.812,1410.0
107.61,3.922,2334.0,351.28,8.640,755.7
80.72,4.272,132.6,195.44,3.469,101.8
6.68,0.717,2773.5,152.13,9.152,108.3
22.45,1.304,897.3,38.66,4.791,537.4
12.77,2.219,501.4,32.90,4.625,204.4
107.77,3.920,110.7,68.55,2.432,97.7
85.47,2.291,77.9,15.92,2.165,511.6
102.81,4.210,114.7,15.86,1.948,785.8
60.67,6.352,43.2,40.65,2.387,89.9
20.85,0.791,1099.8,366.38,8.506,51.1
11.93,3.128,298.5,25.72,2.379,149.5
87.96,4.606,170.0,73.57,3.500,196.8
30.99,4.503,592.8,12.10,1.675,1404.3
13.41,1.714,86.7,24.72,4.676,30.5
70.61,1.826,404.6,21.27,2.653,1370.6
18.84,2.750,846.0,13.18,3.270,1125.9
32.87,4.681,235.0,11.41,2.179,617.9
26.06,1.490,91.9,32.43,4.267,62.6
10.56,2.554,839.1,34.02,1.909,318.8
92.65,1.637,271.8,67.06,3.809,262.1
73.50,1.860,136.8,24.95,3.019,367.6
119.11,4.601,178.3,112.13,3.460,187.9
7.21,1.696,459.2,73.19,1.067,85.6
9.82,1.671,562.2,40.43,4.714,150.8
427.44,9.200,343.0,50.37,0.959,3008.0
64.23,2.568,69.7,17.50,2.329,162.4
21.68,3.881,49.7,45.55,1.754,29.3
9.29,2.320,31.3,40.27,5.914,7.7
104.08,3.457,230.0,16.58,2.137,1491.3
29.48,3.423,1950.6,34.16,3.638,1699.5
7.04,1.113,787.0,72.89,5.771,83.4
7.73,1.785,2991.9,68.13,3.370,325.5
15.31,1.413,226.2,85.42,6.738,87.8
302.09,5.764,45.3,42.32,1.288,613.2
1112.75,20.288,18.3,815.47,19.058,27.6
32.37,3.491,3543.1,138.25,5.923,831.4
39.19,2.801,1019.3,86.42,3.726,443.0
13.03,1.792,3461.2,64.27,3.261,693.3
9.74,1.042,1385.1,52.82,7.010,286.6
39.83,10.452,228.5,15.88,2.352,603.9
142.74,4.281,75.9,84.41,2.102,106.3
26.51,3.508,683.8,28.76,3.652,652.5
16.99,2.998,1376.2,22.06,3.371,1122.1
50.54,5.009,83.2,44.94,1.779,85.1
98.78,6.359,454.7,35.73,1.581,1221.8
39.13,1.967,306.5,23.78,2.984,374.0
375.15,5.672,110.2,212.70,5.249,178.8
191.75,4.422,449.5,110.34,2.676,832.5
71.98,2.347,190.9,116.52,3.984,130.3
9.80,2.446,1683.4,33.49,2.049,489.4
52.02,6.339,61.6,8.38,1.599,523.2
392.36,6.581,558.1,324.89,8.727,691.2
27.45,3.405,269.6,15.77,3.277,405.6
148.10,2.411,154.8,285.27,6.024,113.8
12.06,2.555,553.0,32.53,5.647,192.8
42.56,1.442,1316.8,83.92,4.687,641.9
124.63,3.048,350.6,12.63,1.728,3568.9
11.38,2.973,795.4,12.49,2.352,737.0
61.95,1.057,184.7,13.65,2.284,641.5
28.67,2.646,1190.7,22.98,5.573,1454.4
75.54,2.126,546.5,145.85,4.316,325.8
67.94,5.769,440.6,6.11,1.112,5209.2
28.03,2.784,22.2,48.17,2.372,12.9
15.35,0.304,583.2,31.33,7.741,262.4
20.54,2.450,442.8,12.67,3.132,719.1
70.54,5.619,390.0,7.87,2.086,3453.5
39.20,3.180,34.2,40.35,2.363,61.3
123.39,7.095,56.8,6.79,1.047,737.7
8.63,1.954,1958.4,87.90,3.536,177.5
9.94,0.751,532.5,32.22,7.274,163.4
27.60,5.692,115.5,15.64,1.255,167.7
35.31,4.852,165.8,7.43,1.499,767.3
9.17,1.795,1323.8,68.69,2.025,191.8
207.11,3.824,61.9,14.38,1.310,844.4
46.70,4.586,477.3,40.50,1.808,553.2
81.63,3.946,379.9,108.14,2.203,247.9
37.22,2.745,396.2,102.78,2.773,115.3
124.66,3.762,312.1,70.51,4.299,575.1
116.25,2.560,201.4,339.81,5.731,81.0
168.84,5.790,163.4,40.90,1.296,630.4
38.27,2.779,901.6,58.10,3.092,578.2
65.75,2.423,47.5,31.89,2.844,11.3
35.75,1.736,129.7,20.60,3.184,234.0
333.95,28.711,270.9,58.08,4.550,1422.7
50.09,3.705,51.9,9.84,2.034,19.7
39.70,4.728,26.7,15.13,1.641,109.3
17.34,3.250,278.7,32.76,4.370,165.8
32.44,3.554,584.9,63.40,1.637,332.2
274.21,20.532,3.8,33.27,1.360,60.7
101.35,4.667,51.5,30.76,3.047,195.3
82.40,5.132,51.1,24.74,1.471,104.3
50.57,6.088,339.9,24.28,1.574,639.8
6.23,1.622,2719.2,53.28,2.467,277.0
38.76,1.370,150.8,9.38,2.303,755.0
113.25,2.354,82.5,28.16,2.459,376.6
21.23,2.506,304.9,9.90,2.603,687.7
54.00,5.713,397.3,12.37,1.376,1713.9
86.51,4.829,238.2,66.89,2.308,373.4
66.40,1.257,2185.8,117.61,5.832,1252.2
356.12,10.678,164.3,159.24,4.637,398.5
11.51,0.720,659.5,142.43,12.668,53.1
28.35,3.050,1892.3,97.38,4.710,551.9
108.56,3.493,719.8,64.75,2.957,1146.5
9.05,1.972,86.3,15.60,4.019,23.8
38.88,2.661,174.9,24.25,2.653,337.3
89.47,2.141,67.9,56.69,4.497,97.9
276.71,5.991,84.7,35.85,2.101,876.4
13.28,1.809,772.8,34.51,4.215,289.1
6.86,1.230,5147.2,151.30,6.619,253.3
51.20,3.669,208.1,18.03,3.441,547.4
37.58,3.790,117.8,35.54,1.768,162.4
82.89,3.414,111.9,22.17,1.903,508.1
19.77,1.347,340.3,31.09,4.678,202.9
56.44,7.067,265.0,41.01,2.597,392.9
51.21,1.425,72.1,44.62,3.788,124.3
19.90,2.997,256.7,34.95,1.834,136.4
69.48,3.608,1419.8,94.09,1.553,1065.2
28.36,3.169,174.5,23.15,2.278,197.2
36.67,3.598,68.4,47.30,1.460,24.9
518.16,7.459,32.9,349.07,6.210,38.2
10.78,2.467,1319.8,46.85,1.171,294.0
31.58,2.968,497.7,68.92,1.446,179.7
288.84,5.041,77.5,28.03,2.009,739.8
6.49,1.127,1260.0,72.89,5.504,109.9
32.55,3.192,82.1,62.51,4.487,28.6
62.15,1.399,190.2,22.32,2.739,630.0
15.36,2.526,121.3,53.40,1.188,30.7
18.36,2.472,731.3,56.76,2.681,243.5
195.99,4.770,58.3,22.52,1.408,596.2
54.31,2.424,267.2,20.52,3.026,652.9
10.74,2.306,290.5,44.10,1.820,75.9
99.86,1.586,369.2,34.42,2.733,1230.9
26.43,0.585,357.2,34.00,5.319,216.4
91.34,3.453,136.2,178.60,8.143,85.0
13.61,3.013,206.7,32.97,2.104,165.7
48.70,2.959,101.6,15.36,2.223,285.6
53.00,1.993,1091.2,291.33,5.152,194.9
39.61,2.705,124.6,30.56,6.000,138.7
70.12,1.851,310.3,69.58,3.772,294.9
56.47,2.587,1549.5,194.82,3.085,481.4
254.83,8.256,135.0,62.66,2.299,522.2
22.47,4.226,101.6,19.25,2.318,150.4
61.50,5.211,69.1,87.24,13.592,60.4
40.94,3.180,326.2,13.13,2.238,1069.9
123.64,27.750,607.9,73.57,16.796,1027.8
51.23,2.816,709.1,154.66,12.047,215.1
23.80,2.783,133.2,39.78,2.486,129.4
11.08,1.933,5.8,52.09,2.648,20.6
11.82,3.053,1135.9,40.41,1.970,324.5
29.54,1.566,2240.3,217.44,4.577,261.9
43.06,4.099,24.3,6.93,1.736,32.3
123.68,16.373,13.0,17.34,0.721,168.0
31.15,7.039,294.1,39.41,3.968,251.3
53.22,1.801,302.9,64.91,3.751,274.7
57.51,3.262,39.2,19.93,2.241,49.5
313.91,5.360,88.5,14.74,1.402,1693.8
23.70,1.243,2135.8,28.77,5.239,1742.8
28.85,4.768,14.3,39.99,2.833,49.5
33.33,4.206,468.8,8.41,1.812,1753.2
33.28,4.932,529.7,55.34,1.920,301.6
175.65,4.946,590.5,175.06,2.514,605.3
73.46,2.745,482.8,254.04,7.194,126.2
184.20,2.583,633.0,146.32,4.540,779.3
129.54,2.865,18.8,6.98,1.232,239.0
92.28,2.856,339.1,287.03,5.692,129.7
54.46,0.942,13.5,75.64,5.272,40.4
32.43,3.711,468.7,10.40,2.643,1430.5
7.90,1.557,2584.2,19.78,4.592,1080.9
65.96,2.211,119.3,134.57,10.348,55.0
28.45,3.008,27.8,126.00,2.064,44.5
160.12,12.967,155.8,39.53,5.337,602.0
124.34,4.291,469.2,164.06,2.780,341.1
14.14,2.042,1403.1,100.54,4.363,228.8
81.13,1.674,164.4,75.41,3.818,208.0
22.53,1.420,798.9,79.06,5.124,244.1
50.47,4.864,105.5,23.77,3.560,209.9
50.34,3.484,121.7,55.08,2.152,98.2
65.35,5.241,56.4,28.44,2.818,100.1
201.65,3.549,86.3,29.68,2.379,336.2
24.73,2.344,733.8,59.62,4.537,350.5
29.04,1.545,145.4,36.66,4.560,108.3
38.65,5.039,93.3,35.15,1.329,49.3
44.77,4.046,257.7,54.89,3.357,174.9
6.78,1.277,48.5,70.03,4.187,46.4
45.77,1.939,195.2,24.98,4.715,398.2
6.52,1.306,514.4,154.46,5.944,38.1
40.93,2.090,4663.6,211.05,5.129,880.7
112.37,4.649,135.8,57.55,2.311,288.0
70.21,2.647,86.7,91.53,3.713,95.2
99.54,3.788,253.4,43.06,4.569,625.7
50.36,3.550,251.0,192.30,3.149,92.4
18.94,3.679,670.6,40.86,3.257,319.4
77.93,2.359,54.9,6.39,1.549,652.6
12.63,2.429,454.3,28.82,2.595,194.9
17.76,1.582,3055.8,86.86,5.713,607.4
47.73,3.358,274.2,30.33,2.149,481.7
132.15,4.826,185.4,11.82,1.609,2184.3
19.65,2.583,974.9,70.34,0.991,298.1
438.45,10.072,142.9,7.10,0.519,9033.9
14.08,1.937,1251.2,73.98,6.897,235.8
58.00,2.949,217.8,11.58,2.056,1058.8
94.40,2.880,817.1,656.31,10.616,102.0
91.91,2.459,284.3,77.48,5.866,356.2
11.04,1.523,131.4,128.42,5.993,21.7
9.22,1.945,140.8,40.92,2.736,31.5
13.45,2.092,2079.2,119.13,3.084,257.7
107.98,3.933,43.3,8.95,1.333,683.3
47.11,2.296,475.2,66.87,3.490,369.3
112.46,7.050,218.5,111.40,3.611,202.2
17.95,3.340,213.8,16.73,2.580,235.6
46.92,5.526,84.6,43.09,4.554,92.7
51.00,3.119,116.3,61.13,3.097,101.9
6.78,1.623,1438.1,28.04,5.200,337.6
175.53,3.918,881.1,87.53,3.773,1752.8
11.53,1.834,51.3,62.77,3.520,34.1
45.90,4.211,12.1,48.42,1.140,4.8
24.60,4.192,583.2,20.21,2.190,725.6
46.81,3.584,906.0,75.42,3.319,522.2
19.67,1.274,1210.8,132.38,7.328,138.0
18.65,2.315,2.2,10.64,2.788,60.1
48.04,4.349,33.4,7.84,1.456,133.3
8.05,2.044,53.2,30.06,2.690,45.2
58.47,2.689,150.2,146.81,3.377,89.6
61.84,1.936,2095.2,117.05,4.596,1109.4
45.79,3.213,1506.3,90.82,2.639,791.1
17.02,1.186,47.6,20.98,4.483,74.4
24.29,2.319,948.4,63.38,3.133,374.2
16.06,3.178,170.0,37.90,0.868,35.6
24.33,2.946,255.9,50.39,2.084,142.9
23.27,3.341,1063.0,16.80,2.686,1510.1
29.32,1.960,356.0,246.41,3.395,80.9
38.62,2.518,191.6,90.42,3.186,109.8
96.67,4.670,142.5,60.22,3.393,175.5
115.47,4.940,391.8,79.67,4.783,577.0
30.87,4.912,417.1,34.98,4.428,392.8
156.05,3.909,1145.3,487.05,8.440,361.4
20.84,3.096,917.5,48.11,1.131,413.7
106.80,3.799,278.8,209.78,5.535,121.5
30.00,1.490,401.1,41.74,6.971,273.2
90.55,1.319,12.6,26.35,2.891,153.1
35.53,0.852,3905.0,622.02,9.825,206.8
32.83,3.957,380.3,13.32,2.361,917.3
17.51,3.618,174.2,8.51,2.207,362.6
64.44,5.543,1312.5,32.34,3.051,2621.4
36.37,3.620,169.0,10.25,1.912,686.1
131.35,6.181,284.3,17.73,1.300,2012.6
386.04,8.718,142.1,463.11,6.536,102.5
75.36,3.432,326.4,16.03,1.882,1487.6
196.42,4.586,119.5,51.90,1.693,427.7
49.54,2.085,633.6,46.09,3.727,668.4
39.41,2.909,543.8,12.52,2.251,1701.3
112.57,5.708,282.5,41.84,1.545,783.2
88.52,7.964,885.6,72.85,2.395,1086.0
10.57,2.378,481.8,36.16,5.338,147.0
55.89,10.404,649.0,11.71,2.967,3037.5
14.15,1.603,2321.5,102.33,5.796,318.1
42.07,1.372,339.9,44.89,4.509,299.4
32.05,3.124,729.0,196.38,9.247,118.1
76.22,3.958,748.3,263.62,3.768,180.0
17.36,3.403,389.5,59.58,4.103,116.3
48.39,5.860,198.3,7.50,1.224,1297.8
16.61,3.680,765.0,49.33,3.884,265.2
25.01,2.848,216.8,24.08,2.617,212.6
64.64,2.355,2397.9,124.74,4.311,1257.2
29.95,2.198,961.1,72.22,3.750,439.4
112.90,6.075,37.2,7.66,1.409,251.5
80.00,7.372,291.4,13.81,2.826,1587.6
187.08,10.211,310.2,61.72,3.989,971.6
78.59,4.195,202.2,77.94,1.366,208.4
120.81,8.083,138.1,87.84,1.358,207.3
22.87,1.982,199.5,112.64,3.955,88.2
51.26,4.224,179.1,85.03,3.816,89.7
235.90,22.549,212.2,674.05,55.405,88.0
12.11,2.565,696.7,49.88,3.443,197.2
99.35,12.713,563.9,34.53,4.010,1630.4
18.40,3.112,57.4,47.52,8.204,11.0
30.01,3.247,37.9,20.66,3.492,18.5
17.75,2.250,23.9,32.94,3.272,39.2
112.06,7.801,287.6,46.30,0.759,596.1
61.75,1.709,102.1,89.43,3.979,122.9
6.18,0.971,9248.3,321.52,12.529,129.2
17.05,2.194,371.8,104.00,5.056,63.3
13.49,1.646,340.5,44.53,4.768,86.6
197.72,5.169,130.9,106.34,1.911,179.8
74.35,1.062,110.9,58.45,4.158,188.5
33.56,1.940,305.7,16.62,3.354,678.9
9.58,2.011,562.9,48.05,2.546,96.3
12.36,2.549,1246.7,57.39,1.479,302.9
76.29,2.482,111.7,21.14,2.679,431.6
75.53,2.829,231.9,9.85,1.584,1515.6
595.41,8.347,21.0,18.09,1.099,628.3
42.11,3.934,119.3,22.73,5.155,84.8
27.65,5.466,243.4,22.38,2.806,334.2
38.01,5.720,96.1,10.34,1.243,238.4
11.48,2.415,468.3,58.47,1.645,81.0
305.55,12.476,210.4,62.14,3.212,1008.7
35.29,3.191,467.1,63.09,3.859,237.6
24.12,2.743,94.3,27.39,4.087,32.0
51.76,5.327,168.4,35.94,0.814,203.8
31.31,2.758,330.5,17.17,2.565,543.6
41.37,0.970,166.5,18.44,3.895,133.6
9.00,2.138,154.0,26.56,3.600,65.6
29.38,1.279,405.6,164.62,6.138,74.0
75.19,10.431,1311.2,27.49,6.598,3588.3
35.77,3.166,172.2,20.26,2.295,352.5
18.03,1.698,342.7,124.90,3.174,74.3
101.86,3.606,348.5,11.61,1.552,2794.0
84.62,3.777,136.5,90.74,3.760,172.0
135.92,2.922,803.0,139.58,4.060,815.9
11.32,2.617,2854.3,39.12,3.209,787.6
21.08,1.257,3894.3,154.34,7.221,514.8
51.99,1.684,356.8,17.23,2.772,975.8
17.24,4.237,677.5,27.53,0.515,405.5
49.88,1.873,52.0,24.48,3.703,53.5
15.26,2.309,771.4,58.02,3.281,157.8
15.38,2.152,152.0,17.15,4.162,151.5
16.92,3.367,1665.4,55.20,4.639,541.7
1125.71,20.178,8.0,571.89,8.233,18.4
104.21,4.200,186.2,20.10,1.720,1087.9
68.98,5.673,55.0,30.68,1.099,92.9
67.82,2.864,274.3,21.38,2.264,933.9
10.13,2.071,676.9,25.37,4.465,269.5
44.77,6.687,42.5,6.83,1.073,416.7
22.77,5.323,57.2,19.80,0.469,44.5
28.39,3.925,1991.4,60.24,7.794,919.5
192.08,5.366,248.0,20.83,1.407,2423.9
16.40,3.102,486.3,35.75,1.853,267.2
80.67,2.401,398.4,31.85,2.656,980.8
102.09,4.982,185.8,342.20,7.149,57.8
42.44,2.031,130.4,30.91,3.916,110.9
16.61,1.702,225.0,190.22,2.577,23.5
23.75,2.199,652.5,90.93,5.568,199.0
16.92,1.305,211.6,29.38,6.171,54.8
58.84,5.008,430.9,90.72,8.751,279.9
19.44,4.332,493.6,39.02,1.182,248.7
51.92,3.629,364.7,66.32,5.209,289.1
52.45,0.887,55.2,32.12,4.094,62.2
363.29,4.920,43.4,770.47,12.778,92.5
69.83,1.680,678.2,54.54,3.684,805.0
75.11,1.087,858.4,111.60,5.188,594.0
139.57,5.015,312.4,136.01,3.270,303.1
146.20,3.779,315.5,99.13,5.108,472.2
13.43,1.998,588.4,43.41,3.380,178.5
241.72,5.068,89.9,85.87,3.119,293.3
104.41,2.298,173.5,39.61,3.533,522.6
21.90,2.674,260.6,17.73,2.889,304.3
11.32,2.656,10.3,24.02,2.315,36.0
53.49,2.177,483.3,15.89,3.137,1738.1
93.15,2.054,767.3,77.69,5.788,857.7
145.47,6.815,165.6,146.20,10.728,181.1
32.02,1.649,628.6,30.68,3.798,661.5
58.33,1.593,22.0,16.63,2.511,241.6
31.47,2.903,93.4,46.98,3.640,77.0
21.03,2.494,13.8,64.84,1.890,53.5
202.67,8.553,106.1,22.16,0.981,855.6
37.54,2.276,54.0,81.80,3.907,12.9
42.86,2.296,165.5,127.82,3.865,21.7
73.95,6.875,36.5,8.97,1.845,283.1
111.95,1.830,112.7,83.91,4.031,179.3
17.79,1.783,1055.9,72.77,3.563,260.9
22.44,5.096,250.3,9.96,1.509,599.2
26.63,1.454,103.7,39.00,5.497,106.7
56.26,8.751,120.1,12.53,0.593,626.3
32.24,0.865,188.0,23.59,4.210,212.7
11.58,2.251,1094.9,30.74,3.369,408.7
69.52,4.682,419.1,102.99,3.315,286.2
51.91,6.529,342.1,10.02,1.404,1611.8
26.62,3.485,153.2,44.30,1.685,41.5
26.22,4.369,400.6,9.60,2.113,1068.7
67.32,3.963,213.8,17.38,1.829,741.9
26.17,1.556,278.7,17.78,3.404,410.8
42.73,4.365,151.2,40.19,1.259,188.4
11.88,1.905,56.1,48.96,4.064,27.8
125.31,2.161,107.3,37.87,3.218,371.5
113.31,14.026,123.4,34.80,3.950,476.1
38.86,3.671,339.2,33.35,2.362,326.1
30.04,2.275,249.9,13.50,2.751,532.9
44.02,1.462,186.0,27.82,3.351,269.9
118.84,3.453,280.4,52.08,3.165,542.2
23.92,3.181,231.2,48.20,1.315,170.0
79.99,3.942,28.6,6.83,1.226,301.0
67.16,2.590,292.7,90.90,3.856,191.3
24.76,2.079,1273.8,124.28,3.395,257.2
121.07,3.962,932.6,40.31,1.774,2824.5
16.12,3.012,1695.4,19.82,2.288,1390.4
20.50,3.816,960.2,20.51,1.539,993.4
140.90,4.654,122.2,54.58,2.511,372.9
173.95,6.003,78.6,97.18,2.457,142.8
17.77,1.895,4555.5,169.74,2.875,481.7
85.02,3.007,12.9,139.89,3.236,15.5
71.13,2.344,73.7,80.74,4.473,10.1
91.65,1.938,21.6,110.99,3.921,22.9
60.54,3.222,317.6,47.78,3.699,431.8
16.31,1.401,10.8,154.20,3.639,19.9
51.97,3.370,298.2,124.50,6.659,131.0
247.05,4.553,621.1,139.56,3.973,1045.1
169.15,4.574,718.5,74.18,2.116,1711.7
10.85,2.261,373.0,46.70,3.032,106.2
205.34,8.687,135.4,38.02,0.792,778.0
12.62,3.174,664.9,15.31,2.089,578.7
20.02,3.375,425.0,41.60,1.795,194.9
304.58,15.849,271.4,41.81,0.779,1871.5
179.35,5.057,264.3,53.86,1.423,951.1
96.05,5.015,6.7,11.29,2.181,46.7
36.62,4.309,67.7,47.60,1.032,67.6
89.55,6.144,213.7,29.33,4.924,631.4
65.32,3.068,302.3,30.63,3.672,645.9
54.54,5.949,283.2,120.42,7.864,126.6
39.26,3.013,60.3,26.05,2.893,107.6
27.20,0.991,46.1,18.55,3.789,88.7
56.88,3.330,135.8,37.22,2.864,229.5
147.33,4.213,169.6,123.62,3.890,166.4
53.07,3.012,39.6,23.51,2.344,23.5
12.17,0.705,4341.7,395.99,9.089,116.6
78.39,3.684,815.1,54.86,2.128,1138.2
55.66,1.690,28.7,6.69,1.687,426.8
123.30,4.412,203.1,46.22,1.682,545.5
280.22,8.052,403.4,76.76,4.870,1408.6
37.84,1.991,87.8,11.35,2.575,165.4
7.06,1.243,766.3,107.37,5.850,24.8
91.02,4.972,116.4,8.16,1.430,856.5
13.50,2.459,141.9,38.03,3.785,30.2
58.77,2.606,44.1,171.66,5.034,13.8
22.39,1.949,605.7,39.92,3.969,352.4
116.20,3.462,484.4,273.38,5.101,181.5
104.87,10.761,41.6,6.80,1.356,593.1
7.81,1.449,2140.1,81.60,3.525,201.4
16.92,3.637,304.5,22.12,1.642,244.9
163.26,2.429,163.3,8.60,1.244,3462.9
66.99,1.721,106.1,24.00,3.343,249.9
65.81,3.131,236.4,78.99,3.511,173.6
11.38,1.888,23.3,54.81,2.828,39.8
122.77,1.694,51.8,18.44,2.019,328.7
39.04,2.818,151.7,26.93,2.582,221.5
11.12,1.194,1019.5,127.94,4.831,74.6
148.09,2.760,845.0,104.02,3.794,1200.9
13.24,2.968,636.1,21.24,4.147,400.2
208.59,6.282,428.4,57.01,1.299,1586.7
61.45,2.668,158.0,169.57,3.399,33.6
52.54,5.027,1283.0,139.54,4.980,484.4
55.65,3.540,192.5,87.57,5.465,144.5
14.57,2.556,586.3,57.02,1.257,156.9
370.01,7.829,220.9,144.94,2.479,513.1
20.32,4.058,291.0,18.20,2.154,345.0
28.04,2.408,3650.7,137.65,2.165,743.2
102.33,3.350,550.1,79.39,2.713,710.2
60.86,4.156,368.6,27.07,1.757,923.9
9.31,1.141,251.8,73.85,6.247,70.9
51.57,2.674,291.5,321.58,4.589,17.5
227.97,3.455,39.6,6.32,0.860,2041.9
8.92,1.586,183.0,77.67,3.870,24.2
74.80,4.159,70.1,69.82,2.283,111.6
126.78,7.170,147.8,31.50,2.064,788.6
175.48,4.228,251.0,85.93,4.152,491.9
78.00,5.468,60.0,37.33,4.462,47.8
42.74,4.348,480.5,15.16,3.847,1312.1
18.63,4.608,312.5,17.77,3.403,333.0
26.31,4.028,72.6,34.86,2.975,46.6
68.34,1.370,598.5,343.15,7.002,107.6
23.67,3.208,676.0,86.14,2.659,187.2
35.44,3.114,338.7,45.81,2.702,322.2
44.14,4.494,196.5,31.54,1.980,327.9
11.56,1.441,3084.3,112.40,3.287,360.4
51.77,2.641,28.3,30.60,2.689,29.3
52.02,1.359,67.3,208.89,5.290,25.8
11.30,1.997,839.7,13.70,3.480,743.0
255.53,5.987,346.1,38.61,1.214,1989.6
64.53,2.257,804.5,33.89,3.233,1506.4
48.01,3.891,411.5,28.99,1.817,744.7
26.29,1.767,736.0,90.35,6.669,176.9
9.52,1.290,580.5,22.84,5.892,260.9
39.13,1.787,181.9,37.26,3.741,240.5
204.06,5.814,409.3,40.59,1.364,2093.3
13.75,1.660,472.8,107.50,2.882,93.9
42.67,2.318,52.1,12.88,2.300,92.6
60.82,4.791,567.0,38.50,1.250,833.2
70.94,4.180,349.1,66.14,2.428,321.9
162.04,10.178,239.7,12.52,2.244,2818.5
23.24,2.198,1666.8,175.81,6.181,236.0
95.81,8.689,161.3,12.08,1.860,1227.4
35.82,1.683,1454.8,123.63,8.070,364.3
9.15,2.326,549.3,25.30,2.562,206.8
116.12,3.724,265.6,68.81,2.222,452.9
65.95,7.337,103.3,7.32,1.449,1002.5
48.79,2.483,115.4,140.90,3.004,65.7
85.23,5.849,699.0,84.76,2.255,709.6
52.23,4.166,386.3,30.59,2.179,630.2
14.36,1.164,4454.7,196.03,12.783,350.5
25.11,2.400,96.2,41.98,3.725,22.4
37.05,8.065,40.5,21.52,1.544,138.4
387.20,10.898,628.7,72.29,3.056,3380.2
26.20,2.101,60.0,207.44,7.035,8.4
207.23,3.520,690.3,157.71,4.308,821.4
98.11,9.112,25.5,7.59,1.914,163.9
42.31,7.090,471.5,16.72,1.767,1183.8
115.07,18.314,492.4,17.75,1.987,3194.0
93.75,4.282,316.4,21.44,1.634,1370.5
62.63,3.692,273.9,50.75,3.062,319.1
155.07,7.565,433.8,174.84,2.842,335.1
36.43,2.113,140.4,155.14,5.395,39.5
44.99,3.562,140.8,10.10,2.478,548.9
48.39,4.086,347.1,12.43,2.193,1310.8
733.96,10.578,210.4,54.69,2.195,2934.0
27.12,3.793,245.1,36.67,1.816,138.3
10.91,2.377,2676.7,24.86,3.217,1123.8
42.38,1.853,1762.8,101.51,3.926,780.0
50.87,5.512,313.3,26.68,1.024,593.1
76.04,4.813,1044.0,64.13,1.303,1297.7
21.71,1.935,2840.5,43.65,5.308,1381.9
92.56,3.917,127.8,11.47,2.127,1349.5
30.87,1.555,157.2,133.82,7.448,49.2
164.21,5.012,125.2,80.74,3.222,280.9
20.80,2.078,254.3,70.29,3.491,85.6
41.79,1.974,1252.9,34.54,3.280,1478.3
84.94,2.929,2667.1,156.02,4.828,1439.3
108.84,5.411,37.7,14.21,2.237,122.4
81.00,1.434,179.2,36.64,3.186,466.5
82.64,5.517,195.9,27.73,1.632,595.2
118.38,3.301,472.7,31.79,2.561,1878.2
17.70,4.389,188.0,17.81,1.452,196.1
53.87,1.190,736.2,83.76,6.127,498.9
8.22,1.249,1018.4,81.12,12.955,110.1
16.43,3.082,63.2,15.70,2.729,65.2
155.79,7.406,13.5,17.52,2.279,52.0
27.28,2.820,45.7,64.39,1.623,24.5
66.98,3.361,79.7,23.45,2.100,218.7
98.18,1.499,33.6,15.61,2.058,521.7
55.07,13.425,28.7,19.88,1.766,174.0
371.83,5.170,402.7,252.18,5.174,589.7
15.41,3.514,731.9,39.37,1.630,267.7
30.75,2.619,1041.6,154.39,4.042,209.2
38.80,3.360,241.8,23.62,2.172,400.6
199.31,2.874,771.8,595.54,11.844,252.7
97.81,4.720,66.2,23.52,1.871,237.9
56.28,3.606,1503.0,383.35,15.039,233.9
12.49,2.518,377.3,72.02,2.344,80.6
182.82,5.058,63.6,50.50,1.923,224.5
80.80,6.360,268.9,14.25,1.256,1581.2
54.53,1.528,80.8,132.88,4.648,9.7
11.89,1.303,740.6,25.28,5.089,322.9
155.65,4.164,122.6,9.55,1.309,3047.9
29.47,5.688,483.8,28.75,1.214,495.9
299.72,6.352,151.8,160.36,3.445,305.8
44.49,4.503,144.0,75.73,3.616,94.2
328.36,7.250,48.2,23.40,0.946,404.6
28.24,2.293,902.3,64.70,4.890,369.9
60.97,3.228,281.0,26.89,2.916,722.2
120.96,3.087,5.1,50.62,2.565,18.6
131.22,5.401,160.1,19.96,1.284,1238.5
37.05,0.525,530.0,16.22,3.428,925.5
84.00,1.319,1892.1,36.60,3.289,4257.4
20.46,3.554,506.5,30.08,1.339,406.6
25.96,5.580,528.8,10.68,1.212,1338.4
107.11,3.326,327.5,133.03,3.564,230.5
67.69,1.600,210.3,26.05,2.791,393.8
42.97,0.749,135.7,14.04,2.814,329.4
15.78,2.945,613.4,33.33,1.689,246.8
7.73,0.991,3596.2,216.68,6.424,127.9
33.13,4.717,506.7,106.07,5.561,139.1
28.75,2.283,13.1,58.04,3.538,6.9
139.79,5.811,355.8,14.67,1.298,3156.8
29.98,2.673,1229.2,16.58,2.924,2183.6
26.51,0.706,218.8,68.33,7.828,108.2
22.42,4.067,585.7,11.15,1.811,1180.3
124.29,5.856,197.1,40.16,1.608,564.5
14.23,3.030,171.3,28.52,1.794,62.3
86.27,3.961,134.1,41.49,1.880,312.4
17.26,3.553,128.1,15.81,1.893,147.1
10.03,2.023,41.4,14.51,3.641,14.4
33.76,2.858,133.7,126.77,7.034,30.4
29.03,2.909,534.9,26.25,3.712,653.7
24.38,2.965,211.1,53.47,2.721,81.0
12.91,1.536,1375.2,74.24,7.097,270.8
19.37,1.627,1428.3,113.68,4.104,236.2
31.26,2.166,599.7,152.64,3.177,93.9
59.99,4.473,454.0,8.88,1.659,2939.9
187.68,3.012,8.3,10.16,1.295,647.5
86.69,5.146,356.8,24.11,2.524,1277.3
25.64,3.067,121.5,28.30,2.320,123.7
35.90,4.564,6.3,14.82,2.206,83.0
99.67,1.606,438.9,158.22,4.680,299.6
9.52,0.769,2894.1,318.28,5.388,99.7
13.36,1.044,2505.6,38.99,6.617,861.0
23.34,2.159,601.6,66.46,5.705,201.4
144.20,2.926,353.1,91.23,3.518,556.3
12.36,2.418,1668.6,34.67,5.652,594.9
35.25,2.260,1624.2,72.82,3.257,762.6
117.46,2.728,52.1,6.34,1.130,455.7
171.56,4.175,201.5,21.24,2.306,1715.3
13.07,0.882,944.5,303.67,5.484,25.0
91.67,4.553,61.5,59.02,1.559,48.6
29.60,2.735,515.7,14.46,2.812,1185.7
95.42,8.540,308.9,38.07,0.618,768.9
111.30,6.167,673.8,213.96,4.431,334.8
23.43,2.571,1298.6,56.56,2.433,505.8
11.61,2.648,590.6,28.69,3.430,226.9
74.15,3.958,184.3,66.75,2.597,131.3
27.51,2.674,258.7,20.21,2.732,350.7
419.79,10.055,2.7,155.37,5.882,19.9
61.28,1.680,28.3,47.09,3.793,29.7
44.67,2.900,186.1,31.56,2.558,264.8
69.11,3.946,106.6,58.22,2.123,148.7
36.24,1.963,133.6,15.84,2.727,343.7
62.63,6.529,724.0,16.01,1.114,2826.1
51.55,4.883,1015.4,19.58,2.774,2694.9
40.98,6.797,62.0,9.54,1.003,236.9
29.07,5.322,173.4,33.40,5.956,150.6
118.02,9.374,119.4,24.28,0.679,567.4
124.37,4.923,98.7,28.17,1.550,369.2
82.16,2.053,160.7,20.91,2.344,385.6
106.01,11.022,516.9,92.67,5.399,508.5
126.48,1.740,2285.8,59.54,3.441,4730.3
24.70,3.651,403.0,36.26,1.130,353.0
78.47,5.493,610.8,54.00,1.673,864.3
22.91,3.615,378.9,55.57,1.681,152.8
905.72,12.858,44.3,10.54,0.476,5406.5
31.78,1.325,251.8,61.12,5.231,83.4
78.65,4.192,173.6,48.19,1.891,209.3
91.83,1.736,1143.7,634.55,9.862,150.8
36.81,5.348,44.8,8.00,1.431,114.2
12.85,2.514,102.3,28.92,2.456,45.5
15.22,1.393,1016.3,279.31,6.945,58.0
130.32,3.112,918.0,70.79,3.503,1719.2
22.96,3.098,543.2,93.40,3.415,162.0
125.64,4.452,774.7,260.22,3.603,364.8
11.58,1.480,1129.9,63.40,4.501,205.7
36.57,3.654,118.9,29.59,1.902,214.4
55.37,0.762,1326.4,209.06,7.609,328.9
38.63,2.214,102.2,15.09,2.543,219.6
10.56,1.095,1659.5,290.80,6.533,70.1
10.06,1.061,363.3,203.80,6.360,29.4
81.65,4.182,174.7,95.18,6.539,172.6
30.44,1.833,220.6,21.01,5.531,308.5
21.20,3.515,1305.2,99.46,7.335,285.7
69.94,1.824,828.2,93.07,4.674,552.0
46.88,3.360,189.8,32.99,2.636,358.3
46.72,1.024,89.5,189.12,7.804,31.6
443.47,8.538,39.6,37.03,2.196,549.2
43.93,2.661,313.7,69.98,3.767,190.3
51.65,5.313,39.6,21.74,2.830,71.2
90.90,4.902,193.1,27.46,1.794,790.0
102.95,2.553,195.9,12.74,1.654,1530.6
56.17,1.573,46.9,8.34,1.977,615.6
14.67,1.290,2824.1,140.21,4.756,260.7
423.80,8.089,81.9,11.86,1.115,3036.0
78.32,1.459,229.2,16.55,2.635,1247.3
57.32,6.392,615.4,8.41,1.877,3985.2
126.49,2.842,118.2,99.43,3.345,163.3
22.07,4.189,991.9,51.87,2.740,417.6
120.29,4.605,351.7,11.58,2.094,3726.4
9.04,1.335,1552.7,82.46,5.191,153.5
9.20,1.237,1378.3,224.08,4.598,73.2
33.35,1.743,629.8,90.97,6.519,217.8
11.14,1.646,789.6,143.29,2.451,118.4
49.85,3.490,302.7,15.21,1.902,1038.7
17.21,2.128,1192.6,149.41,6.400,116.4
50.62,1.594,525.2,30.71,3.845,929.1
20.95,4.374,119.2,51.90,4.377,73.8
27.80,3.315,140.9,19.60,2.246,213.1
11.44,2.790,962.2,15.41,2.739,762.5
91.68,1.266,376.5,122.56,5.012,342.7
369.26,5.436,44.8,19.00,1.228,818.4
121.55,2.635,95.3,67.39,3.753,179.5
110.58,4.555,39.3,68.97,1.400,78.8
22.83,2.869,512.4,45.50,2.345,300.1
16.99,2.924,624.3,33.24,2.717,289.7
172.97,5.057,136.0,82.56,1.561,295.3
50.66,2.867,139.7,37.55,2.713,213.9
68.41,6.689,445.1,77.36,8.379,373.1
119.19,3.871,104.5,125.05,4.868,114.9
14.72,2.162,677.4,61.49,3.047,140.2
28.30,3.668,1189.9,39.94,1.546,840.9
75.11,1.819,1078.3,331.93,6.741,250.4
122.68,2.726,135.6,13.79,1.757,1027.5
29.96,1.520,1118.3,56.39,4.905,620.0
23.78,4.699,777.4,6.92,1.589,2499.5
47.33,4.229,384.1,35.30,1.505,521.0
54.21,1.081,316.6,99.60,5.762,140.9
81.00,2.320,28.6,13.87,2.203,287.8
28.25,2.822,332.1,29.38,2.586,268.7
133.97,2.648,323.4,146.55,3.881,295.3
23.32,1.565,2949.1,44.62,5.369,1552.0
19.86,1.862,493.7,85.05,3.679,126.6
23.86,3.043,202.5,12.78,2.817,279.3
31.50,5.531,36.5,9.99,1.385,187.1
71.41,1.668,28.9,38.10,4.216,44.0
11.93,2.048,581.4,113.66,3.081,73.4
131.60,4.509,190.9,57.36,2.581,443.5
36.54,2.724,427.2,64.38,6.382,205.8
23.37,1.257,749.2,210.87,5.993,112.1
34.31,3.552,121.8,17.42,4.037,166.2
38.52,2.097,433.1,61.44,3.645,269.3
41.68,1.907,424.7,54.61,3.700,359.1
57.98,3.760,705.2,48.24,3.487,811.6
79.03,2.091,275.5,14.26,1.960,1475.0
82.34,4.324,96.7,10.19,1.510,755.0
10.67,1.934,236.8,87.72,2.153,45.9
16.94,3.012,8.2,27.85,4.378,31.3
16.37,3.593,102.3,15.50,2.369,96.7
35.41,3.589,49.3,43.34,2.056,32.6
23.31,1.621,1515.9,126.66,4.674,272.0
132.84,4.666,278.4,88.66,1.817,347.3
20.15,2.384,318.6,22.44,4.129,251.5
72.77,6.696,594.1,9.93,2.182,4238.5
11.52,2.083,1073.0,37.55,4.748,327.1
48.73,11.193,127.5,24.07,4.451,185.9
62.67,11.470,642.6,49.47,5.150,785.4
33.79,4.512,46.8,58.10,1.527,61.7
180.59,2.866,695.9,156.18,4.142,794.0
105.62,5.785,318.8,33.81,1.619,969.5
8.46,1.563,545.8,36.18,4.396,107.9
20.88,4.111,393.3,14.68,1.632,562.4
66.83,4.635,248.4,26.30,1.646,611.0
14.71,3.883,440.2,58.34,7.103,97.3
83.80,2.976,161.6,134.63,4.074,42.0
66.01,5.582,101.8,6.34,1.124,904.5
68.62,1.656,189.9,60.56,3.581,231.9
216.09,3.264,236.1,113.29,3.404,383.6
284.08,5.509,65.9,20.09,1.607,976.6
46.15,3.435,71.6,176.02,2.651,26.4
9.65,2.386,36.9,39.09,3.901,28.0
39.20,1.108,798.8,19.20,3.223,1637.9
114.68,2.845,116.6,19.50,1.972,611.5
74.38,2.866,50.1,39.64,3.632,57.7
72.77,2.727,533.3,84.20,3.497,442.9
34.62,2.132,158.7,35.81,3.252,145.8
6.93,0.925,5132.4,29.81,7.258,1188.0
201.54,5.330,147.2,59.64,1.345,631.1
283.66,7.246,206.0,125.07,2.304,400.7
101.30,5.531,111.6,22.20,1.583,506.3
50.17,1.817,120.5,15.02,2.755,518.6
68.92,4.384,423.5,62.59,2.535,418.7
100.14,2.226,314.1,20.45,2.130,1618.7
100.86,1.360,134.8,51.09,3.418,197.9
23.71,2.889,1390.2,44.04,1.961,775.9
59.93,6.253,334.4,49.49,7.161,352.8
35.74,2.862,20.8,79.86,3.565,43.6
19.67,3.641,3245.2,39.07,0.874,1675.8
79.27,4.899,53.0,18.21,1.449,312.0
17.37,1.405,819.2,422.33,10.313,42.1
31.44,2.264,264.6,48.42,5.201,224.8
97.02,2.535,224.4,14.10,2.376,1358.1
1553.85,21.896,126.8,312.10,5.607,785.0
14.17,2.277,396.4,15.21,3.116,290.1
23.21,1.263,188.7,18.32,4.413,266.5
61.22,5.429,457.5,51.59,0.879,606.1
7.59,1.946,1350.3,49.13,0.974,259.3
13.33,2.474,3229.3,27.94,6.066,1544.4
65.96,2.348,36.1,20.44,2.456,86.0
49.58,2.997,240.8,116.08,1.672,70.2
20.90,3.365,92.6,25.27,3.188,80.2
88.28,13.375,177.5,9.90,2.206,1401.6
11.77,2.470,779.8,41.82,1.393,255.3
309.12,7.223,81.5,8.96,1.095,2732.2
82.71,2.813,188.0,187.36,3.715,113.9
27.78,1.462,58.8,230.47,7.586,14.5
39.02,3.568,88.3,10.11,2.032,503.4
10.81,1.934,37.6,15.58,3.752,23.2
13.34,2.220,1468.3,62.62,2.334,361.8
40.71,4.512,742.4,42.02,0.786,739.2
16.19,3.694,103.3,18.25,3.349,64.9
95.71,5.697,20.7,15.33,2.563,91.5
31.84,1.327,979.0,147.35,8.617,202.2
9.84,1.169,67.3,145.38,4.080,25.3
37.25,3.110,1172.0,50.33,4.775,858.9
82.42,5.571,181.3,6.65,1.217,2240.4
190.07,3.348,210.8,54.76,3.792,723.5
24.81,1.658,1283.1,270.82,4.639,138.9
33.54,1.718,388.3,24.27,3.358,522.7
73.72,4.169,66.1,15.78,3.242,410.3
119.10,1.837,26.4,84.06,3.797,23.7
161.62,5.227,376.5,212.43,2.923,274.1
37.65,0.953,379.1,22.74,3.656,576.2
38.31,3.838,309.2,43.03,2.145,279.7
156.58,6.054,1491.2,353.51,5.978,666.3
231.92,5.981,181.4,53.84,1.224,675.8
40.25,2.874,78.9,99.85,2.430,60.9
49.38,3.699,96.0,71.31,2.347,49.1
36.79,2.684,277.3,61.39,3.845,221.2
76.38,1.653,559.2,171.66,4.823,228.9
27.80,3.383,51.9,40.47,6.039,28.8
72.17,6.770,317.3,9.51,1.218,2396.9
24.70,3.822,635.8,14.51,3.286,1096.3
27.18,2.195,862.4,67.17,3.571,372.3
166.50,8.209,52.2,196.48,11.885,8.3
294.13,4.950,44.7,30.47,1.536,742.3
6.30,1.060,601.5,78.14,7.998,48.9
151.76,2.302,235.2,59.77,3.057,588.0
22.99,0.865,496.4,44.87,6.239,295.3
78.13,1.523,233.6,20.20,2.755,996.9
224.37,4.618,120.3,44.49,2.240,429.9
10.24,1.678,264.5,24.21,5.656,128.4
86.64,7.681,194.1,22.06,0.803,519.6
280.53,6.133,315.0,64.46,2.235,1350.8
33.92,1.849,238.9,130.00,4.056,59.4
1194.39,18.228,24.6,178.83,4.776,54.8
49.95,5.365,35.8,37.83,0.603,101.4
34.19,3.657,374.7,38.30,1.624,360.3
69.93,3.791,68.9,132.24,4.714,56.0
52.45,3.437,367.6,47.87,3.490,406.6
80.10,2.238,25.0,176.49,6.887,59.0
121.65,5.051,23.9,56.48,4.894,7.8
208.88,4.485,599.7,77.70,2.535,1582.7
29.64,2.771,68.0,188.02,8.308,27.3
68.51,1.993,124.9,17.59,2.715,452.9
24.08,4.738,34.3,33.97,0.867,18.5
24.89,2.526,435.5,20.48,2.980,594.3
90.68,1.353,118.1,119.20,7.154,87.7
124.82,3.586,56.9,14.04,1.697,185.1
10.73,2.776,987.9,38.77,2.541,284.6
27.51,1.484,287.0,15.91,3.550,551.5
14.09,3.396,470.2,15.47,2.075,417.9
168.79,3.595,502.5,188.00,9.181,461.6
28.15,2.907,791.5,45.70,4.210,452.6
57.38,1.468,470.1,161.51,5.061,133.8
39.08,3.684,370.8,35.10,1.985,352.6
58.82,2.178,602.1,141.18,5.069,250.8
262.60,4.587,221.2,199.05,3.756,345.4
16.12,3.135,513.4,14.43,2.611,548.3
301.63,8.414,81.4,93.20,2.367,236.1
53.76,4.343,773.5,31.39,5.022,1317.3
28.33,1.319,612.3,33.87,4.401,486.6
64.13,2.413,425.8,88.44,3.429,259.9
12.96,2.439,1835.1,38.36,6.987,657.0
58.51,4.401,337.5,15.99,1.605,1261.1
27.00,1.983,270.3,21.04,4.810,306.5
18.00,1.953,2396.6,170.51,3.454,262.4
23.44,2.116,163.4,267.36,7.927,37.2
22.02,2.675,307.9,62.91,1.953,115.7
110.63,4.244,46.5,59.03,1.706,15.7
30.29,3.545,1035.9,42.69,5.416,729.8
56.22,2.258,439.9,44.33,3.127,565.9
33.92,0.589,398.9,295.44,10.776,65.6
31.40,2.852,685.7,48.28,2.848,407.9
107.25,5.091,530.2,38.37,1.563,1576.7
70.57,5.676,109.3,10.62,2.629,697.9
18.38,3.198,1876.4,50.18,2.123,723.8
31.59,1.712,69.3,20.34,3.398,65.9
70.14,4.081,784.7,171.35,2.410,312.4
44.55,3.959,599.9,46.17,3.612,530.7
14.11,3.619,19.1,20.27,1.596,28.3
49.06,1.571,46.5,16.07,3.100,29.2
8.93,2.354,363.8,27.47,5.162,115.5
40.81,2.775,549.2,170.31,6.347,95.7
51.58,3.048,465.2,73.24,2.959,367.8
7.77,1.914,21.2,43.75,2.586,60.2
50.60,4.219,300.6,50.33,2.520,270.0
28.59,3.186,202.8,65.49,1.636,80.2
78.39,2.053,74.8,52.37,3.164,50.4
67.97,2.482,144.6,16.45,2.972,691.8
25.89,2.052,864.5,97.83,3.049,198.2
13.95,3.052,335.2,25.37,1.669,125.8
74.36,5.020,240.0,31.15,3.060,651.2
47.12,4.295,831.7,74.15,1.590,543.4
7.89,1.705,229.5,44.82,5.836,25.7
72.27,1.308,212.4,16.84,2.472,918.7
30.14,3.450,602.2,92.97,3.611,195.5
14.17,2.548,5576.6,41.35,1.876,1906.8
56.09,3.907,59.5,33.45,4.821,92.3
76.37,3.396,83.1,57.05,2.540,51.5
21.29,2.368,380.2,79.34,3.484,88.4
71.03,3.666,651.3,35.62,1.983,1337.1
74.60,7.014,299.1,69.37,9.792,329.6
82.19,3.035,1196.2,42.39,3.321,2270.9
66.45,3.067,1062.5,31.99,2.351,2291.4
11.67,1.421,864.5,158.09,2.900,45.2
37.81,4.552,280.9,6.97,1.674,1436.3
18.98,2.605,1298.9,64.99,1.923,344.9
50.66,3.018,118.9,77.40,2.974,103.7
154.33,3.495,970.1,146.13,3.325,1090.3
22.66,2.832,121.2,25.86,5.966,111.3
131.11,2.317,20.3,485.42,9.241,10.8
15.75,1.451,104.9,102.45,6.088,42.0
23.63,2.081,123.2,234.19,4.061,18.9
10.46,1.643,2153.8,86.79,6.188,235.8
219.27,3.217,986.3,48.58,2.656,4219.3
8.38,1.910,1375.5,38.19,3.899,282.5
36.84,1.681,138.4,127.99,5.110,51.8
103.45,1.460,59.6,105.13,4.236,157.5
49.86,2.620,55.8,12.53,2.430,176.9
17.75,4.611,672.1,8.75,2.063,1425.2
56.54,7.037,24.4,6.14,1.387,214.0
33.99,1.846,68.4,137.32,5.624,23.7
24.27,3.720,225.0,80.91,4.689,57.2
17.36,4.328,926.6,14.93,1.391,1112.2
19.67,0.729,228.6,40.55,7.089,98.9
120.71,5.935,178.2,54.98,1.485,431.7
24.04,2.918,161.2,12.95,2.941,316.7
37.03,4.804,630.3,54.56,1.776,417.0
10.33,2.665,71.9,13.06,2.688,32.8
385.10,8.686,837.1,108.35,2.085,3036.4
66.01,2.293,161.8,104.58,7.590,132.0
21.59,2.001,255.9,136.64,6.729,45.2
65.52,3.682,438.3,78.76,1.542,377.8
77.11,3.672,491.5,28.98,1.907,1220.0
26.34,3.057,240.7,18.86,2.349,299.9
103.07,4.006,269.9,39.99,1.823,604.8
91.06,2.331,77.6,157.98,5.777,20.2
101.71,2.079,646.0,60.83,3.259,1010.9
133.01,5.287,480.9,79.15,1.748,862.3
73.79,2.273,96.5,226.19,4.291,24.6
36.33,5.371,848.9,34.94,2.261,873.3
62.17,4.356,279.7,183.04,5.507,63.0
25.53,5.260,206.5,13.20,2.074,357.4
36.44,3.580,123.9,21.94,2.074,232.4
23.84,4.707,366.6,20.74,1.236,503.9
101.75,3.174,222.9,19.31,2.467,1125.0
15.47,3.991,18.9,15.15,1.631,51.4
15.23,3.693,1025.7,26.51,1.717,568.3
36.92,5.952,533.6,18.76,2.409,970.0
51.68,2.804,823.6,84.06,2.799,464.3
287.86,7.654,81.2,118.91,6.469,281.0
85.02,3.465,18.8,8.22,1.343,372.0
41.95,2.685,121.2,10.66,2.034,421.9
26.07,1.774,270.0,116.43,5.520,98.0
141.33,3.755,75.7,17.21,1.541,402.2
42.63,1.523,471.6,14.73,2.860,1233.7
113.43,2.515,127.8,66.03,4.394,185.7
23.30,2.281,498.5,46.57,4.222,298.8
9.75,1.724,575.8,67.03,2.454,105.7
16.22,1.475,1772.6,65.89,5.445,436.6
62.67,5.665,77.3,7.19,1.733,762.1
17.35,2.932,411.8,58.39,1.450,120.8
73.41,3.680,230.0,94.30,8.852,140.5
14.78,2.211,1971.0,67.71,1.655,426.6
6.17,1.519,535.3,75.84,8.217,39.6
89.83,1.455,458.7,63.60,3.502,582.6
29.30,7.252,17.8,48.73,6.228,25.1
8.08,1.444,3922.4,108.39,1.545,281.6
13.25,2.511,1526.7,65.15,1.480,325.3
63.45,2.891,20.2,8.77,1.619,147.3
75.22,3.215,962.6,86.15,2.803,848.6
7.01,1.632,479.7,60.67,2.297,11.3
19.76,2.021,3631.9,65.28,4.741,1118.0
19.10,1.995,723.3,21.20,3.930,656.1
96.48,6.745,622.1,28.31,2.696,2124.7
68.78,2.136,77.7,38.28,3.365,94.8
93.72,2.851,174.9,18.24,2.579,917.3
114.88,4.542,106.2,25.79,1.537,442.7
15.42,2.406,172.3,35.03,2.744,50.3
35.39,2.021,361.0,271.18,4.671,81.4
12.32,2.067,1301.6,18.65,3.544,879.9
61.05,3.597,75.5,13.55,2.267,352.1
239.44,5.695,73.4,39.38,2.778,448.6
31.26,2.764,78.9,63.17,3.128,28.5
28.12,3.464,1050.0,14.33,2.252,2065.9
274.11,5.518,211.4,47.20,1.337,1248.7
117.99,5.824,15.0,18.22,1.246,109.3
30.96,2.312,66.8,11.28,2.510,101.2
186.99,5.076,243.3,72.11,1.492,646.9
34.48,4.626,211.7,54.54,6.694,156.0
39.84,2.968,916.1,36.92,2.948,973.9
48.97,3.994,117.3,34.96,3.759,175.2
18.81,2.247,464.7,85.26,2.840,130.4
68.06,4.012,82.4,13.79,2.385,430.5
87.49,3.303,808.2,59.70,2.617,1126.2
65.62,3.162,151.6,103.28,2.570,86.0
92.23,4.117,24.6,34.13,2.018,150.4
65.04,9.165,41.8,20.09,2.322,148.5
16.72,2.093,2017.3,71.50,2.632,512.2
140.34,5.456,147.3,32.08,1.333,549.3
28.17,3.335,281.5,37.19,3.726,213.3
60.25,1.371,867.6,67.36,6.431,733.2
44.16,3.458,165.4,52.20,1.865,135.9
15.81,4.057,97.1,16.49,2.878,95.5
12.22,2.989,508.5,18.00,2.725,336.1
260.59,4.214,171.8,20.45,1.378,2042.2
34.64,2.624,1001.4,29.68,3.391,1167.4
53.43,2.333,979.7,123.20,4.350,400.4
45.20,4.816,658.2,145.87,6.516,213.5
40.41,2.245,256.8,31.04,3.122,308.4
29.84,3.956,386.1,24.60,1.758,463.8
60.26,5.598,62.7,37.88,2.146,88.6
145.92,4.519,34.3,28.95,3.236,64.6
10.95,2.631,973.3,35.61,1.750,329.0
85.79,2.249,658.6,52.46,3.301,1052.7
28.94,2.872,206.3,12.76,2.294,483.7
7.34,0.995,3806.4,98.10,8.914,276.7
12.52,1.541,5265.9,97.69,4.544,696.6
16.02,3.286,1403.7,33.85,2.441,702.5
14.84,3.179,695.4,16.75,2.106,621.9
13.10,2.799,1597.6,58.76,1.381,424.3
16.95,4.413,561.6,21.58,1.085,396.4
42.97,3.836,3.2,57.40,1.164,95.3
78.25,1.224,278.2,46.28,4.691,487.6
20.33,1.280,145.3,172.97,5.464,15.0
9.60,2.067,292.5,20.96,3.546,124.2
72.16,1.890,71.3,30.15,4.146,182.1
38.53,3.245,828.0,77.94,3.661,435.4
142.99,4.378,432.2,107.57,1.836,588.6
78.81,2.962,735.3,46.81,3.776,1286.9
19.63,3.682,386.7,21.94,3.581,309.3
38.85,6.761,31.0,6.14,1.493,72.6
81.36,1.612,208.2,83.87,3.799,202.8
63.77,1.968,58.5,24.17,3.016,57.8
33.84,2.310,137.0,64.29,3.836,95.2
47.12,3.756,230.4,23.71,2.467,446.9
141.98,6.007,39.5,51.35,2.277,60.0
61.31,2.063,981.7,104.69,4.396,628.5
16.87,2.561,378.2,12.89,2.766,526.9
111.16,5.713,35.7,57.32,0.927,29.4
72.42,4.915,56.4,62.50,3.808,33.0
24.57,2.938,791.6,53.18,5.297,385.6
22.35,4.607,482.8,15.29,3.872,695.4
230.91,5.769,147.8,9.11,0.899,3461.5
90.60,5.629,392.6,43.66,1.187,832.8
115.51,2.348,55.8,30.66,3.013,132.1
94.18,9.181,759.8,107.76,5.368,690.2
39.36,2.908,505.1,24.75,2.940,758.3
48.29,0.953,343.6,115.07,6.560,134.1
62.52,0.956,702.4,28.23,3.815,1635.6
11.70,2.372,1947.2,21.82,4.931,1088.2
14.63,2.233,417.2,47.34,2.673,124.1
53.20,1.891,67.5,92.94,7.122,27.2
59.66,5.762,225.5,127.67,7.879,121.7
30.49,1.154,117.8,113.24,6.046,40.2
82.75,4.014,149.7,155.26,5.566,113.6
22.80,4.645,1438.2,55.95,4.907,583.4
51.30,6.693,255.7,44.64,0.848,302.4
109.08,11.943,79.1,17.07,2.572,586.9
19.61,2.381,181.3,59.48,3.377,103.4
9.28,1.666,1031.6,42.90,5.006,240.9
30.87,3.110,63.4,67.47,2.015,81.4
195.06,5.918,456.2,133.12,2.093,684.6
56.54,1.260,769.1,50.96,3.960,859.6
10.77,2.353,404.5,16.26,3.297,220.9
13.34,2.448,444.0,61.83,1.566,100.0
49.03,0.972,538.9,51.11,4.464,486.4
45.67,1.146,593.9,67.66,5.041,367.5
205.92,6.899,103.4,23.40,2.382,553.1
76.27,1.277,147.6,197.29,5.348,27.8
24.16,5.931,458.2,26.50,2.111,371.7
40.02,2.318,1995.7,54.31,3.298,1444.9
113.93,2.154,179.6,18.30,2.166,1137.2
16.05,1.292,149.5,40.08,5.648,127.2
33.71,1.965,1079.8,68.49,6.246,520.8
73.78,2.055,277.0,1103.45,17.865,19.9
8.65,1.730,2481.3,61.70,8.341,338.6
17.05,3.823,457.5,13.25,2.661,528.0
21.72,2.837,123.6,47.63,1.718,77.0
28.91,3.127,917.1,128.64,5.457,231.9
19.97,2.343,500.5,11.66,2.836,912.9
31.77,1.830,23.0,22.01,5.675,48.0
36.59,4.347,155.5,23.15,5.143,198.0
12.77,3.260,106.4,16.54,2.698,31.3
212.89,3.675,1688.0,363.38,6.563,1000.6
72.58,4.823,708.9,57.26,1.037,939.5
99.80,4.938,450.5,42.00,1.608,1078.5
41.84,4.467,298.0,9.90,2.288,1212.6
46.49,2.290,536.1,18.88,3.218,1225.0
134.54,5.261,97.0,42.08,1.479,314.8
37.33,1.487,40.3,18.42,3.461,17.0
118.32,5.227,535.4,178.19,2.940,384.7
14.49,1.732,2391.1,180.00,2.691,175.3
28.91,2.745,1084.0,94.50,4.726,297.0
21.40,3.233,326.3,38.19,1.694,169.2
34.17,3.224,437.6,82.73,1.552,209.9
978.80,13.722,138.0,235.98,5.845,691.3
11.00,1.568,1264.9,148.69,2.266,28.6
17.18,2.281,855.6,43.72,3.919,294.9
114.29,2.626,34.1,114.35,7.178,25.9
52.17,3.307,622.6,136.23,2.110,250.0
59.22,4.501,58.4,22.13,1.663,301.4
74.77,1.741,581.7,98.03,4.635,402.2
12.28,1.895,1409.5,35.74,5.565,503.5
61.77,1.689,142.4,88.76,5.321,148.3
72.71,11.690,191.6,27.65,7.325,459.4
48.64,6.089,26.3,14.38,3.296,175.8
84.71,4.801,862.3,188.34,4.569,417.3
22.97,2.278,312.0,29.30,3.450,264.0
33.49,2.048,12.6,64.26,3.558,47.0
255.83,5.031,7.8,46.81,2.006,75.2
29.10,3.651,45.6,18.19,2.614,82.6
19.40,4.279,2181.3,74.87,8.075,544.7
8.24,1.545,1763.2,108.57,2.521,140.4
70.04,2.291,1008.2,97.96,3.996,724.4
62.73,4.011,516.6,90.20,1.847,352.2
24.72,1.182,1184.6,73.45,5.906,401.9
57.51,7.811,179.6,11.95,0.819,825.9
74.05,6.447,115.7,41.33,1.877,57.9
296.46,7.918,74.2,94.68,1.664,314.8
14.49,1.182,182.7,161.76,8.075,26.2
13.98,0.536,17.0,648.71,13.695,12.3
109.54,4.839,45.7,38.71,2.797,66.9
309.75,12.623,136.7,35.85,0.693,1283.6
6.36,1.361,355.2,65.52,5.180,32.4
53.91,7.415,126.2,21.40,0.988,229.6
67.27,3.268,273.2,22.08,2.006,826.0
50.27,2.750,54.3,12.61,2.098,106.5
42.33,4.108,84.9,131.32,4.694,23.0
112.95,3.656,124.7,63.47,2.337,240.3
77.35,2.992,467.4,48.64,3.837,800.0
24.30,1.743,205.3,257.93,6.154,12.1
30.33,4.500,2376.4,62.69,2.161,1132.5
64.86,1.472,996.5,143.18,5.929,483.0
40.36,5.850,41.6,23.72,2.593,30.7
85.79,4.240,126.3,15.10,2.074,633.3
6.28,1.009,1497.4,204.47,6.427,48.2
151.79,5.926,452.3,23.56,1.659,3035.3
59.82,6.182,581.5,46.70,4.851,732.5
18.20,1.893,67.6,18.63,3.564,94.1
52.10,7.913,651.9,27.18,2.327,1332.1
62.13,4.335,33.6,133.66,1.851,45.8
18.22,2.876,458.9,31.07,3.277,252.4
115.22,4.012,1056.0,99.29,3.092,1320.8
13.74,3.652,143.2,39.05,5.942,45.8
121.52,5.378,46.0,8.74,1.398,351.2
35.06,1.918,348.5,59.66,3.734,176.1
12.97,1.820,342.9,22.36,3.996,220.8
65.52,5.545,314.8,20.01,1.357,955.5
130.32,4.525,84.6,41.97,1.825,250.1
11.05,1.762,310.1,34.44,4.124,85.0
34.82,7.043,496.3,11.79,0.894,1479.9
90.02,10.463,723.7,56.33,8.276,1191.2
272.08,7.085,58.4,146.84,2.072,114.2
68.47,5.578,250.6,7.15,1.248,2800.1
80.97,3.390,398.7,13.43,1.640,2348.5
276.93,4.993,2.4,298.97,7.020,51.2
203.90,11.259,33.1,28.74,2.019,15.5
124.98,3.153,216.0,6.39,1.087,3664.6
15.13,1.358,741.0,157.58,4.156,68.0
42.68,2.775,131.7,36.52,3.052,124.9
18.28,1.320,2978.6,224.47,8.846,236.6
193.76,5.142,101.3,165.20,6.149,138.4
57.03,4.602,60.9,45.47,3.424,45.5
45.65,2.172,225.9,26.73,2.903,368.3
261.87,4.422,59.8,211.75,5.980,55.5
41.36,4.198,265.0,66.79,2.225,192.5
48.14,5.350,1095.3,32.93,2.065,1610.1
266.13,5.657,46.9,488.07,8.309,28.1
18.20,1.530,297.5,79.71,4.763,60.1
83.07,2.957,130.8,12.25,1.727,869.9
16.91,3.714,546.8,21.18,2.319,421.8
34.22,2.181,2158.9,27.26,3.469,2703.9
45.87,8.015,765.2,30.07,5.575,1164.0
82.69,2.294,141.7,9.72,1.773,735.8
42.58,3.788,1283.3,105.26,2.585,511.0
42.06,2.080,408.1,170.49,7.561,101.2
11.58,1.653,63.7,55.75,3.814,26.5
111.36,4.915,53.2,210.68,13.728,28.1
57.67,2.026,195.4,78.34,4.185,122.3
12.80,2.155,525.2,63.90,6.346,126.1
89.70,7.453,423.2,141.05,6.158,261.4
8.91,2.247,454.8,61.56,4.233,52.1
192.83,4.973,50.5,59.70,2.337,206.9
34.93,1.950,331.3,47.91,3.618,254.2
20.59,1.613,74.9,195.37,4.639,27.4
7.88,1.344,89.8,34.77,5.585,9.9
341.21,10.883,298.9,259.06,3.695,479.3
32.54,5.437,119.9,22.77,1.651,174.5
75.38,1.358,157.2,69.51,5.658,216.9
32.40,2.339,70.4,15.86,2.705,128.5
50.27,1.163,104.9,12.62,2.398,361.9
73.28,3.014,554.8,36.19,2.712,1161.5
27.74,0.914,3436.8,196.00,7.848,494.3
151.64,7.435,19.3,7.15,0.809,940.6
22.11,5.658,623.2,12.18,1.926,1134.8
80.41,4.537,49.7,13.64,1.695,259.2
39.53,2.697,1382.1,88.44,2.885,613.3
45.33,2.570,579.4,12.95,2.578,2146.0
49.30,3.626,65.2,92.90,4.547,47.6
88.42,2.901,80.8,56.73,5.085,177.8
351.03,8.788,6.1,17.68,0.757,575.3
20.12,4.769,160.4,10.92,2.786,269.8
23.49,2.806,1673.5,33.01,3.714,1139.8
18.23,3.196,1561.6,40.68,1.413,643.4
51.96,3.387,171.5,50.51,2.154,193.4
102.97,3.480,721.5,83.48,2.876,939.8
27.77,2.231,57.7,91.14,3.973,42.6
116.63,8.199,28.9,18.27,0.846,117.5
51.09,4.098,875.3,52.38,1.568,885.1
24.57,3.782,772.6,18.22,3.228,1075.6
47.97,5.826,79.8,10.44,2.198,433.1
38.50,5.469,433.1,17.48,3.013,949.0
168.91,4.080,56.6,992.69,13.688,34.7
19.45,2.115,180.2,89.20,2.429,63.1
194.95,4.312,129.2,34.71,1.605,607.5
67.71,4.511,406.3,26.19,4.778,1049.3
64.60,1.356,243.0,95.44,8.485,151.9
33.09,4.596,136.4,28.53,3.329,156.8
33.27,3.955,101.7,62.66,3.630,70.9
52.40,3.571,342.2,62.13,3.080,288.7
8.82,1.582,3156.2,99.51,1.664,339.0
198.16,12.350,23.6,13.77,0.552,212.7
22.99,3.708,320.3,43.33,2.641,132.3
39.91,1.657,1277.4,372.01,10.040,148.4
112.40,2.911,132.1,23.54,2.523,518.4
8.44,1.184,263.8,74.78,6.442,29.3
122.40,7.584,261.4,36.75,0.672,962.6
34.92,5.403,19.5,19.71,1.636,98.3
94.30,1.355,167.5,29.55,2.716,458.0
18.89,3.498,31.0,49.60,1.305,95.5
116.79,1.840,14.6,6.62,1.237,391.7
32.45,3.204,358.9,36.38,2.368,353.6
27.19,5.828,338.9,35.87,1.802,291.5
208.92,3.019,185.5,10.75,1.362,3707.1
27.61,3.610,473.5,38.37,5.736,357.0
82.64,3.592,184.4,79.72,3.794,167.7
111.07,4.372,243.7,107.67,1.799,264.0
28.46,3.315,239.4,10.36,2.041,583.0
86.89,2.918,145.1,29.87,2.370,487.4
63.38,2.851,82.9,51.78,4.162,57.1
151.44,6.177,31.6,9.52,0.962,324.7
11.49,2.588,274.5,21.33,2.738,135.1
13.56,1.962,1063.2,62.84,3.315,203.7
160.81,4.272,51.3,12.29,1.228,340.2
26.66,2.737,2089.5,41.30,2.899,1358.2
47.65,1.342,722.9,83.92,4.769,422.6
237.08,3.664,94.2,404.17,8.959,37.8
31.89,2.047,416.1,32.11,3.389,414.8
29.87,5.008,45.6,16.14,1.470,123.4
104.44,3.377,889.5,72.27,2.987,1306.4
128.07,4.081,189.5,11.16,1.832,2154.4
23.35,1.760,332.4,22.25,3.560,301.3
48.05,5.733,349.6,42.23,2.177,360.3
11.28,2.038,428.6,21.41,3.529,208.3
64.61,1.098,93.7,19.66,2.655,293.5
52.99,0.874,420.1,339.25,8.730,64.5
16.30,2.849,1148.6,90.93,3.311,204.2
38.55,3.900,1526.0,51.16,2.627,1167.7
33.68,3.677,437.6,10.68,2.144,1498.9
277.06,5.521,315.5,112.43,2.548,744.2
97.20,3.159,29.4,24.29,2.569,110.6
61.10,2.962,347.2,13.77,1.897,1489.4
22.98,1.768,1252.4,35.41,5.128,809.6
61.28,8.780,708.9,14.92,0.562,2878.5
12.58,2.499,1039.2,38.84,1.710,371.5
15.72,1.067,55.1,32.60,5.501,12.4
33.71,8.468,854.6,15.63,2.590,1885.2
19.73,0.761,2038.9,384.43,9.064,79.3
20.37,4.525,164.8,23.74,1.258,148.5
29.71,2.301,190.6,22.47,3.128,300.2
35.05,4.085,232.7,14.25,2.673,649.4
17.11,2.526,1838.5,38.71,5.323,789.1
42.60,3.323,175.6,64.08,5.318,106.6
17.44,2.974,134.6,20.52,2.781,128.5
9.55,2.384,293.6,28.74,2.877,110.3
43.26,3.723,858.0,71.75,4.229,500.5
37.37,1.719,269.0,64.43,4.135,182.3
45.85,1.265,299.9,29.49,3.907,465.0
32.30,3.372,19.5,33.43,2.083,17.7
64.27,5.931,782.8,95.48,9.067,515.5
35.08,4.952,78.8,26.49,0.969,125.5
73.18,5.967,228.7,57.83,1.489,257.6
79.93,2.795,368.5,7.78,1.404,3469.7
173.18,2.882,81.8,389.58,13.134,44.7
52.93,1.891,666.4,21.75,2.949,1649.5
115.93,3.941,142.6,315.82,4.336,22.7
236.87,4.834,78.4,12.98,1.496,1070.5
16.40,3.689,110.2,22.93,1.328,165.4
14.93,1.663,40.0,26.29,4.643,32.0
62.52,2.816,388.7,59.24,3.227,307.0
23.16,2.230,116.7,26.34,3.644,74.2
73.06,2.455,184.2,25.30,3.160,491.0
145.42,10.642,122.4,62.08,7.786,250.3
34.22,2.015,227.4,63.86,9.985,151.1
22.14,2.619,498.5,65.92,2.256,164.1
99.66,4.647,520.1,75.99,1.766,653.6
62.66,6.441,69.8,32.27,2.506,130.2
49.75,3.741,248.8,59.59,1.773,215.1
215.59,4.355,532.1,34.83,1.801,3486.7
26.89,1.731,995.2,46.05,4.655,586.1
31.38,3.423,785.1,128.67,4.436,202.1
85.75,4.433,944.4,50.62,2.023,1631.4
18.36,2.338,1018.8,118.52,8.698,162.0
39.01,2.208,220.4,38.00,6.948,238.2
9.09,2.178,1440.8,63.60,3.114,217.6
25.53,1.836,338.0,58.47,11.038,189.3
95.23,1.545,301.6,8.48,1.672,3487.4
101.57,1.675,84.7,97.73,5.022,19.0
56.69,2.153,836.3,550.70,7.527,123.1
63.87,1.261,33.6,54.68,4.683,62.6
53.25,3.134,474.9,265.71,6.443,95.8
19.57,4.658,296.5,6.89,1.818,871.3
11.93,1.737,46.1,22.60,4.160,39.5
16.00,1.399,1604.9,120.02,4.213,222.9
187.74,6.229,835.5,36.96,1.923,4230.2
72.86,3.337,231.1,61.46,4.275,327.2
38.70,6.643,217.3,32.90,3.550,241.5
270.96,4.135,191.4,451.70,10.043,79.0
37.11,5.507,238.1,59.49,5.255,146.4
18.61,1.678,490.6,41.30,4.438,178.1
118.35,10.911,152.6,36.73,0.668,476.7
66.62,2.617,16.7,10.15,1.705,175.3
126.07,3.231,708.4,604.80,12.653,173.4
32.48,5.137,922.5,39.42,0.807,824.4
24.32,1.898,1760.1,267.61,5.322,184.6
53.16,2.203,722.0,85.63,4.403,451.8
34.55,2.437,294.1,117.96,4.274,84.0
45.21,4.443,298.8,24.00,2.175,509.5
461.53,6.926,184.3,152.37,3.741,614.2
10.26,1.429,38.2,26.26,4.941,10.4
229.45,7.458,316.7,292.21,6.107,226.8
102.55,4.050,309.7,42.78,2.335,739.9
36.49,1.663,438.1,25.04,3.298,635.7
15.13,3.508,299.8,10.78,2.213,367.6
83.69,3.103,315.4,61.64,4.181,395.5
65.37,3.991,78.5,37.11,4.180,114.8
35.87,2.068,136.1,51.28,6.648,129.6
38.83,4.217,306.1,33.85,1.339,323.5
11.19,2.599,476.4,18.43,4.425,294.0
8.27,1.762,2576.4,61.49,1.829,314.4
90.39,4.039,178.4,120.20,11.498,170.3
18.81,4.159,1412.1,25.73,6.040,1065.9
34.03,2.475,1296.9,56.90,6.226,788.8
299.23,8.093,52.8,112.68,2.830,106.7
95.76,2.848,1162.9,136.07,4.048,847.9
108.74,4.772,6.0,37.42,1.699,152.6
12.28,3.234,724.5,26.80,1.913,357.6
56.34,3.772,57.6,24.37,1.898,31.9
30.76,1.914,261.8,56.56,3.777,143.0
86.69,6.069,36.5,8.34,1.256,329.0
18.81,1.929,44.4,27.75,3.730,7.7
158.07,4.270,53.2,46.22,1.725,228.6
135.66,4.712,33.1,12.68,1.212,400.7
20.01,1.907,807.8,78.44,3.168,212.9
40.28,3.856,10.0,64.78,3.305,32.1
23.81,1.232,105.8,58.51,6.173,12.2
423.15,14.052,1374.2,212.83,3.476,2671.1
10.36,2.324,2876.8,29.68,4.279,1026.3
17.40,3.300,286.2,37.40,1.679,134.7
10.75,1.970,30.8,20.11,4.119,16.4
48.30,5.610,897.5,19.67,1.261,2194.2
193.72,3.546,18.6,21.85,1.559,35.2
80.98,1.142,215.3,129.03,5.950,164.6
162.97,4.584,108.3,77.68,1.673,248.9
55.12,1.431,1412.2,59.42,4.553,1295.3
12.36,2.493,1882.1,55.76,5.220,389.8
12.51,2.328,72.1,33.87,2.855,45.3
32.21,3.926,69.4,26.61,1.685,158.3
69.74,4.585,358.4,63.67,6.120,394.3
23.26,3.639,1751.0,56.51,3.176,704.6
185.73,11.651,58.0,29.84,3.350,406.2
47.15,1.621,273.9,19.77,3.765,717.8
38.71,2.489,39.4,112.80,3.336,26.5
20.77,1.131,3598.3,291.71,5.095,226.3
29.67,4.436,119.1,62.58,8.943,101.2
62.22,6.694,244.5,8.51,1.429,2004.9
15.23,2.933,168.4,19.58,2.310,68.3
76.02,4.398,34.1,70.55,1.671,37.8
8.38,1.378,431.5,166.52,4.368,27.8
6.62,1.019,606.7,143.68,4.460,31.9
10.89,2.595,117.9,37.77,0.961,49.3
211.41,2.941,96.1,8.28,1.073,2719.5
71.42,1.075,353.0,27.41,3.333,913.3
39.72,3.176,1937.9,104.92,2.971,704.8
27.75,1.122,474.2,182.35,7.435,80.1
85.59,3.971,33.8,30.89,3.071,63.1
62.47,1.443,839.1,200.02,5.303,283.9
67.67,3.337,364.6,48.81,2.843,507.1
13.04,2.931,703.4,13.04,3.447,651.6
78.98,2.226,199.5,184.89,6.972,137.4
159.43,3.567,29.4,127.97,5.371,11.4
185.71,4.667,83.5,184.31,3.989,135.7
47.04,1.249,1035.8,31.82,3.982,1716.7
75.38,8.097,390.3,11.33,1.588,2669.3
49.26,8.610,124.5,63.19,7.759,100.6
18.07,2.439,475.5,75.26,3.143,120.4
8.46,1.298,411.5,29.43,6.751,114.9
16.50,3.932,288.2,36.92,1.696,133.8
97.84,4.451,64.7,46.89,2.020,262.6
111.53,3.416,676.0,151.88,5.422,477.2
11.53,3.062,17.7,29.99,1.883,7.9
15.14,2.798,345.8,12.76,2.646,390.3
21.66,1.417,428.8,354.38,12.346,19.7
213.90,4.647,99.9,68.81,2.126,309.2
47.12,3.369,446.0,74.48,1.435,265.1
37.44,3.068,595.0,232.34,5.818,89.1
11.12,0.839,288.9,282.81,7.580,27.6
39.73,0.887,131.5,17.33,3.245,487.1
40.23,3.997,323.2,42.60,3.922,298.4
9.21,2.322,136.0,31.94,1.928,105.8
183.39,4.726,424.0,55.31,1.671,1442.6
21.90,3.142,120.0,49.13,2.883,58.7
182.03,2.469,121.6,118.53,5.912,233.9
23.48,2.926,1619.3,31.69,4.264,1248.4
33.25,3.331,266.8,58.88,3.127,147.5
117.61,3.863,378.2,133.14,3.945,324.8
14.73,1.106,3436.1,151.83,6.158,325.6
32.76,1.749,780.3,96.98,5.019,240.5
9.02,1.196,2348.0,95.44,4.755,212.1
58.47,6.491,330.1,57.62,6.544,352.9
57.84,2.936,177.9,50.85,3.705,249.7
30.41,1.367,239.3,12.73,3.216,724.4
15.27,3.671,1055.7,24.23,2.018,694.0
24.24,1.871,1332.0,119.89,4.537,256.4
16.47,3.730,655.1,35.29,2.820,305.6
22.64,1.462,531.9,31.07,4.903,350.1
169.94,5.914,422.4,295.15,4.375,265.6
26.48,3.208,36.0,11.27,2.227,97.4
52.61,3.632,1115.4,115.27,1.620,488.2
32.33,2.382,1274.2,47.43,3.274,891.7
12.69,2.123,1568.1,22.14,3.412,860.5
540.19,8.576,116.2,619.54,13.484,113.2
6.11,1.284,4916.1,46.81,4.972,614.1
9.39,2.142,1808.4,24.26,4.668,707.0
13.02,1.737,448.6,47.02,4.065,119.8
90.15,3.720,371.1,60.36,2.191,588.8
62.90,3.038,431.0,58.20,3.891,483.2
108.00,4.530,85.3,27.98,1.601,339.3
46.64,4.953,833.7,46.31,1.640,857.4
253.44,3.642,188.9,171.50,4.424,297.7
33.15,4.621,95.4,24.15,1.380,167.3
38.08,6.417,418.8,23.44,1.069,756.9
63.25,4.764,366.9,70.54,3.923,382.1
172.90,7.329,32.0,29.75,1.574,141.9
17.35,4.230,649.0,17.32,1.986,632.8
8.87,1.756,215.5,28.29,4.486,84.1
12.57,2.334,814.5,45.11,3.995,248.0
12.52,1.688,181.3,57.17,6.061,59.4
21.17,3.398,96.5,75.15,2.394,8.2
169.85,5.149,76.0,57.33,1.390,185.3
59.39,5.280,133.7,34.31,1.417,311.9
132.01,4.263,540.1,194.85,3.252,364.3
13.77,3.152,1121.8,58.53,2.602,248.9
28.17,2.462,532.0,28.98,4.771,464.9
14.48,3.039,513.1,25.63,2.485,294.7
30.62,2.096,647.8,32.51,3.303,556.7
25.30,2.564,1996.2,53.24,6.106,937.6
67.26,2.105,145.7,42.11,3.611,275.9
32.33,1.886,1383.5,63.13,3.909,663.8
48.94,2.865,1033.1,108.06,3.391,461.6
157.08,3.730,611.1,31.75,2.097,2862.0
11.31,1.809,2403.7,68.39,2.522,308.1
22.59,4.514,82.9,13.44,1.571,136.6
13.46,3.355,41.1,24.33,2.683,57.0
59.07,2.046,236.7,109.87,3.984,124.6
26.91,1.426,1123.0,32.41,4.304,892.8
12.69,2.391,2228.3,45.17,1.617,667.3
37.55,3.776,79.4,11.64,1.953,239.6
20.03,1.482,48.5,24.48,4.713,100.7
43.06,3.379,85.6,29.59,2.164,94.9
79.43,3.237,286.9,14.85,1.793,1481.4
28.81,3.599,172.7,10.82,2.796,308.0
38.56,4.189,535.3,40.07,1.113,509.1
29.64,3.746,451.3,46.72,5.141,303.0
54.01,6.576,170.7,14.85,1.059,530.0
15.96,2.042,806.9,15.11,3.475,919.0
229.30,6.421,64.2,44.39,1.451,182.9
48.40,4.761,85.6,13.02,1.514,315.1
174.11,6.715,265.1,65.67,1.104,689.1
41.30,2.808,338.0,33.42,3.306,388.8
11.49,1.921,171.8,32.18,3.599,24.6
107.25,4.372,296.3,216.33,4.089,158.9
122.64,5.633,800.6,38.22,1.353,2514.0
40.22,1.810,2982.2,192.12,5.841,608.1
46.19,5.014,78.5,66.79,6.476,82.0
82.43,4.415,555.9,166.64,4.191,242.8
14.17,1.354,181.9,25.86,6.295,96.4
27.58,1.662,1844.7,44.92,4.310,1103.6
89.74,3.956,53.0,37.31,2.129,161.1
47.30,4.862,99.8,16.45,3.707,354.4
27.08,2.019,554.3,96.41,3.572,161.4
7.54,1.706,1677.5,64.64,2.486,193.6
16.52,1.711,2761.6,17.10,3.679,2672.6
19.72,2.120,778.0,84.56,3.318,179.8
78.23,1.710,1206.9,131.77,6.450,736.9
83.72,10.420,42.6,31.50,6.876,110.4
14.84,1.126,1850.0,338.54,5.610,73.3
12.86,1.647,424.2,34.53,4.846,126.4
76.25,3.906,692.3,265.40,9.546,206.1
32.53,2.031,2215.6,101.62,3.884,701.9
19.24,3.734,776.5,38.85,4.319,423.2
15.65,2.222,1064.4,99.11,2.028,162.6
11.97,2.773,1575.6,24.81,2.348,776.3
105.71,11.230,112.5,31.65,5.469,392.1
7.23,1.912,587.0,24.83,6.299,142.4
46.51,5.111,9.5,32.34,3.592,38.3
167.15,8.301,307.4,99.20,4.682,553.6
15.33,1.540,1156.5,208.96,3.574,75.3
37.00,1.739,223.4,25.78,3.706,306.0
59.08,6.652,222.6,47.15,1.266,179.3
51.26,4.245,2640.7,103.17,2.785,1316.3
113.01,7.088,217.5,52.15,0.981,514.0
49.08,1.578,781.6,60.03,4.345,628.8
21.14,2.345,3093.3,157.87,2.927,418.3
75.68,4.392,26.7,45.95,1.987,89.0
16.60,2.593,96.2,10.87,2.774,255.8
21.12,2.295,270.3,15.76,3.578,391.6
146.78,4.223,70.8,21.44,1.519,347.0
13.13,2.722,76.7,31.05,2.340,62.1
144.09,3.394,32.5,13.18,1.459,218.2
37.72,4.495,398.7,104.95,4.428,175.5
85.10,3.593,319.6,67.03,3.366,368.0
34.60,3.544,540.6,33.12,1.857,628.8
55.99,2.546,371.0,87.30,3.444,201.7
132.80,3.229,53.7,113.16,3.379,13.7
10.93,1.874,53.1,61.32,3.852,9.3
128.25,7.983,244.1,18.00,2.150,1680.1
41.11,3.442,442.3,70.68,3.960,270.7
123.87,1.926,63.6,192.60,5.066,30.5
61.03,2.505,680.4,169.39,4.287,295.1
28.92,1.928,1776.1,88.19,3.532,581.3
22.43,3.509,356.3,15.92,3.081,513.5
47.12,2.770,868.1,23.29,2.451,1839.9
153.83,4.935,249.6,14.87,2.075,2201.1
218.15,4.874,552.4,24.84,1.253,4462.2
137.27,5.775,385.3,29.03,1.263,1765.1
134.09,6.807,227.3,152.06,6.264,170.2
71.79,12.145,840.3,42.07,8.298,1430.0
34.04,2.358,1853.3,135.48,2.844,476.8
77.15,1.760,543.5,94.68,4.609,403.7
132.71,9.280,46.3,17.81,2.705,277.9
42.20,3.635,102.1,26.90,3.106,145.0
288.09,4.274,458.1,226.44,4.570,513.2
61.30,2.327,115.7,56.33,4.468,125.8
206.08,3.370,679.9,305.39,6.328,451.4
174.34,3.771,919.5,163.11,4.195,960.2
21.26,2.757,1950.9,60.06,1.330,645.6
20.15,3.370,127.3,12.42,2.887,229.8
16.41,1.670,1080.6,90.18,4.617,184.6
20.32,3.117,256.1,21.73,2.621,282.5
101.72,4.201,63.4,51.33,1.834,20.5
214.29,4.401,223.9,85.04,2.587,523.8
182.31,4.709,73.5,12.78,1.087,656.1
26.82,2.723,354.7,11.54,2.349,870.2
10.65,2.803,1159.5,55.98,3.732,188.8
193.45,5.279,1391.5,276.23,7.848,971.5
208.52,6.263,237.5,95.06,5.171,475.1
6.69,1.630,2598.1,96.30,3.653,183.6
68.58,2.578,121.0,19.50,3.151,327.5
64.85,4.253,1854.7,177.20,3.373,687.0
561.38,10.269,76.1,264.30,4.633,165.5
11.05,1.417,1671.0,40.89,5.075,442.8
46.61,4.222,316.8,11.45,1.715,1261.5
27.23,3.236,795.5,125.57,5.544,190.9
18.82,2.421,98.3,70.25,4.278,48.3
40.64,2.399,38.3,10.58,2.407,50.3
18.56,4.010,695.2,10.01,1.859,1250.5
15.69,2.205,1687.2,53.17,2.897,522.4
216.95,7.561,656.1,64.01,4.006,2197.6
12.61,1.675,723.8,69.73,3.479,121.7
46.01,4.159,114.7,61.04,2.675,140.7
96.83,3.322,119.2,63.76,2.807,157.6
40.59,1.990,299.9,57.79,3.615,183.6
225.31,5.816,686.2,177.11,9.308,878.7
23.45,3.248,715.2,29.29,2.001,599.1
179.78,6.024,254.3,8.22,0.872,5366.1
50.86,1.779,602.1,103.56,4.473,312.4
52.42,5.356,375.7,65.32,1.142,231.3
150.93,2.746,103.1,51.69,3.801,204.6
80.88,6.382,116.2,34.45,1.567,165.3
38.55,3.076,318.4,10.31,1.951,1138.7
198.55,11.477,231.6,237.67,16.796,180.2
40.48,5.541,27.8,23.13,0.900,79.8
193.87,4.429,52.6,110.13,3.106,87.4
52.43,2.721,144.0,226.92,6.799,33.8
13.28,1.427,386.6,20.99,4.596,221.4
43.61,3.496,227.7,67.08,2.097,173.1
18.96,4.605,481.0,25.81,2.026,373.2
81.35,2.363,33.2,332.37,5.343,26.7
95.09,4.021,319.1,99.77,2.152,287.7
128.57,3.419,296.0,29.33,2.703,1516.6
134.45,3.943,87.4,128.19,3.183,121.3
29.23,3.741,745.5,24.65,2.423,927.0
33.14,5.128,127.8,11.18,2.019,377.2
188.67,2.765,600.7,26.83,2.098,4074.7
24.70,1.818,715.5,33.85,4.980,503.3
49.60,1.802,123.0,20.99,3.053,285.5
6.13,1.034,291.6,29.98,7.003,62.7
105.10,2.591,398.1,15.26,2.197,2657.0
12.17,1.736,845.2,71.83,3.039,165.2
91.40,3.483,333.0,49.07,3.019,656.7
97.76,3.873,131.5,19.80,2.013,538.1
311.50,5.915,252.1,44.86,2.481,1744.8
24.03,1.015,323.4,16.85,4.280,452.7
40.17,2.432,507.2,18.35,2.718,1152.8
130.22,4.865,832.6,34.50,2.506,3183.1
76.65,3.260,67.0,75.14,2.752,20.4
74.49,1.482,427.7,105.87,8.042,237.8
121.39,11.836,536.3,10.35,0.553,5871.9
60.02,2.450,83.5,24.35,2.509,197.9
30.57,3.662,173.3,13.53,2.238,312.2
20.89,4.699,482.6,10.10,2.497,1029.4
9.41,2.293,692.0,56.80,0.817,62.1
38.40,0.575,617.1,118.62,7.692,166.1
38.59,3.874,471.9,49.61,1.229,331.8
13.13,1.861,473.6,51.03,3.333,109.3
8.55,1.455,959.1,78.47,3.024,105.6
53.43,1.985,45.6,108.47,3.848,38.0
23.71,4.524,197.5,25.57,1.747,167.0
286.19,4.965,145.1,88.70,2.372,418.4
56.75,2.745,628.3,52.13,3.084,705.0
11.57,2.716,824.6,24.82,2.982,382.9
89.20,6.730,137.2,20.42,1.580,545.0
104.83,1.817,268.7,82.37,3.660,392.4
70.41,3.332,183.4,44.54,2.277,309.9
26.72,5.646,413.4,26.54,5.660,413.3
33.25,2.108,1385.8,302.23,4.121,169.9
40.66,3.911,506.3,39.37,2.234,531.0
14.38,2.980,1027.0,24.79,2.015,587.4
61.73,5.373,272.6,10.06,2.120,1544.3
23.95,1.984,1708.3,49.22,4.239,843.9
82.92,2.715,328.9,14.36,2.066,1839.2
34.75,2.162,54.8,40.74,3.305,79.6
49.26,2.258,276.4,37.05,3.064,338.5
49.84,4.427,446.5,13.06,2.933,1728.4
8.02,1.699,411.5,36.71,4.078,80.4
83.00,2.519,97.8,40.75,2.889,220.0
55.38,3.363,1665.6,88.49,5.306,1006.7
25.43,3.207,18.6,12.97,2.459,15.2
95.03,7.798,872.8,133.48,5.027,610.6
283.57,11.922,734.4,65.49,1.497,3304.1
12.59,2.588,1507.7,22.71,3.785,874.0
23.63,4.012,764.5,18.23,1.648,1021.0
86.40,2.094,670.3,12.14,1.908,4774.9
94.91,3.876,45.1,124.82,2.364,92.0
52.47,5.890,67.7,19.80,1.576,39.6
15.80,2.347,13.1,20.90,3.074,83.0
25.84,1.942,233.5,18.10,4.004,374.9
50.76,4.176,74.8,15.99,1.785,242.6
79.30,5.585,585.1,33.27,2.551,1366.7
236.80,7.165,21.4,26.52,1.905,285.3
13.05,2.428,1390.2,57.51,6.214,354.3
33.89,3.979,445.1,19.62,1.807,820.2
25.37,4.717,687.2,19.63,1.307,906.4
197.00,3.462,35.8,14.86,1.322,339.5
160.04,3.188,723.6,87.82,4.318,1349.0
56.75,1.170,405.3,45.51,3.990,479.2
13.60,3.081,756.0,45.02,5.009,260.0
152.34,3.163,378.6,28.15,1.898,2193.9
10.33,1.340,2941.1,25.10,5.101,1174.1
46.69,7.912,415.3,11.47,0.882,1721.1
15.80,2.260,324.5,15.95,3.137,358.7
31.36,2.660,766.0,20.96,3.207,1145.6
104.71,5.737,62.1,37.78,2.135,141.3
31.88,2.951,941.5,46.21,2.684,661.0
97.68,3.188,518.7,83.89,6.639,596.2
240.27,4.275,139.9,64.05,2.194,429.6
34.05,0.709,457.7,12.46,3.033,1130.6
34.56,4.628,90.4,13.42,1.544,249.9
28.67,3.123,615.3,114.40,3.085,91.2
25.59,1.692,1496.5,241.85,4.033,162.8
8.55,2.073,1631.9,20.84,4.365,708.8
33.31,2.396,1213.7,20.02,4.718,2070.1
24.44,1.337,31.2,32.50,5.122,31.4
39.26,5.101,161.0,46.96,1.178,173.9
39.95,2.574,990.6,313.89,7.443,143.0
55.99,3.770,30.0,7.94,1.542,132.2
189.14,4.711,217.1,22.22,1.293,1978.7
36.52,3.092,43.2,40.56,3.588,21.5
183.42,6.652,22.2,138.60,2.480,42.7
234.02,3.385,373.1,35.55,2.455,2586.0
51.13,2.645,107.5,7.54,1.813,783.2
13.66,3.274,238.4,15.89,2.138,226.9
21.51,4.503,44.4,13.94,2.862,77.3
86.17,2.870,319.2,68.94,3.774,427.3
624.08,10.121,489.7,178.43,2.491,1733.3
10.24,2.696,571.0,13.02,2.905,476.4
15.89,1.585,1522.7,162.78,3.276,133.9
12.23,2.324,1144.1,21.43,4.477,626.1
18.55,1.996,1106.9,132.45,10.037,151.4
16.18,1.764,442.1,17.00,3.932,414.9
8.24,1.845,86.8,61.06,3.278,12.8
25.61,2.031,982.7,77.66,3.268,333.5
44.00,1.807,21.4,15.17,2.856,117.4
212.58,2.992,687.6,136.29,5.149,1076.1
198.07,5.655,88.1,17.33,1.277,900.3
152.03,13.184,346.3,32.40,2.075,1618.5
97.81,5.766,387.2,84.00,6.954,471.7
34.42,0.538,1078.5,21.60,4.531,1779.6
47.56,4.630,296.5,30.37,1.691,479.2
15.43,2.589,979.4,18.47,2.792,799.0
42.14,5.953,243.4,23.20,0.925,462.8
56.72,2.635,572.1,26.36,3.448,1188.2
51.55,1.369,109.0,178.50,8.301,18.5
14.14,2.092,1021.9,31.06,6.117,480.9
26.40,4.595,469.9,16.22,1.523,739.7
54.06,3.152,777.2,12.69,1.883,3350.7
60.32,4.792,256.0,11.10,2.531,1320.5
47.45,1.014,241.5,228.29,9.237,84.1
51.30,0.898,332.5,20.62,3.739,646.8
16.44,3.383,41.6,11.82,2.179,24.8
30.62,4.896,260.2,26.77,2.466,314.9
212.04,6.607,33.5,7.78,0.917,789.9
23.88,2.616,1179.1,106.71,4.795,220.0
174.65,5.672,87.1,18.66,2.156,804.8
127.85,1.871,442.5,60.89,3.856,888.4
44.16,3.611,44.7,43.01,5.732,44.6
35.56,1.354,584.9,33.94,4.952,564.2
14.99,3.187,526.6,36.17,1.292,251.9
25.98,1.987,1310.1,69.74,4.518,455.6
11.01,2.100,262.7,16.89,3.456,156.5
19.88,1.711,72.9,92.30,4.214,4.0
19.48,1.717,399.7,14.81,3.600,476.8
16.79,0.893,588.3,272.00,10.067,75.6
55.21,4.193,363.5,37.11,5.894,534.1
95.13,4.026,150.6,45.27,2.444,269.3
160.07,4.749,115.5,27.47,1.626,454.8
7.43,1.561,325.8,71.47,2.094,38.8
108.35,8.144,480.7,19.93,1.420,2647.0
50.25,3.197,226.6,124.73,1.845,37.3
38.62,1.267,355.1,77.59,5.204,149.5
55.26,1.389,204.6,124.51,6.172,112.7
51.13,3.846,202.4,39.96,2.123,240.1
262.63,8.430,65.1,13.22,0.845,1353.1
34.79,1.831,833.4,30.13,3.406,966.6
174.23,4.557,233.5,37.25,1.958,1063.8
11.77,2.855,769.5,56.25,2.355,136.3
187.00,3.280,562.6,113.22,4.422,926.7
10.21,2.699,1353.3,22.77,3.681,595.8
127.59,3.974,49.8,20.50,1.530,398.1
247.31,5.815,705.5,58.05,1.651,2981.5
119.36,2.914,242.9,88.88,6.722,355.5
49.11,4.735,303.4,10.91,1.754,1328.2
34.92,1.309,173.5,17.10,3.782,416.9
118.93,4.764,184.9,33.39,1.567,519.7
7.01,1.595,741.4,97.09,2.818,105.7
60.90,2.502,989.5,54.01,3.197,1051.5
59.37,3.186,752.3,163.87,2.723,287.6
337.00,5.399,164.3,166.93,6.115,254.5
102.42,3.962,469.5,54.45,2.650,973.8
24.25,2.380,684.9,44.77,4.276,375.5
28.55,5.906,316.5,21.61,0.578,344.8
15.81,1.750,269.4,16.57,4.005,284.1
184.52,3.762,35.8,175.47,5.759,50.3
40.13,1.463,1011.5,494.25,7.308,112.2
9.00,1.221,672.5,146.62,2.764,31.9
42.22,2.793,176.8,31.78,3.153,167.6
49.96,2.345,62.2,382.35,5.518,33.1
49.84,1.556,1626.8,19.99,2.932,4126.5
24.79,4.583,731.7,39.26,1.406,402.9
94.85,1.628,49.6,72.11,4.090,48.5
125.39,5.277,57.9,16.59,1.404,330.4
26.66,5.371,744.9,17.92,1.569,1146.0
16.84,4.081,121.8,8.07,2.100,188.1
8.02,1.084,610.1,210.70,3.103,39.7
279.98,9.983,673.4,67.47,4.834,2747.6
8.52,1.049,2004.8,209.81,3.323,119.6
118.82,3.526,361.2,41.36,4.318,1075.1
112.56,2.686,309.9,11.92,1.687,2721.9
75.74,5.517,32.4,465.62,23.093,29.7
179.18,6.095,1295.5,208.72,3.069,1119.8
48.39,2.835,125.1,33.52,3.665,115.5
328.50,8.359,102.9,559.04,9.527,62.3
11.88,1.226,597.6,126.27,5.034,48.8
26.80,2.822,64.9,13.57,2.406,144.3
81.86,5.580,74.8,180.07,4.376,31.8
117.89,3.816,1166.4,225.16,4.846,602.4
18.27,1.811,1481.1,69.65,3.817,369.3
130.37,5.477,386.3,315.38,9.916,196.8
34.13,3.038,278.6,47.74,2.161,229.5
135.01,2.120,517.4,54.27,2.900,1198.7
10.50,1.261,6454.1,190.63,3.567,340.7
136.30,2.489,1740.9,729.18,11.815,348.3
18.58,3.761,393.3,22.25,2.895,280.7
46.94,3.327,48.5,8.73,2.234,233.1
18.06,4.591,1245.1,11.95,2.792,1861.1
187.16,4.737,204.2,13.04,1.141,2726.5
60.60,3.300,31.2,17.80,1.995,60.2
103.99,2.125,42.7,9.15,1.453,35.6
59.61,5.121,564.0,38.46,1.026,835.0
34.11,4.939,498.0,17.58,1.463,951.7
12.97,2.127,2669.6,32.13,3.789,1123.2
10.67,2.241,341.5,49.64,5.840,79.5
7.19,1.623,690.5,34.49,3.962,176.6
19.73,3.314,183.8,49.20,0.971,96.6
66.23,1.485,263.9,39.37,3.522,385.7
36.15,4.157,37.9,59.89,5.948,41.0
19.59,2.422,312.8,55.09,2.399,156.7
114.20,3.304,422.9,103.99,5.885,532.8
50.13,7.827,51.9,9.05,1.766,307.8
16.68,3.012,1413.6,79.13,2.870,293.0
50.36,0.706,35.2,38.31,4.135,69.9
55.35,8.345,52.7,58.22,3.327,59.9
6.49,1.623,2060.0,70.08,3.443,213.0
10.60,2.111,1067.5,23.87,4.282,493.0
12.06,0.984,162.6,20.08,5.337,106.9
29.00,0.592,446.4,23.93,4.960,516.3
21.15,0.934,1081.1,356.24,8.748,32.7
74.72,6.170,775.7,134.23,4.652,438.5
69.53,4.681,249.2,16.07,1.538,1174.4
29.67,2.325,858.0,9.87,2.621,2497.6
54.00,5.743,59.5,12.20,1.781,381.9
91.17,5.526,342.8,30.89,2.615,983.8
19.97,3.711,256.2,22.19,1.522,239.8
32.56,3.436,183.4,14.52,2.090,401.3
48.09,2.553,45.3,132.24,4.335,25.9
43.15,3.199,81.7,7.74,1.867,542.0
10.58,2.490,109.5,18.98,3.384,66.4
25.34,1.910,198.7,131.36,3.152,39.8
18.28,2.961,106.9,16.40,2.456,82.8
67.55,2.108,233.1,59.01,3.863,248.5
134.17,5.065,329.4,50.98,2.301,828.6
183.17,3.864,118.2,10.16,1.055,2165.3
18.47,1.706,730.6,148.26,3.832,88.9
28.29,4.270,648.9,19.01,1.530,1030.5
153.20,4.905,280.7,27.29,1.823,1710.7
392.60,6.955,85.9,147.18,4.246,203.6
65.67,5.850,663.9,93.97,5.843,484.1
72.11,4.013,43.0,394.78,9.459,10.5
46.83,5.400,74.8,6.57,1.522,433.6
28.74,5.318,23.0,18.21,3.109,33.0
52.75,4.955,75.2,23.62,1.395,203.6
106.98,3.849,1401.6,240.68,7.492,639.7
158.67,2.553,13.6,16.81,1.846,306.7
55.09,1.345,256.0,33.43,3.535,470.7
13.63,1.758,2886.7,68.81,5.744,584.2
10.70,2.416,153.5,68.57,2.089,27.8
41.71,3.124,74.6,23.22,2.268,84.5
39.96,3.816,51.1,28.68,6.238,76.8
20.30,3.017,70.3,39.92,2.019,61.1
21.66,1.655,1682.4,212.74,3.136,184.2
45.80,3.443,365.4,12.66,2.281,1396.5
15.61,3.748,363.2,13.98,2.939,435.7
15.70,2.495,1369.9,25.02,2.870,837.2
47.07,3.546,267.2,50.49,1.884,273.3
9.41,2.234,1541.8,45.78,1.275,261.5
14.68,2.666,2790.4,109.16,5.608,358.7
9.63,2.032,1527.5,20.94,4.038,715.4
11.41,1.908,80.6,103.32,1.891,54.5
47.15,3.976,637.0,59.40,2.944,521.2
45.82,1.587,789.1,119.59,4.786,310.1
150.56,4.817,206.4,493.93,6.970,65.0
20.58,0.649,839.9,373.00,21.525,52.2
7.74,1.274,1327.2,180.74,4.261,61.1
6.44,1.318,221.0,85.40,2.303,52.0
9.83,1.756,718.9,27.14,5.060,263.6
33.15,5.203,368.4,38.23,2.367,296.0
22.86,4.160,251.0,14.75,3.226,406.5
30.68,3.628,757.7,48.52,0.999,432.9
514.07,15.989,114.4,38.88,0.821,1834.9
141.34,2.691,137.6,55.69,2.739,313.5
113.10,2.518,21.7,24.98,2.104,90.5
16.83,2.749,102.7,35.39,2.470,53.5
116.37,3.846,166.5,8.04,1.389,2684.9
18.42,3.604,2230.8,26.14,1.262,1568.6
46.42,3.015,76.7,129.78,2.045,15.1
74.15,1.576,58.2,144.34,9.303,37.2
71.92,4.670,616.7,80.09,4.280,534.0
74.19,1.503,351.2,158.92,4.667,182.2
1203.03,23.977,79.6,343.84,5.835,254.8
25.15,2.454,64.1,109.76,2.679,33.8
21.31,5.059,237.1,19.38,0.896,268.9
147.66,6.550,312.0,49.76,0.907,920.6
102.13,2.585,905.8,71.49,3.535,1292.0
73.01,2.927,34.4,7.51,1.989,332.0
140.29,9.243,143.8,14.14,2.260,1246.3
18.30,3.179,548.1,32.73,1.881,328.0
109.98,4.219,183.0,102.75,2.407,143.6
24.46,3.684,378.6,67.40,1.495,206.1
31.90,2.130,937.5,17.35,2.798,1721.7
26.44,2.461,1576.1,94.36,2.846,438.0
25.50,2.196,808.6,33.54,4.501,598.6
17.40,2.163,68.9,28.34,3.523,33.5
12.29,2.508,1123.1,28.24,5.698,548.5
12.15,2.008,220.8,49.57,5.344,81.8
818.49,11.427,59.6,456.41,9.212,113.1
55.27,3.401,48.4,61.39,2.047,80.9
74.40,4.072,171.4,32.93,2.561,285.0
46.49,1.861,992.4,59.96,3.776,787.0
78.66,10.927,48.9,16.21,1.550,94.9
128.21,4.909,167.9,10.71,1.897,1946.2
37.12,2.358,337.3,8.30,2.064,1573.8
10.70,1.752,1784.6,83.38,2.291,261.7
48.77,0.971,67.6,19.06,3.114,70.9
463.16,7.472,68.4,20.22,0.909,1188.5
126.75,3.296,1947.7,115.75,3.097,2114.3
109.12,3.198,1465.8,48.07,2.767,3397.3
40.57,3.968,1524.4,52.31,2.836,1141.2
51.60,2.972,314.8,46.14,2.647,317.8
32.78,3.056,1835.5,66.40,4.206,883.1
149.24,3.071,39.9,6.59,1.017,115.9
29.03,0.772,177.5,126.76,8.006,55.8
51.61,1.612,1472.4,173.18,5.918,506.7
139.05,10.456,21.4,56.08,3.830,4.3
17.30,3.992,250.7,36.57,1.194,165.1
141.84,3.835,534.1,223.59,3.904,356.9
50.83,3.631,725.1,10.84,1.736,3377.0
37.11,4.769,1096.0,17.29,1.864,2388.7
61.64,2.593,953.9,114.59,3.458,527.1
11.02,2.294,124.5,24.39,2.974,29.0
20.73,2.934,422.5,11.82,2.377,603.2
52.99,1.269,78.4,11.35,2.279,470.9
25.37,1.081,157.3,34.48,7.113,145.9
155.81,3.871,231.1,26.10,1.785,1332.9
24.38,3.948,384.8,42.72,3.970,235.3
912.49,14.908,33.4,152.67,2.628,20.5
142.07,2.240,82.2,182.44,5.477,74.5
100.36,3.118,262.1,98.89,3.704,275.0
115.48,6.234,319.5,8.22,1.329,4063.3
47.56,4.749,152.9,37.82,3.465,239.8
33.73,3.950,81.4,9.21,2.146,343.3
98.01,9.325,539.5,98.03,8.515,594.4
18.45,3.233,118.6,29.57,2.910,52.1
772.89,12.399,102.5,60.16,1.409,1132.8
36.18,5.299,748.4,39.46,2.355,697.5
81.00,5.682,169.4,14.99,1.295,830.8
88.54,1.304,577.2,65.53,4.463,731.1
88.38,2.043,1043.1,116.21,4.160,812.8
134.10,2.446,503.2,38.05,2.431,1815.1
42.22,5.963,205.4,56.37,3.054,110.8
171.08,5.032,58.5,21.74,1.271,661.7
9.25,2.231,1641.3,22.88,4.884,663.0
126.60,4.604,37.4,39.63,1.558,84.9
258.58,6.486,162.7,60.67,3.762,756.4
23.99,4.665,262.6,15.02,1.520,406.6
37.06,5.437,684.4,15.98,2.329,1598.4
192.90,7.845,295.6,27.27,1.365,2095.7
39.23,6.602,208.0,45.84,2.871,205.1
31.15,1.746,305.0,29.79,3.582,335.2
91.00,1.228,27.7,19.34,2.353,7.6
156.22,3.667,195.2,6.32,0.978,5200.6
6.40,1.491,3227.7,153.41,12.925,154.4
45.52,6.861,547.6,26.00,1.185,948.3
72.69,1.957,209.5,13.81,2.218,1000.1
405.36,11.994,53.3,58.55,1.710,523.1
73.68,1.073,504.1,121.00,5.141,322.9
20.27,1.910,37.4,119.27,2.644,6.5
21.32,3.699,517.2,52.76,4.945,204.6
76.93,3.129,61.2,212.32,3.308,38.4
17.14,2.685,226.0,37.73,2.145,170.8
44.83,2.873,85.9,11.28,2.039,424.8
24.78,1.604,519.8,65.36,5.305,218.1
19.27,3.908,293.0,31.81,0.483,111.7
248.83,4.576,33.5,33.59,2.131,41.9
20.12,1.584,1867.0,44.59,5.461,838.6
81.05,6.749,176.4,37.56,3.326,397.0
13.50,3.252,2538.6,57.74,3.778,595.4
69.39,8.006,87.1,7.73,0.909,1043.2
38.84,3.234,389.4,66.00,1.507,177.0
107.58,5.201,314.7,44.95,3.591,671.1
41.51,1.767,664.4,127.93,5.133,215.1
51.74,2.591,105.9,156.35,2.747,79.6
27.43,2.488,194.8,16.95,2.706,314.6
17.07,2.408,158.2,56.57,2.076,63.5
103.94,3.022,265.0,93.78,4.153,236.9
22.62,2.065,2410.5,29.67,4.176,1820.7
56.54,4.307,443.0,22.46,4.996,1199.6
44.15,3.626,50.2,42.27,2.094,19.8
30.06,0.788,304.7,15.03,3.378,562.0
10.92,1.189,987.5,28.36,6.163,378.0
130.21,2.856,178.9,30.53,2.191,615.7
55.08,2.351,177.5,25.56,2.698,480.7
277.98,7.614,272.9,98.93,5.789,699.4
160.04,4.253,196.8,63.08,2.172,515.2
48.69,2.495,465.0,72.98,5.428,327.9
254.89,4.411,27.9,26.22,1.926,145.4
20.44,2.627,456.9,61.16,2.119,104.7
11.51,1.964,599.6,72.07,5.038,105.3
12.47,1.127,1259.0,243.04,9.183,58.1
80.38,3.780,527.3,154.22,9.518,266.5
104.21,2.688,84.3,24.18,2.157,415.7
115.45,7.878,62.5,21.28,3.163,310.7
102.36,6.495,178.6,63.39,2.497,244.8
18.79,0.865,195.8,22.73,5.619,98.2
71.75,2.265,570.8,71.02,3.334,538.7
73.71,9.102,1101.7,94.28,6.436,897.6
12.56,1.885,212.1,16.32,4.318,164.5
10.43,0.642,3046.6,346.76,9.384,110.0
35.70,2.938,155.4,10.42,2.068,458.8
62.87,2.748,252.9,54.16,4.973,331.1
20.11,2.165,404.0,43.03,3.219,201.2
132.88,7.690,500.2,81.35,4.351,831.2
52.31,2.339,669.5,55.23,3.563,672.9
11.04,2.057,273.2,31.61,3.196,80.8
125.17,4.962,211.4,159.77,7.339,162.9
15.72,2.204,175.9,32.04,3.171,73.3
71.81,4.538,35.6,20.61,2.254,187.4
149.62,5.158,311.1,13.65,1.709,3685.2
12.33,0.825,774.3,39.53,8.402,243.0
297.07,5.156,265.0,426.39,9.869,154.3
44.98,4.271,313.4,65.76,1.272,178.9
22.88,1.958,106.3,47.10,3.670,27.6
21.82,3.037,362.9,20.70,2.815,391.0
31.72,3.055,1596.9,200.00,12.193,232.2
15.88,2.544,591.2,19.21,2.848,521.2
247.27,7.332,631.1,105.58,3.496,1521.4
52.40,2.883,1391.4,196.51,2.991,349.8
57.04,3.800,30.0,37.24,2.204,14.3
31.46,3.423,243.3,12.24,2.396,609.3
148.00,19.136,125.1,21.17,1.301,584.1
115.68,3.996,653.3,98.66,7.271,769.1
104.58,3.595,457.1,59.63,2.246,822.2
32.68,3.817,170.7,78.60,1.663,137.7
54.47,2.218,60.2,39.68,3.462,30.0
32.21,1.858,333.8,60.51,4.054,133.6
21.31,2.916,1291.2,51.03,2.411,516.4
6.57,1.271,337.5,133.75,1.918,79.0
66.13,1.360,294.0,31.32,3.315,521.7
26.76,3.567,239.3,39.37,2.854,195.6
8.25,2.108,268.5,17.53,3.339,132.2
150.21,4.935,431.4,68.99,2.956,841.1
52.07,4.264,747.1,11.00,1.824,3518.8
33.81,3.209,82.0,12.52,2.897,181.2
63.70,0.876,210.9,7.78,1.910,1011.7
60.32,2.410,54.6,34.97,3.798,51.6
19.37,2.620,49.6,42.70,3.445,30.3
31.46,1.582,21.1,12.67,2.755,150.3
65.04,5.904,1049.7,15.90,1.207,4308.1
80.60,4.500,342.8,24.22,1.753,1062.6
28.13,2.169,787.8,22.93,3.264,984.6
199.82,3.847,44.7,9.45,1.235,514.2
207.32,12.293,112.1,50.90,3.030,458.8
203.60,2.898,537.3,436.19,7.766,230.6
39.39,2.907,1236.1,87.09,7.891,544.2
51.10,2.657,520.2,259.53,6.085,153.3
89.23,2.942,978.2,118.63,3.423,742.1
20.95,1.947,1565.2,128.88,2.473,241.7
31.09,2.222,3059.4,184.14,10.069,533.6
6.62,1.181,281.2,24.25,5.936,48.3
25.31,4.605,791.1,24.93,2.227,849.6
30.65,2.784,135.9,239.92,7.108,27.8
55.38,5.468,103.7,87.30,2.547,55.2
256.46,5.324,322.3,39.38,1.283,2031.2
13.41,3.423,1925.1,16.62,3.541,1538.3
17.43,2.254,3889.0,146.25,7.510,449.4
60.38,4.879,403.7,15.27,1.783,1493.9
222.43,6.052,136.6,57.58,1.409,536.2
65.51,1.263,80.3,24.68,3.749,328.4
42.42,1.724,146.6,37.84,3.835,198.5
19.33,1.979,228.4,80.22,4.670,80.3
62.42,1.818,421.2,28.96,2.955,938.1
22.60,2.403,792.6,28.36,3.567,616.9
36.17,5.266,124.8,98.38,5.526,29.2
16.10,3.480,2559.9,31.47,0.681,1230.1
203.34,6.564,82.3,32.88,1.684,589.7
82.96,1.678,172.4,147.84,5.490,114.4
29.91,1.163,215.5,24.54,3.977,336.7
41.52,1.727,132.4,8.02,2.051,713.7
11.25,1.754,279.7,23.46,4.504,105.1
212.99,12.373,89.6,6.11,1.210,2311.9
26.39,1.631,883.1,58.16,4.369,435.0
16.63,1.287,206.2,61.08,5.548,58.2
125.15,5.505,60.1,71.23,1.045,139.2
30.72,3.347,374.0,38.56,2.117,312.4
20.06,2.307,595.2,39.53,3.280,336.6
30.92,7.666,178.5,21.34,1.308,276.0
55.20,11.636,265.8,15.65,1.173,913.0
83.08,6.379,92.1,22.96,2.284,322.8
67.32,9.127,624.3,18.65,4.180,2193.8
26.98,1.443,790.9,85.79,5.000,226.6
147.29,5.453,136.6,19.98,1.474,1100.4
6.08,1.479,1412.4,20.73,5.210,432.2
13.38,2.422,46.5,13.65,2.951,122.2
57.46,3.486,35.2,22.03,2.375,92.3
96.69,2.951,82.9,238.77,4.069,50.1
668.64,12.557,103.1,62.21,1.577,1017.0
238.77,4.248,234.0,65.03,2.573,833.6
8.61,1.971,1337.9,75.88,3.021,125.0
29.75,2.303,865.6,41.71,6.094,581.1
577.14,16.662,32.2,208.38,4.970,56.5
50.69,3.973,799.6,81.94,3.318,497.6
100.95,3.580,206.4,19.39,1.676,1275.0
34.11,2.108,235.3,34.76,7.477,252.2
291.06,5.158,439.9,31.60,2.160,4018.8
19.89,2.699,539.7,14.76,2.810,696.8
28.24,4.343,488.0,15.56,1.589,904.8
12.85,2.281,1116.0,55.96,3.289,245.6
11.65,2.252,828.7,51.99,3.493,168.8
74.82,1.963,189.8,43.24,5.018,279.5
27.39,1.838,96.9,11.88,2.850,212.3
30.94,1.453,3039.1,590.74,9.649,175.4
100.83,3.590,1008.2,42.43,4.178,2382.0
134.18,3.155,251.8,6.93,1.053,4530.5
33.52,2.946,438.3,61.10,2.630,227.2
58.84,4.719,952.7,83.70,2.500,718.2
24.27,3.359,306.8,47.64,0.912,240.7
1060.54,31.062,116.7,24.39,1.389,4774.9
38.77,3.650,568.1,60.62,2.875,338.9
14.80,3.534,317.2,27.01,6.105,148.7
63.49,2.978,65.9,25.16,3.319,166.3
165.95,5.368,240.7,100.34,2.963,339.1
135.01,5.932,836.6,43.25,2.599,2594.1
49.45,2.814,162.5,219.74,3.653,90.3
174.90,9.547,1081.5,83.35,6.086,2264.4
73.19,5.706,748.6,56.53,7.403,925.9
14.96,2.174,104.5,23.88,3.858,49.0
27.98,2.179,951.1,70.94,4.110,437.2
28.68,2.881,1277.3,24.49,5.037,1539.8
183.28,3.420,1380.8,338.71,7.868,764.5
41.54,3.825,198.0,38.57,1.626,113.5
14.84,2.531,93.7,13.08,2.848,123.2
100.73,5.199,152.9,7.34,1.076,2196.2
16.84,1.198,844.4,129.83,5.974,94.8
59.57,4.139,272.5,80.28,1.765,182.6
18.66,3.645,370.8,12.24,2.021,533.6
105.67,1.993,436.9,27.05,2.713,1552.3
23.48,3.027,91.5,18.84,2.434,105.1
75.56,4.301,407.7,40.87,1.634,791.3
57.38,3.161,164.3,43.88,3.440,190.2
12.17,2.280,2610.3,33.63,2.711,980.3
83.37,4.792,509.4,35.92,2.036,1128.4
152.20,6.762,666.0,214.37,5.309,486.5
85.66,2.373,124.6,29.32,2.472,323.0
50.72,4.207,319.9,28.77,1.684,584.1
192.09,4.066,230.3,84.06,4.037,496.5
18.74,3.673,458.5,29.31,1.635,292.9
222.39,4.350,604.1,36.53,2.481,3737.5
17.07,4.363,535.1,19.29,3.742,436.1
114.73,9.950,18.0,7.95,1.376,72.3
56.54,1.554,43.5,190.61,4.804,17.0
44.48,1.919,82.4,67.32,3.693,87.6
128.84,4.396,149.3,72.26,1.658,208.1
19.61,3.038,494.8,49.26,1.624,243.5
249.08,8.555,57.8,12.89,1.195,581.3
12.58,2.102,1138.8,77.60,3.152,181.5
57.28,2.850,1115.0,73.52,2.868,821.2
29.65,4.211,135.6,31.41,3.616,65.9
20.57,3.533,175.8,8.33,2.051,400.0
69.32,4.169,304.2,46.68,3.101,449.6
83.51,1.629,163.1,119.13,5.665,128.5
39.50,5.850,435.1,79.14,5.244,195.9
12.99,1.088,1810.1,145.79,5.728,185.2
28.80,3.351,430.0,46.60,4.280,274.7
51.62,7.918,74.7,46.88,3.928,106.9
74.99,1.244,592.5,57.85,3.798,807.2
57.86,3.449,371.8,9.71,2.193,2199.6
44.38,1.465,292.5,49.83,4.246,222.2
9.72,2.299,605.7,18.56,4.115,336.8
97.72,2.871,319.0,143.85,3.623,219.0
25.78,3.996,1792.4,17.24,1.814,2673.4
39.57,3.963,311.3,37.48,1.505,384.2
58.36,2.627,333.6,13.30,2.076,1558.7
21.58,4.754,258.1,51.96,4.968,81.7
14.95,2.268,70.5,44.53,3.701,37.1
154.72,5.668,511.9,222.52,9.090,333.3
43.16,1.606,434.2,20.77,2.966,922.7
48.60,3.371,203.3,26.64,2.123,410.1
43.32,4.602,505.8,15.23,1.568,1491.4
67.30,4.237,197.5,65.59,1.245,259.7
224.44,15.542,197.4,85.63,3.179,528.8
36.02,3.543,881.7,46.63,1.514,682.3
183.76,5.974,427.3,43.98,3.584,1870.4
322.04,49.325,514.9,195.35,28.321,865.7
30.24,5.472,318.2,6.98,1.585,1364.5
154.59,12.731,90.3,59.53,6.537,254.9
33.91,1.040,980.1,36.53,4.630,896.3
187.97,3.747,376.8,161.31,4.061,464.5
20.14,1.860,263.1,82.33,4.353,84.2
13.80,2.795,1713.8,62.48,3.420,394.1
445.52,7.613,121.5,39.79,1.093,1485.7
18.57,4.650,73.8,12.80,1.234,117.8
58.27,4.618,832.1,48.48,1.105,1024.1
42.10,6.671,122.8,20.25,3.217,181.3
91.05,4.274,1144.6,356.17,7.486,281.8
14.71,3.889,102.2,36.76,1.693,49.5
10.90,1.831,27.5,62.97,3.037,41.3
40.69,0.585,297.9,21.91,4.152,383.6
29.30,3.705,448.1,110.53,16.832,132.5
150.67,5.861,271.1,7.87,1.506,4409.1
31.33,5.001,59.3,15.78,1.352,78.3
13.74,2.757,1893.5,18.77,2.518,1354.4
11.33,2.343,437.4,19.27,4.491,255.7
25.22,3.706,128.6,16.67,2.185,220.3
82.34,3.304,2729.4,69.82,2.972,3168.4
80.22,1.725,1989.9,147.98,4.828,1054.5
23.55,3.155,31.1,22.37,2.353,38.7
18.53,2.976,7.9,26.87,2.939,42.3
37.30,5.187,399.3,34.32,0.790,422.6
61.12,3.513,25.0,20.03,2.081,67.8
114.50,2.288,78.3,83.26,4.401,68.6
91.20,3.260,98.5,54.57,2.601,80.3
33.84,2.410,1123.9,67.95,4.601,569.7
44.15,4.388,362.4,27.33,1.504,671.8
23.45,1.506,270.8,22.28,3.796,274.5
41.67,1.305,731.2,45.98,4.683,675.8
138.03,5.297,303.2,21.95,2.960,1874.7
247.73,9.180,46.1,26.46,2.670,87.4
23.79,2.661,26.8,41.20,4.141,51.2
73.35,1.159,202.0,246.50,6.451,19.6
11.66,2.892,121.8,19.66,2.861,80.2
77.06,6.920,82.7,16.69,1.021,389.0
11.15,2.869,42.2,14.06,2.773,14.3
70.99,3.434,86.0,29.36,4.367,287.6
8.17,2.008,720.7,22.70,3.347,310.1
178.93,10.413,804.3,91.97,2.319,1559.6
41.99,2.247,491.7,42.00,4.074,490.5
136.04,6.541,331.5,91.17,2.986,431.5
35.71,3.752,249.8,17.65,2.201,587.4
34.54,2.460,15.9,33.49,3.317,92.7
18.23,3.525,635.5,59.69,2.931,197.6
181.52,5.928,310.4,6.59,0.838,8973.0
10.46,1.473,498.8,50.95,4.729,102.3
63.44,4.416,932.4,16.48,1.598,3565.0
337.83,5.415,282.5,17.94,1.284,4892.8
31.45,2.181,2079.0,38.28,3.351,1687.9
55.77,1.368,85.3,83.87,5.297,34.6
44.00,4.642,168.4,34.73,1.308,179.8
67.01,3.275,146.9,6.74,1.564,1267.2
82.56,4.395,335.3,156.45,8.271,163.8
86.09,4.220,635.7,73.30,1.902,744.4
54.73,4.779,540.0,22.68,1.532,1304.4
67.45,3.189,640.1,65.88,2.576,625.2
58.56,2.961,1011.0,79.53,2.823,735.7
29.63,4.603,574.9,34.28,1.148,484.9
27.67,1.175,307.2,20.20,3.717,355.8
10.32,1.267,108.4,45.89,6.873,32.0
22.09,3.292,443.4,11.34,2.152,833.2
22.60,4.111,2177.7,32.23,2.010,1592.9
147.84,4.197,115.1,465.47,15.362,44.6
23.59,3.242,181.4,39.82,1.965,85.5
256.33,4.111,482.9,198.75,4.040,600.4
65.21,7.484,707.6,63.28,5.963,745.5
19.98,3.157,1061.7,31.13,2.526,649.5
213.25,3.663,39.8,15.29,1.401,545.3
6.97,1.081,1068.9,51.91,7.824,121.5
14.48,2.541,1206.0,37.85,3.121,436.1
172.61,4.586,890.4,31.98,1.603,4615.9
79.63,6.862,1029.9,89.37,2.729,942.8
76.33,2.732,619.1,369.00,6.813,118.6
13.43,1.195,3512.2,58.37,6.097,810.7
23.16,3.303,379.7,14.04,2.481,664.9
91.89,6.706,87.2,10.35,1.042,765.9
8.24,1.481,153.5,79.80,2.443,16.4
39.27,1.177,396.9,123.94,6.420,122.4
52.74,3.229,1217.9,132.65,5.497,459.9
78.22,2.759,371.7,24.33,2.464,1156.9
30.18,2.312,53.5,19.21,2.874,57.4
160.98,3.741,189.7,16.53,1.332,2028.8
39.90,4.752,42.5,12.07,1.779,125.7
17.51,1.940,141.2,92.71,3.677,45.3
51.12,4.832,246.2,57.02,1.528,175.9
72.08,1.632,100.3,19.04,2.377,420.9
29.03,2.016,482.9,87.22,3.408,150.8
59.57,3.313,385.2,16.66,1.993,1284.9
33.21,3.898,692.6,43.59,1.127,512.0
185.33,4.048,914.2,95.68,3.062,1821.4
86.54,4.750,258.3,31.14,1.609,600.7
61.29,3.526,1690.4,101.17,2.538,1028.2
45.53,3.471,503.4,32.89,2.116,768.1
25.62,3.321,409.7,95.25,5.068,149.2
73.62,7.057,270.6,80.17,2.100,270.1
23.36,2.661,754.1,22.78,3.007,764.5
79.50,3.492,40.9,8.63,1.424,147.8
51.88,0.795,452.2,29.60,3.723,1037.7
11.87,1.992,628.6,53.56,4.395,149.6
43.84,4.181,29.4,17.29,2.856,51.7
354.33,12.790,250.4,253.38,4.668,354.9
57.22,2.168,969.9,64.25,4.023,894.6
58.46,3.334,359.1,72.57,1.984,305.9
14.80,1.882,657.8,101.77,3.457,120.6
36.11,2.245,70.3,15.73,2.841,82.7
53.22,6.660,138.7,55.67,1.630,106.8
8.68,2.006,507.7,32.67,3.391,148.8
32.37,1.400,329.8,23.63,4.038,603.3
63.19,5.270,126.6,35.64,2.922,216.7
70.53,3.247,316.4,11.90,2.123,1889.3
25.20,1.518,557.6,54.21,4.811,271.1
105.70,4.175,1203.8,77.27,1.779,1595.6
57.84,5.379,593.5,52.57,1.737,589.5
97.09,2.022,247.9,70.92,3.382,388.6
9.87,1.351,1525.5,165.84,2.608,115.2
32.42,7.416,286.2,27.33,1.552,268.2
11.29,2.545,671.1,57.29,3.343,215.7
162.70,5.234,58.3,110.62,5.874,76.2
79.68,5.774,46.7,43.67,0.976,44.7
62.58,3.051,900.3,169.93,4.017,346.6
16.19,2.224,281.2,15.65,3.266,303.9
45.02,1.132,554.7,178.94,6.214,115.0
20.10,2.019,796.0,30.88,3.696,483.5
145.92,4.731,427.6,76.58,2.172,865.1
22.95,2.592,169.6,72.96,2.401,22.3
21.27,4.282,714.9,21.95,1.577,721.2
28.26,2.760,686.5,57.81,2.403,381.6
27.93,2.495,382.2,36.10,8.145,285.0
26.80,2.877,32.7,28.03,3.714,90.8
19.94,2.548,609.4,115.44,8.338,99.3
30.45,2.745,197.2,65.36,2.339,139.7
123.12,1.886,39.4,26.83,2.368,132.8
361.42,6.663,124.9,66.16,1.647,630.5
45.51,1.356,418.6,45.40,4.515,364.7
109.36,4.153,228.1,52.74,2.119,507.0
91.23,1.282,193.3,43.43,3.908,513.2
20.97,2.434,139.3,9.59,2.531,290.9
38.03,1.333,120.9,60.09,4.643,98.3
42.78,3.098,1527.0,199.22,3.388,315.1
24.07,2.209,778.8,44.46,5.887,411.8
124.31,5.491,13.3,26.32,1.911,12.5
27.52,6.799,200.9,16.22,3.722,322.1
46.83,1.948,61.8,61.68,5.542,24.5
114.82,5.619,1522.1,110.95,2.417,1526.0
131.07,2.523,188.2,15.54,1.859,1489.3
9.76,0.888,156.7,44.84,7.573,32.9
269.12,6.009,464.9,285.19,4.653,400.2
35.42,3.413,1205.9,19.12,2.713,2236.4
32.50,3.794,166.1,105.90,4.354,19.6
18.05,2.249,306.4,19.87,3.334,223.9
46.78,5.588,192.0,66.23,2.444,169.2
15.03,1.420,313.8,39.71,4.963,100.1
8.05,1.573,1483.6,78.89,5.265,141.8
23.54,2.692,1826.6,106.10,2.326,412.9
48.20,5.886,99.6,40.44,1.731,75.4
77.84,3.093,303.9,45.52,2.739,540.4
24.24,3.506,550.5,13.46,2.326,1027.4
29.19,3.068,637.6,57.12,2.644,260.0
92.94,1.262,801.3,93.79,4.113,884.8
22.30,1.705,29.0,21.68,3.725,11.1
60.26,4.769,2720.1,130.17,6.737,1202.7
11.63,2.593,90.1,56.93,2.656,33.2
133.69,2.091,384.4,58.01,3.009,879.7
29.78,1.968,549.7,41.56,4.039,390.9
58.69,3.656,109.9,144.26,4.202,60.5
18.21,1.832,1040.2,34.14,5.039,556.8
42.96,2.669,185.8,21.84,2.956,314.4
10.98,2.477,1148.2,57.99,5.465,234.6
22.97,1.771,36.4,25.76,4.937,26.3
56.99,5.631,369.1,41.43,1.680,517.2
16.95,2.766,429.3,42.10,2.041,190.1
36.85,1.052,446.8,76.61,6.845,212.0
99.46,4.687,285.6,91.04,3.458,297.2
35.01,5.030,54.4,8.65,1.423,158.9
17.54,3.023,485.0,28.54,7.410,263.4
54.27,3.267,204.3,96.73,2.889,134.0
24.92,2.752,573.3,43.17,2.735,295.5
88.71,3.907,1309.8,62.05,3.176,1857.6
19.58,2.029,48.4,18.88,3.307,38.1
56.71,7.665,658.8,10.87,1.309,3555.2
12.79,3.095,126.1,12.53,2.274,146.2
33.61,2.652,408.8,32.42,3.052,444.7
20.33,3.419,215.4,28.49,2.947,160.4
62.12,1.913,292.7,386.25,15.128,82.2
7.91,1.525,1725.7,56.99,3.620,253.9
29.73,3.647,150.5,52.95,0.889,108.2
69.25,1.022,303.8,24.55,3.543,883.1
69.77,2.414,350.0,166.54,5.194,182.3
57.84,1.447,237.8,100.83,4.566,138.7
55.69,3.762,93.3,30.87,2.415,211.9
18.16,4.194,299.9,27.88,1.361,203.9
57.29,1.871,1774.7,124.31,8.658,851.9
16.99,1.998,394.3,81.73,2.568,75.0
29.52,3.944,107.2,70.66,6.170,2.0
26.76,3.315,536.5,8.69,1.976,1668.0
56.65,2.454,3159.4,626.25,11.443,288.9
100.55,3.524,91.1,6.59,1.187,1472.0
79.39,5.237,720.1,55.40,0.938,985.0
41.23,1.943,48.1,10.17,2.431,264.7
34.22,1.931,367.2,37.12,3.791,410.9
486.95,9.023,242.3,604.20,12.899,190.9
84.07,1.900,148.1,109.47,4.414,131.3
62.79,3.550,235.4,34.52,2.526,439.1
45.68,1.967,568.8,172.39,4.103,195.9
24.32,5.884,1074.0,78.72,10.124,324.9
35.24,2.864,415.2,89.60,2.038,217.3
21.17,2.115,1746.3,55.81,3.351,633.5
30.16,3.769,496.7,79.12,2.024,171.2
14.91,2.370,287.8,59.12,2.517,98.8
33.37,2.527,81.3,95.86,2.389,48.7
50.54,1.290,641.8,19.06,3.248,1685.2
9.30,1.978,353.2,49.96,3.325,111.3
41.35,6.038,632.6,18.56,2.816,1440.3
188.06,6.462,3.0,40.77,3.880,34.8
55.36,3.061,113.9,60.28,2.535,195.8
65.82,1.671,181.0,17.39,2.712,553.3
33.32,4.692,96.8,12.16,2.309,165.0
38.45,3.521,26.3,26.91,4.803,24.9
93.04,4.860,318.5,44.01,3.625,673.7
88.71,1.474,184.4,50.91,4.363,236.4
25.30,2.565,1733.9,153.59,13.064,287.1
154.42,3.396,41.7,11.02,1.255,437.9
45.39,7.518,497.0,10.34,2.332,2145.2
249.23,6.514,342.1,45.89,1.570,1818.3
93.88,1.505,111.2,65.96,3.669,65.7
38.82,2.858,116.2,22.25,2.590,230.4
66.72,5.267,552.2,91.59,2.256,404.6
48.42,4.167,275.0,49.10,1.623,357.3
31.15,0.642,372.8,22.66,4.347,550.5
96.84,2.399,387.2,45.56,3.426,778.8
145.15,5.269,115.7,9.56,1.611,1918.0
36.81,1.421,93.6,65.20,4.872,88.4
33.00,1.826,55.6,18.56,3.621,70.9
173.59,4.550,650.8,71.28,2.960,1530.7
127.45,3.871,374.1,22.25,2.423,2083.5
22.05,5.728,370.9,7.56,1.576,1060.7
24.99,1.190,107.3,23.49,4.597,147.1
81.51,4.139,442.3,26.33,2.468,1398.5
26.77,3.976,621.4,13.25,3.506,1293.7
8.80,2.123,198.6,31.38,5.613,44.8
23.54,4.298,167.6,9.14,1.958,438.8
83.94,1.982,34.2,15.88,2.028,339.1
417.28,14.225,46.2,14.11,0.505,2041.5
6.09,1.225,373.0,35.59,5.795,85.4
37.64,2.159,649.0,29.35,3.283,790.2
11.43,2.117,606.0,38.07,3.711,183.8
41.76,4.876,407.0,12.76,3.043,1325.8
577.55,12.747,123.9,243.65,3.842,256.6
133.76,3.698,196.4,20.84,2.591,1063.1
87.54,5.518,76.2,8.69,1.152,903.6
53.52,2.979,190.9,89.91,3.511,113.7
101.48,7.769,252.5,7.94,1.711,3168.3
16.77,3.039,571.7,20.06,2.382,448.5
181.70,4.401,270.1,194.38,3.154,285.6
7.38,1.482,892.8,47.30,5.861,139.9
61.10,2.456,540.8,49.51,3.132,709.9
284.56,7.428,823.3,110.35,6.154,2239.4
152.03,9.508,220.0,7.32,1.130,4185.1
68.29,2.468,206.0,74.56,4.606,139.3
55.30,2.866,144.3,27.48,4.433,337.2
86.32,1.338,132.8,57.68,3.764,196.3
17.82,4.506,260.3,21.18,0.663,252.0
16.18,1.645,826.3,104.57,7.341,117.4
32.79,2.168,53.6,26.44,4.065,104.9
66.61,2.614,42.5,60.73,5.488,33.8
60.30,2.078,132.2,172.36,4.165,82.2
32.47,3.147,133.4,39.09,2.431,149.6
179.76,4.683,264.9,87.37,2.685,500.9
73.69,1.591,323.4,20.43,2.479,1361.4
15.60,2.091,86.5,67.08,4.355,5.7
8.74,1.959,426.4,16.64,4.202,216.4
15.53,1.346,510.4,24.64,4.797,298.4
29.52,3.231,122.1,15.47,3.108,250.0
88.08,1.708,282.8,72.22,3.630,329.7
38.66,1.519,1094.2,18.69,4.424,2319.3
24.34,1.567,4058.8,95.51,5.709,996.7
212.23,2.928,129.2,157.52,4.552,146.4
38.39,1.728,170.5,66.87,5.294,103.6
237.02,5.444,152.5,89.96,1.419,407.7
272.96,7.434,427.6,70.78,2.365,1497.3
38.57,2.144,434.5,375.70,8.937,65.0
332.73,5.594,314.8,31.15,1.334,3416.1
10.40,1.120,6612.1,145.96,4.320,451.8
182.44,3.563,32.9,33.59,1.885,135.1
15.18,1.642,1796.6,245.67,5.204,111.9
8.47,1.768,1219.7,67.14,1.255,102.8
51.46,1.493,748.2,65.34,4.947,641.2
112.29,3.784,43.2,19.71,1.856,196.5
233.59,5.632,123.2,12.12,0.949,1978.7
44.02,3.033,209.4,59.24,2.679,132.2
61.81,3.021,113.8,26.76,2.660,335.4
20.11,2.995,131.2,35.13,3.149,96.9
46.47,4.404,26.8,15.63,1.662,150.2
20.99,3.698,407.0,15.24,2.134,528.2
120.52,5.799,340.5,105.03,3.070,388.5
29.02,3.100,52.3,69.00,2.118,23.8
29.65,2.659,26.3,53.61,3.299,34.5
41.89,3.652,241.3,47.32,2.322,266.8
26.97,3.659,640.1,27.41,6.309,598.8
30.47,4.863,584.6,29.18,3.445,655.0
32.89,2.798,482.4,90.68,1.381,162.4
86.91,2.038,211.1,40.83,3.184,345.2
14.83,1.507,1132.7,97.84,3.864,128.9
93.71,1.996,230.9,101.61,4.703,237.7
64.73,4.056,183.8,40.88,1.767,323.4
49.11,3.257,42.8,118.01,3.083,31.9
15.03,1.997,636.5,21.27,3.571,462.1
18.07,4.406,1403.1,12.02,1.495,2041.7
90.28,4.012,503.2,100.82,5.509,445.2
14.62,2.369,449.3,19.40,3.203,334.1
24.68,4.159,299.2,15.27,2.274,510.6
108.59,3.429,59.5,43.75,2.317,84.1
108.87,2.763,256.1,26.45,2.500,1144.3
24.06,2.959,1309.1,189.51,8.327,154.5
158.97,2.303,829.2,214.75,5.397,612.6
201.54,4.806,226.8,68.42,1.911,627.4
6.76,1.404,2364.4,126.31,4.297,101.5
33.48,2.750,140.6,13.24,2.608,417.8
124.27,5.809,126.0,21.56,1.367,769.2
385.30,6.551,729.9,370.24,11.197,775.0
36.02,3.198,22.0,31.03,2.225,32.8
24.89,1.695,842.5,167.37,4.270,84.1
36.24,8.450,22.2,20.43,1.399,40.2
130.91,4.788,221.0,63.48,1.427,422.8
28.12,2.390,742.9,20.08,3.041,1076.5
85.80,7.178,207.0,10.14,1.912,1864.8
69.22,2.444,196.5,77.21,3.768,140.6
27.22,1.830,229.7,15.05,2.996,383.1
40.37,2.170,157.1,74.10,3.658,90.5
50.44,2.102,335.4,40.46,3.780,497.7
432.44,6.596,16.0,12.48,0.905,1487.7
62.76,2.178,90.4,6.34,1.496,553.5
29.18,2.761,137.0,49.46,2.998,52.2
25.53,2.689,47.1,10.93,2.536,111.9
44.62,2.527,1415.1,34.78,3.122,1750.7
33.72,2.866,28.9,145.86,4.196,23.9
20.65,1.809,1211.1,97.42,3.430,266.7
8.92,1.747,1574.0,109.01,3.297,157.0
47.90,1.836,675.7,8.09,2.107,4093.5
25.63,2.790,132.5,14.92,2.491,285.1
84.02,4.152,356.2,47.07,2.274,632.7
20.28,4.109,10.4,7.77,1.809,99.1
167.74,4.799,341.3,50.57,2.133,1147.7
21.32,2.212,340.7,25.95,3.905,304.5
17.17,3.733,663.2,25.93,2.099,471.7
36.50,1.550,1817.6,115.22,4.631,609.9
7.69,1.958,1037.3,14.93,3.706,522.0
45.26,3.954,393.5,22.36,1.974,783.8
140.79,3.861,545.2,149.07,2.793,532.5
68.23,2.041,1535.2,278.56,5.103,407.0
165.42,7.022,259.3,64.90,5.509,718.2
18.20,2.107,24.5,51.84,3.865,30.2
46.27,2.649,120.4,7.73,2.049,520.1
41.03,5.185,84.1,42.95,1.315,118.9
19.42,3.587,100.7,24.01,1.696,41.2
71.62,3.661,58.2,293.91,4.750,32.9
367.70,6.764,131.0,14.80,1.108,3019.9
120.58,6.422,1374.7,86.52,2.439,1954.8
30.15,2.555,167.6,195.34,4.010,10.2
54.74,2.253,17.4,28.95,3.217,94.8
201.25,7.132,362.0,23.78,1.930,3082.3
9.17,1.999,233.9,14.14,3.624,243.3
38.04,5.419,184.1,12.07,2.907,444.6
12.14,2.245,1537.2,25.77,3.054,695.2
116.48,7.856,40.8,90.73,4.063,73.1
23.99,3.186,317.6,12.46,2.559,599.3
8.96,0.904,1156.7,236.62,4.248,19.4
26.61,2.829,86.5,19.93,3.620,172.5
10.94,2.404,121.5,14.55,3.038,115.1
49.84,3.749,27.8,15.65,2.611,6.6
117.27,3.535,380.7,86.96,4.465,399.9
109.93,2.580,869.0,717.60,10.816,130.7
15.16,3.094,868.3,13.19,2.626,1004.4
16.13,1.645,399.9,91.79,3.426,88.8
9.18,0.419,4347.4,387.13,30.412,93.4
179.85,3.926,854.1,74.04,2.441,2030.2
48.79,3.424,471.8,39.79,2.086,605.2
287.85,10.366,176.8,30.17,2.344,1578.7
74.07,18.411,169.6,44.28,7.184,233.1
166.17,5.022,289.0,36.06,1.427,1386.6
19.57,4.562,268.0,29.74,6.272,136.8
37.09,2.829,1442.6,113.94,5.144,454.5
77.29,1.589,903.0,39.89,4.527,1725.5
31.13,1.324,39.3,17.08,3.267,86.5
61.47,4.330,54.7,13.41,1.581,250.1
57.81,3.881,458.5,13.12,1.801,2059.3
25.37,3.953,117.4,27.01,2.130,122.9
7.42,1.221,3808.5,227.56,8.086,105.8
14.71,1.877,309.6,69.72,5.931,104.9
43.02,1.259,132.7,56.54,7.276,85.6
50.43,2.192,326.2,17.70,2.478,970.8
6.94,1.136,1422.5,80.29,6.104,87.2
358.19,12.544,129.3,214.61,4.911,216.5
42.00,1.632,159.3,20.79,3.259,282.4
16.59,4.246,41.3,8.79,1.749,89.6
32.28,4.084,2434.2,116.05,4.632,656.7
41.50,2.473,178.9,43.49,3.783,144.7
14.46,0.806,978.7,25.02,5.685,578.7
22.75,1.787,2951.7,78.48,3.930,861.1
49.14,2.014,119.1,11.82,2.200,419.6
136.84,3.232,672.2,91.82,5.115,964.1
12.43,0.754,2593.7,74.40,8.823,417.6
13.13,1.689,2277.8,150.43,4.067,218.0
33.15,1.940,48.7,16.77,3.243,52.4
9.22,1.626,1135.6,66.52,4.058,161.1
43.90,4.047,197.9,129.56,2.857,21.6
14.21,1.786,1817.4,27.84,4.010,903.0
38.30,4.555,1275.1,17.97,3.130,2714.6
75.47,2.750,427.9,50.51,2.971,574.2
156.25,7.237,199.6,29.31,1.068,1045.7
136.77,4.701,261.0,99.38,2.761,290.1
25.45,4.426,806.6,16.65,2.052,1258.4
24.51,2.911,60.3,55.87,1.466,55.6
15.60,3.545,92.3,24.45,4.790,93.2
83.02,3.607,148.0,65.60,3.195,146.4
11.67,2.864,825.2,11.89,2.499,856.5
72.78,1.200,443.9,72.95,4.204,448.3
91.23,2.460,780.1,129.97,5.249,522.3
101.24,3.038,1631.4,35.45,2.645,4733.0
38.71,1.884,7.4,56.25,3.780,57.8
6.68,0.943,5479.2,180.43,5.551,178.5
23.25,3.017,276.2,24.39,2.401,246.7
34.95,1.921,628.3,37.80,3.839,579.5
112.64,4.625,400.8,40.54,1.638,1077.8
32.17,2.968,224.0,117.06,3.789,58.9
24.83,2.097,760.0,92.10,3.820,226.3
58.00,3.682,94.4,23.20,4.724,252.0
31.08,1.887,855.9,239.19,6.934,125.9
17.51,1.450,1225.2,98.74,4.896,235.8
32.11,1.515,855.9,49.17,4.497,582.7
38.41,2.345,2666.8,91.35,5.832,1099.3
87.44,5.373,153.5,31.38,1.395,416.0
30.97,2.091,349.1,53.93,3.437,224.3
81.45,5.224,534.0,59.03,1.049,662.9
39.28,8.969,1035.8,44.03,7.834,907.7
33.87,3.821,258.1,27.22,2.799,304.1
38.92,3.297,407.8,19.71,2.642,848.4
16.74,3.536,941.5,16.71,1.832,939.7
184.72,4.381,37.4,69.02,3.887,42.7
48.04,3.915,1739.9,131.79,4.252,621.3
38.83,1.684,283.2,21.38,3.435,373.9
15.23,3.994,79.0,34.38,2.929,21.3
56.87,1.866,157.7,173.96,4.590,59.3
40.72,2.692,624.4,40.51,3.276,626.4
8.95,1.958,146.1,17.67,3.837,64.9
27.45,5.305,1162.5,21.17,4.580,1509.6
18.89,4.804,1279.2,25.68,2.405,937.8
10.55,1.371,943.0,124.90,2.771,69.4
29.61,3.559,323.3,8.25,2.010,1189.0
123.63,3.773,1298.7,75.88,2.806,2125.4
29.71,5.096,35.4,11.68,1.358,57.9
25.23,3.685,681.8,26.00,4.324,646.8
10.44,1.453,1354.4,57.56,5.738,250.5
17.09,4.099,229.5,9.31,1.814,463.2
63.09,2.303,537.3,104.64,4.241,301.5
49.84,1.944,59.6,41.90,3.296,52.8
344.27,7.200,1181.5,153.78,2.840,2620.2
82.12,1.830,625.3,56.24,3.391,876.5
16.41,1.817,1365.9,106.44,2.427,208.2
64.75,1.713,1361.5,108.45,4.144,795.5
19.02,1.365,177.0,170.98,4.272,31.2
67.50,2.461,363.3,111.01,4.066,232.0
48.16,3.056,1392.1,87.89,3.022,775.1
214.74,4.176,191.8,16.72,1.696,2459.8
245.24,4.163,83.7,24.70,1.776,1305.9
6.23,1.449,1806.7,64.82,5.630,178.5
25.33,5.891,61.5,23.79,1.269,96.7
26.57,1.516,560.9,132.48,4.660,104.9
19.71,2.733,1349.9,59.48,4.487,444.4
61.42,2.560,57.3,6.52,1.672,423.2
56.50,11.089,1266.4,23.07,2.434,3027.1
101.74,3.829,332.9,23.79,1.869,1268.0
11.14,1.209,4519.3,176.09,6.618,306.3
55.25,3.623,417.2,98.42,2.021,281.5
105.54,2.029,693.9,527.96,10.758,117.5
39.59,5.047,52.9,8.06,1.526,89.7
38.69,3.978,424.9,59.88,2.148,252.9
63.74,3.019,71.4,7.12,1.453,1003.4
22.50,2.664,2701.6,124.09,2.140,491.7
13.87,2.011,327.6,34.50,3.868,134.3
20.80,2.986,1254.5,39.90,1.797,611.3
224.83,3.681,544.1,56.08,3.436,2150.0
12.28,2.412,362.3,21.91,3.370,210.5
19.35,2.986,258.2,18.71,3.020,258.2
65.45,2.389,573.6,33.84,3.447,1195.0
51.15,1.390,1816.6,80.87,4.564,1133.5
29.82,1.344,634.5,146.70,5.794,162.4
101.17,2.490,30.9,14.44,2.198,382.9
27.08,1.922,1040.0,33.17,3.608,811.3
14.67,1.334,398.0,119.48,5.553,68.3
