p1,pt1,ip1,p2,pt2,ip2
41.96,1.858,41.7,51.37,1.652,64.3
22.86,1.647,59.0,18.12,1.646,65.9
33.38,3.763,18.0,13.16,0.684,104.3
73.15,1.031,47.7,84.58,3.343,25.2
9.22,2.035,25.8,18.14,1.267,43.5
76.05,1.692,41.5,40.51,2.978,40.8
7.18,1.071,60.4,37.38,4.816,62.8
91.68,1.891,9.1,12.50,1.340,74.8
40.07,2.176,49.2,14.58,1.432,27.1
19.97,1.344,40.3,13.10,1.650,47.9
187.32,3.361,8.4,84.63,2.471,14.0
31.05,2.431,42.1,75.29,3.862,38.3
13.48,1.993,37.5,8.28,1.231,64.3
90.23,4.036,38.9,27.06,0.560,53.7
10.56,0.598,61.9,11.57,2.671,33.1
25.23,0.774,89.6,13.83,2.029,39.0
37.68,3.208,13.9,23.59,0.435,147.8
6.34,0.801,114.4,103.75,2.269,23.6
30.03,1.306,14.1,27.81,2.143,9.9
34.04,1.402,37.2,62.84,2.435,22.2
49.62,2.510,40.8,118.68,2.012,11.1
15.75,2.538,31.8,26.58,3.720,15.9
31.57,2.059,56.0,43.49,1.040,12.1
75.35,2.779,57.4,16.66,1.569,11.9
73.15,2.297,14.9,29.89,1.450,23.1
53.24,2.236,59.2,79.90,1.622,71.1
7.27,1.604,19.1,19.71,0.884,23.0
19.53,2.141,51.4,20.23,0.972,68.9
57.96,1.774,55.0,6.71,0.844,134.8
49.54,1.699,29.4,12.59,1.876,33.9
15.38,0.807,25.6,155.64,3.024,13.2
124.91,2.406,33.7,40.32,2.449,22.8
104.34,4.234,22.7,71.16,1.711,39.0
76.14,1.635,9.1,79.01,2.256,47.0
46.73,6.652,38.1,21.81,2.665,10.0
58.96,3.145,7.9,56.70,4.398,21.7
75.49,1.475,20.2,33.55,2.667,11.8
17.61,0.670,39.0,122.13,3.634,19.5
31.25,1.487,83.6,26.56,2.504,55.5
6.15,0.880,72.4,53.09,2.378,74.6
14.86,1.369,62.8,12.59,2.105,22.0
57.62,3.042,41.0,22.64,0.805,138.6
33.63,0.842,88.1,91.47,3.319,22.1
46.16,3.175,54.4,14.72,2.289,49.8
32.69,3.436,63.3,29.17,3.931,42.6
28.83,0.844,39.4,9.46,1.508,41.1
7.05,1.459,77.4,23.24,1.195,63.4
18.90,1.622,24.7,16.19,2.215,12.5
48.80,1.074,79.4,8.17,1.136,105.2
10.72,1.074,48.8,22.76,2.530,24.4
14.22,2.522,58.8,9.74,1.045,31.3
202.08,4.747,21.4,163.34,5.030,9.7
58.36,0.874,136.6,25.50,2.419,40.3
56.95,6.708,21.9,46.81,2.780,65.5
10.29,2.268,39.8,9.37,1.117,41.3
7.50,0.451,97.4,93.74,5.331,24.0
6.85,0.806,101.2,88.32,1.662,49.0
6.50,0.511,77.2,63.33,7.690,25.4
16.01,1.921,16.3,39.57,3.680,13.1
14.91,2.625,21.6,17.19,0.520,18.8
22.42,3.349,5.5,13.70,0.420,90.0
24.44,2.809,31.9,7.67,0.917,48.5
50.15,2.325,18.1,8.88,1.571,45.6
75.83,3.576,23.8,33.44,0.552,63.6
10.34,1.728,33.6,9.11,1.378,36.5
30.15,2.074,21.4,50.32,2.008,26.1
139.46,3.050,22.0,68.47,1.609,70.0
18.08,0.613,55.3,11.68,2.173,23.0
45.64,1.086,78.0,47.68,2.318,12.6
28.01,0.752,93.3,28.70,2.365,78.6
16.76,2.097,30.5,7.11,1.263,39.0
48.39,1.095,47.6,78.21,2.774,61.2
79.25,2.186,39.0,59.99,1.781,20.1
7.54,1.414,32.4,48.57,2.756,35.5
23.04,1.827,13.0,107.72,5.162,26.2
6.28,1.648,11.3,7.83,1.663,26.6
17.08,1.596,46.6,44.35,1.018,59.6
8.87,1.696,37.3,7.01,1.829,74.1
17.80,0.652,28.8,17.38,2.453,17.8
7.21,1.153,52.1,32.62,1.903,49.5
26.39,1.562,46.6,49.98,2.586,6.2
16.58,3.031,21.6,17.16,0.895,23.8
6.22,1.083,63.2,16.84,2.684,10.2
13.60,3.376,38.8,7.66,2.032,34.9
11.71,1.471,11.1,28.87,1.899,90.6
12.84,1.454,21.2,77.58,1.357,59.1
10.94,1.526,29.4,14.26,2.949,16.9
21.35,0.956,50.3,73.19,2.508,53.8
36.03,2.046,36.0,66.26,4.153,44.9
17.75,2.288,18.7,18.53,0.964,71.4
59.12,1.609,32.9,11.99,1.238,28.9
57.40,1.822,24.4,33.86,1.537,57.9
144.61,3.487,34.6,6.45,0.594,153.3
33.87,2.948,79.2,23.14,0.830,100.4
30.54,2.769,38.4,24.03,0.573,129.0
13.12,2.072,56.5,16.13,0.900,53.6
39.37,2.366,26.6,7.82,1.244,55.5
14.87,0.556,28.3,17.30,2.962,15.6
111.88,2.845,13.4,12.36,0.740,51.1
13.32,1.606,24.1,13.57,2.248,37.6
8.57,0.771,20.2,17.82,2.907,20.8
9.05,1.431,14.9,71.33,3.387,6.4
51.49,2.405,7.2,10.71,1.064,4.8
84.49,3.222,30.1,21.13,2.016,58.4
44.19,3.466,34.4,25.64,2.164,68.0
66.79,1.546,60.8,14.15,1.332,44.3
30.35,2.443,13.9,11.40,1.351,63.4
49.30,1.649,39.5,46.82,1.769,46.7
6.67,1.167,6.6,14.52,2.537,23.3
6.79,0.865,20.7,46.14,2.194,17.1
63.85,4.611,64.8,24.01,0.683,17.8
16.25,2.404,26.0,7.25,1.116,2.9
11.49,1.093,97.5,13.03,2.519,42.5
6.33,1.111,30.7,29.75,2.937,55.7
37.08,2.313,27.8,32.43,1.463,6.2
12.22,2.267,31.4,7.45,1.728,22.3
17.67,1.169,63.1,14.31,1.834,59.4
45.18,1.958,57.7,82.25,2.753,51.4
50.20,2.195,3.5,10.52,1.201,86.0
40.16,2.737,33.0,25.53,0.775,25.2
11.79,2.661,28.9,10.78,1.212,43.2
51.82,1.808,36.9,15.40,1.191,10.3
16.27,0.931,72.4,7.31,1.683,41.6
56.27,2.277,61.6,34.73,1.164,71.2
33.13,1.915,27.3,10.64,1.854,13.2
40.09,1.409,58.8,109.63,2.256,38.4
45.72,2.083,41.0,88.73,1.698,41.9
169.21,4.923,35.5,33.79,0.707,97.2
16.96,0.920,72.9,117.11,3.952,8.0
16.21,3.031,6.3,14.56,2.072,36.1
20.77,0.544,81.3,22.59,3.281,35.4
6.23,1.324,29.7,7.10,1.855,23.4
21.97,0.894,57.4,278.29,4.482,33.8
12.16,2.673,20.3,11.60,1.086,71.6
18.23,1.156,57.7,37.15,2.106,46.4
37.56,2.850,15.4,98.08,3.758,25.8
174.87,3.473,10.0,53.93,0.933,34.3
49.79,0.964,55.8,188.43,4.673,36.9
7.56,0.883,53.0,88.64,2.122,5.4
8.08,1.117,39.0,19.84,2.110,97.5
7.20,0.630,77.3,37.27,5.262,21.9
10.94,0.497,80.2,224.73,5.613,7.7
20.97,2.457,8.2,18.79,2.349,47.3
9.82,1.472,74.4,9.35,1.812,23.8
11.78,2.573,26.9,14.29,1.643,9.9
26.23,1.755,46.3,9.88,1.331,35.2
102.35,2.268,13.0,9.43,0.740,114.6
16.63,1.054,67.8,15.27,2.127,18.0
21.07,2.314,24.5,9.72,1.377,66.1
22.01,0.774,60.4,40.86,4.765,36.1
26.11,2.804,23.9,50.50,1.866,57.9
24.13,2.197,34.6,33.99,0.642,90.0
9.20,1.240,29.1,13.32,1.953,63.1
33.15,1.435,46.1,125.56,3.258,28.1
10.74,1.457,58.8,15.74,2.444,45.4
11.27,1.295,58.5,102.82,3.061,23.0
20.12,1.425,27.5,11.99,1.560,49.0
17.49,1.322,63.6,12.53,1.766,85.8
23.53,1.017,113.0,119.90,3.370,15.3
14.65,1.758,15.0,6.71,1.332,22.3
102.78,2.650,17.3,28.23,0.910,94.1
14.04,1.912,13.7,11.02,1.878,51.3
15.45,3.742,11.9,6.68,0.620,144.6
11.99,0.833,86.1,48.61,2.858,53.7
17.79,2.181,30.5,8.00,1.215,57.9
7.99,1.244,78.5,14.28,2.249,57.4
12.31,1.426,75.0,68.79,1.215,50.8
13.53,1.588,50.7,9.22,1.877,43.3
10.24,0.943,10.4,27.18,3.377,32.2
65.97,2.006,45.9,51.21,1.895,33.1
24.28,2.323,51.1,53.92,2.050,70.7
9.87,1.405,104.4,13.56,2.211,48.5
27.34,0.814,38.3,78.28,2.936,34.6
34.79,5.338,37.8,29.04,1.650,22.0
7.28,1.275,34.2,10.08,2.428,23.4
7.92,0.660,43.4,24.57,3.764,37.0
6.17,0.744,133.3,111.69,3.140,44.4
38.41,0.920,69.7,40.06,3.049,26.9
24.63,2.115,57.3,26.30,1.506,49.3
21.82,2.912,63.9,35.01,1.829,57.3
11.10,1.249,38.5,73.82,1.989,42.9
160.75,2.936,33.0,33.70,1.462,60.7
9.36,1.169,34.8,34.95,3.336,47.8
22.80,1.319,19.9,75.75,1.727,47.9
38.31,2.524,35.5,45.70,1.221,62.5
137.30,4.538,14.1,13.80,0.801,34.8
12.45,1.791,23.5,23.21,0.990,31.9
27.60,0.847,88.5,10.56,1.798,85.7
8.00,0.853,31.2,83.87,2.642,39.5
32.39,0.607,62.2,81.61,3.612,23.5
7.15,1.503,75.1,22.78,2.756,34.8
44.80,0.684,103.7,6.46,1.261,78.6
15.03,1.993,35.9,29.41,1.850,60.4
66.51,2.562,38.5,26.31,0.932,107.9
18.92,1.728,27.4,24.74,2.166,6.2
6.83,1.429,20.2,17.58,1.321,37.0
36.41,0.700,63.0,181.09,3.766,15.7
8.43,1.685,38.9,6.85,1.536,38.4
62.79,1.675,79.2,106.18,2.321,39.2
9.77,1.078,81.1,96.01,1.454,92.0
16.49,0.974,90.0,39.09,2.688,31.2
53.62,4.056,16.3,40.05,2.009,80.6
150.04,5.692,23.1,17.25,0.444,129.3
54.56,1.009,11.0,55.17,2.606,53.5
14.35,1.192,69.2,42.65,2.320,47.5
20.10,1.102,28.1,99.02,3.951,39.9
8.47,1.770,17.2,36.92,4.309,29.7
51.41,3.158,19.2,28.13,0.703,47.8
10.20,1.320,13.6,38.33,2.281,42.5
34.87,3.491,50.9,22.04,0.737,129.8
13.82,1.869,45.6,12.68,1.295,55.9
33.75,2.015,36.6,59.42,1.356,64.1
27.82,2.142,37.1,95.30,2.738,52.5
23.33,2.717,36.3,55.43,3.383,50.1
37.30,5.800,8.9,19.86,2.042,31.2
33.20,1.906,34.5,50.24,2.417,51.3
33.46,1.264,36.2,8.23,1.407,28.8
14.19,1.819,38.6,35.15,1.954,52.5
54.34,1.262,80.9,50.00,2.216,34.3
6.92,1.557,64.7,28.81,0.791,110.7
10.68,0.620,93.0,25.50,4.313,10.6
18.49,1.454,43.1,7.90,1.540,43.2
13.22,0.927,67.0,77.62,2.100,96.8
47.17,2.892,18.0,46.20,1.168,20.3
38.78,0.715,11.1,20.82,2.543,48.4
69.61,2.203,17.4,116.77,1.943,46.8
170.16,11.177,16.8,81.69,7.247,14.1
12.77,1.829,46.7,13.00,1.478,19.4
55.09,5.290,29.8,30.99,1.672,50.1
16.86,0.511,69.8,11.51,2.201,26.0
33.71,2.926,19.7,65.60,1.456,60.9
15.87,1.151,28.5,74.78,1.852,72.2
34.18,1.374,46.0,52.99,2.089,74.8
14.04,1.564,65.7,52.46,1.509,95.6
56.85,2.086,59.5,55.42,2.751,45.0
7.43,1.310,34.3,29.60,1.787,19.0
25.92,1.167,86.0,17.36,1.881,60.8
31.53,5.838,38.2,24.04,2.479,9.5
86.15,2.305,60.6,26.92,1.090,38.4
86.86,2.502,52.4,24.43,1.047,33.9
127.84,3.262,31.1,164.33,4.850,11.8
34.46,2.657,34.5,93.19,2.632,31.9
15.96,3.591,37.8,6.20,1.356,100.4
8.60,0.742,31.3,210.64,3.649,12.2
29.62,3.475,23.9,6.39,0.915,91.7
132.88,2.457,24.3,104.68,2.275,44.4
131.37,2.746,9.0,11.89,1.172,36.2
22.43,2.626,15.7,17.17,1.257,44.4
47.95,3.720,17.0,27.11,1.122,65.8
60.93,2.671,17.7,22.98,1.357,15.2
20.62,3.095,20.5,19.21,1.022,51.4
16.54,1.321,62.2,19.94,1.921,68.6
84.56,1.543,20.4,70.95,2.157,53.2
13.84,2.322,37.8,13.65,1.908,21.9
7.29,0.760,11.5,32.31,3.546,56.9
11.45,2.146,61.4,13.34,1.272,80.1
9.13,1.378,30.6,15.57,1.718,6.4
85.55,1.670,56.7,66.19,2.020,35.9
14.10,1.807,26.0,34.62,1.455,13.8
8.92,1.101,70.6,27.16,2.966,51.7
18.39,2.219,26.3,22.01,0.725,71.8
43.59,1.816,43.3,7.55,0.969,50.7
51.85,2.479,20.0,11.38,1.172,26.9
18.39,2.600,23.6,26.46,0.970,17.1
92.57,1.377,50.1,151.73,3.858,7.9
51.51,2.748,20.2,27.06,0.868,62.4
160.18,2.750,34.3,146.76,2.423,32.8
10.85,0.270,123.1,150.59,8.839,17.6
28.47,6.488,34.4,13.51,1.607,39.9
17.87,2.530,25.0,41.07,1.148,26.2
78.29,1.952,79.5,136.48,2.622,17.7
27.24,1.799,40.3,33.25,1.373,87.7
32.44,2.077,37.3,13.64,1.132,83.1
13.67,3.032,18.1,6.90,0.664,134.7
56.00,1.980,18.7,98.34,1.683,59.2
9.02,1.982,21.4,16.86,1.110,14.3
23.43,1.299,95.1,48.22,1.978,61.6
11.52,0.891,40.4,66.18,2.803,43.9
14.75,0.776,59.2,166.47,2.838,72.5
6.64,1.644,21.9,11.84,1.454,19.2
7.24,0.856,74.4,106.72,3.177,25.7
10.41,1.456,25.3,11.33,1.679,10.6
43.76,1.609,44.9,6.05,0.923,13.4
53.45,2.925,54.2,41.74,1.623,65.3
17.90,1.752,73.3,97.71,2.885,37.9
8.16,1.690,11.7,26.93,0.540,46.8
38.88,2.978,23.4,40.70,0.825,34.4
19.06,2.960,44.4,26.95,0.837,82.4
144.30,3.375,35.1,10.99,0.748,67.9
6.37,0.691,38.2,142.46,6.761,9.9
11.67,1.051,42.2,114.93,2.335,11.8
9.84,2.550,18.6,9.54,1.653,26.4
7.41,1.076,27.5,34.16,1.866,24.9
30.22,2.913,32.9,12.39,0.796,154.6
69.67,2.191,68.7,87.71,3.222,17.1
49.29,0.675,57.2,35.11,2.306,33.9
33.11,1.732,50.6,8.06,1.118,88.8
10.00,0.625,124.0,38.37,3.750,30.2
137.01,4.169,38.3,17.29,0.626,109.2
15.08,2.381,27.7,19.76,2.207,59.2
16.08,2.321,2.6,24.07,1.921,42.8
157.27,4.828,37.3,10.82,0.723,90.9
17.92,0.912,93.0,80.98,2.738,61.1
36.70,1.905,50.3,34.79,1.415,90.9
14.59,1.748,24.0,12.26,1.945,27.0
16.06,2.265,58.3,18.15,1.861,12.8
54.36,1.162,11.9,70.11,2.944,32.0
48.50,1.887,17.2,106.65,4.613,39.7
52.92,3.167,16.4,60.07,3.849,43.9
30.77,4.092,29.8,34.00,1.296,59.3
88.30,2.583,29.4,138.96,1.948,15.3
95.64,2.851,36.3,28.53,0.923,14.1
8.33,2.011,20.1,31.80,2.564,52.4
24.14,2.575,13.8,28.55,0.397,65.9
70.89,2.065,34.2,43.29,1.559,23.1
27.60,0.787,68.2,76.05,3.660,13.9
97.05,1.350,50.2,191.68,3.906,25.8
13.66,1.875,15.9,36.92,0.877,25.3
121.71,2.905,34.0,128.84,3.901,33.4
20.56,1.097,33.4,35.77,2.265,22.2
71.39,1.312,56.9,41.61,1.975,25.4
130.31,3.243,30.0,8.66,0.881,29.2
18.54,1.350,65.3,9.40,2.414,57.0
68.81,2.680,38.2,58.08,1.064,88.5
22.39,1.861,61.5,7.09,1.599,14.2
34.69,1.680,54.6,33.77,3.508,34.3
15.88,1.521,47.9,22.13,2.006,69.4
44.62,1.159,70.9,197.80,3.253,34.8
79.31,2.080,25.2,38.40,1.580,28.2
14.77,2.045,28.3,11.80,1.561,57.2
19.42,1.192,45.2,11.31,1.665,73.0
57.59,3.193,30.0,63.23,3.619,18.3
261.53,3.584,10.3,68.32,1.808,27.7
11.19,1.946,22.2,24.10,2.402,42.8
38.66,0.737,13.0,33.27,2.344,80.2
27.97,1.712,47.9,33.26,1.554,27.5
10.85,1.326,68.3,59.17,2.413,59.5
268.24,4.741,19.7,26.68,0.602,72.5
8.24,0.718,91.5,111.49,2.563,45.5
32.13,1.943,54.2,24.53,1.751,60.4
132.65,2.279,17.0,85.92,2.017,65.8
8.09,1.221,51.4,11.36,2.369,59.4
23.48,2.091,57.9,25.62,1.104,20.1
32.79,1.239,49.0,14.92,1.886,67.7
49.93,0.763,74.7,18.29,1.997,7.6
16.04,2.027,27.6,13.21,1.690,47.0
15.24,2.435,45.7,31.44,0.974,25.7
81.56,5.528,29.7,7.03,1.102,67.4
6.37,1.170,49.2,73.04,3.144,26.5
13.30,0.681,32.7,211.62,4.538,16.1
8.80,1.783,34.8,17.63,0.814,54.1
19.26,1.128,34.7,310.44,8.192,18.5
22.16,1.122,69.8,7.72,1.624,17.4
18.65,1.359,30.4,38.36,1.758,36.3
13.24,1.074,38.4,45.31,2.958,39.6
33.11,1.711,35.5,9.34,1.386,13.3
71.84,2.019,8.7,15.87,1.060,60.3
35.48,0.724,135.8,29.71,3.268,16.2
60.24,2.831,24.4,25.83,1.165,37.7
60.95,1.953,52.4,56.46,3.659,31.5
26.90,2.077,34.3,20.78,1.964,23.3
68.44,1.524,114.2,28.12,1.726,24.2
55.58,2.085,9.7,83.78,1.201,34.2
9.04,1.114,27.8,18.21,2.946,15.2
15.41,1.379,30.3,20.53,2.267,23.3
13.15,1.232,21.7,12.28,1.848,20.0
18.72,1.770,21.4,17.00,2.087,32.2
22.47,1.164,63.6,29.28,2.032,23.8
13.12,2.240,63.3,22.03,0.474,185.3
24.66,2.237,16.2,10.51,1.309,30.3
35.58,1.527,72.6,15.06,1.516,72.8
6.40,1.571,50.8,15.46,1.029,74.2
85.83,1.183,21.1,6.45,0.855,85.4
36.67,1.902,37.8,22.70,1.439,46.8
36.35,3.224,53.6,13.14,1.273,66.2
17.65,2.327,50.2,24.66,0.690,86.3
8.50,1.923,7.4,27.82,2.594,29.8
13.51,1.923,42.9,26.40,0.677,68.4
6.57,1.419,22.4,20.48,2.200,44.1
64.92,3.160,34.0,25.58,0.842,43.6
95.23,2.753,13.1,354.44,5.724,24.7
31.60,2.485,41.9,51.01,2.023,50.1
24.76,1.797,29.5,8.10,1.852,11.5
13.03,1.882,46.7,11.45,1.662,55.2
28.84,1.645,74.4,73.42,2.384,8.9
30.02,0.917,75.9,52.69,5.085,40.1
23.55,2.096,16.1,47.56,2.572,16.4
16.86,0.777,58.3,58.58,4.897,46.7
10.84,1.046,65.7,36.67,5.167,30.7
66.71,1.607,45.7,36.01,1.915,34.6
71.74,2.738,18.1,6.20,0.729,95.2
114.65,4.457,23.2,27.14,1.055,49.8
29.59,1.539,55.1,18.18,1.755,19.4
44.64,2.743,24.7,89.12,1.226,41.6
30.55,1.378,27.7,41.39,1.965,36.2
73.21,1.619,11.1,87.79,2.319,29.2
11.99,1.015,14.5,10.94,2.392,28.8
9.03,1.779,52.8,19.48,0.852,34.7
46.17,2.176,37.5,96.36,1.591,21.5
28.09,2.988,42.7,52.44,1.442,35.6
11.74,1.642,47.6,13.01,1.516,25.6
8.67,1.740,21.8,13.57,1.245,97.8
76.34,2.503,33.0,32.27,0.983,115.3
75.25,1.432,14.4,6.92,0.990,31.3
17.19,0.257,221.1,10.23,2.227,18.0
10.74,1.817,36.3,31.00,1.698,35.2
24.94,2.273,51.4,50.96,1.764,75.9
10.69,2.087,13.4,19.94,1.421,28.8
32.97,3.556,18.7,26.86,1.505,74.5
14.22,0.774,43.2,88.10,3.048,19.3
18.29,1.290,77.5,114.94,2.442,55.8
12.74,3.096,22.1,10.91,1.169,107.6
7.16,1.651,13.1,6.94,1.442,26.3
27.14,0.687,108.2,288.49,7.564,16.0
122.05,1.887,31.6,71.33,2.216,28.9
7.74,1.357,67.3,9.75,1.762,4.7
51.02,3.993,20.5,40.57,0.815,27.6
389.23,7.166,31.3,344.14,9.194,38.6
34.46,2.083,53.6,54.16,6.804,14.3
101.28,2.521,24.2,131.11,2.338,69.6
66.92,2.412,17.1,36.61,1.171,28.9
22.73,3.219,49.0,7.26,1.384,41.7
8.52,1.695,17.7,8.20,2.070,13.9
12.26,1.182,34.8,33.85,4.131,26.4
17.70,0.617,24.5,13.35,2.257,12.6
96.46,3.082,12.0,8.67,0.789,113.4
7.79,1.610,29.8,30.23,1.047,7.0
42.87,3.931,36.8,80.40,4.034,18.3
17.39,1.839,42.9,36.42,0.623,93.4
12.01,1.908,30.6,7.61,1.783,12.3
15.36,2.271,41.8,22.04,0.440,159.7
144.88,2.544,39.6,6.56,0.543,154.0
830.30,12.202,27.0,881.29,16.122,31.0
17.30,2.095,26.5,29.23,0.684,17.0
11.22,1.447,87.8,25.42,2.241,25.5
96.65,2.951,38.1,48.08,1.001,1.3
13.65,1.750,53.7,9.90,1.399,43.6
25.87,1.870,53.3,25.25,1.571,27.5
126.63,3.523,21.1,25.11,1.285,81.1
16.02,1.120,38.3,120.45,2.358,21.4
46.44,1.957,61.2,7.48,1.023,67.0
18.97,1.042,40.5,19.23,2.205,23.1
65.91,1.512,49.1,92.19,2.576,33.9
40.57,1.391,49.8,204.27,5.599,40.9
20.40,1.328,52.6,38.42,1.881,32.2
31.44,1.474,23.6,10.58,1.800,11.4
23.32,3.161,36.8,6.33,0.976,19.0
17.15,2.129,37.5,17.40,2.251,11.8
41.93,0.682,124.2,39.16,3.291,9.3
11.78,1.225,30.8,20.84,1.953,1.5
21.51,2.646,14.9,7.39,0.903,9.7
17.79,2.182,13.1,51.86,1.113,26.9
8.73,1.231,13.0,7.49,1.864,35.6
19.49,0.773,64.1,96.99,3.313,14.5
16.91,0.760,50.1,16.83,2.729,77.1
36.75,1.241,7.0,262.86,3.663,27.5
41.43,1.989,52.8,35.39,2.081,27.3
23.73,2.575,9.8,45.87,1.820,9.3
76.73,1.266,110.8,18.13,1.412,60.0
7.61,0.846,3.0,11.37,2.612,16.6
263.24,11.930,16.8,54.96,1.467,37.3
23.06,2.142,46.6,23.09,1.313,18.4
34.32,0.793,42.3,28.06,2.276,34.8
71.92,2.527,24.8,26.54,0.943,51.7
11.35,1.697,41.2,54.25,2.038,9.9
14.58,1.126,104.3,19.67,2.234,4.2
39.34,1.952,39.0,189.07,2.647,35.5
13.59,2.536,32.2,19.80,1.631,22.5
96.83,3.621,26.7,85.64,2.467,40.0
11.65,1.018,67.8,16.05,3.433,34.9
16.96,1.764,26.1,6.92,1.257,33.7
52.42,1.432,62.3,48.95,1.965,66.0
57.18,2.945,54.2,14.19,1.263,73.0
45.98,1.066,17.0,19.59,2.465,36.9
15.37,2.061,33.2,8.52,1.456,44.6
22.46,4.659,27.8,11.54,0.263,110.4
8.43,0.591,57.6,45.85,4.034,15.9
113.44,3.294,45.2,9.75,0.630,61.4
12.01,1.802,21.7,8.21,1.894,49.2
36.04,1.936,18.4,33.45,1.623,67.4
23.27,2.739,17.4,9.10,0.860,68.0
28.53,2.228,30.6,28.02,0.950,38.9
21.52,3.527,44.6,8.27,1.110,86.8
66.01,2.782,67.8,31.88,2.440,59.6
29.20,2.483,36.4,69.50,3.799,28.5
12.74,0.972,61.3,11.28,2.043,29.7
29.88,2.172,54.3,12.79,1.176,36.9
84.01,3.526,32.1,80.92,1.268,85.7
100.57,2.274,42.2,6.77,0.945,40.0
21.08,3.624,14.9,14.01,2.906,31.6
16.18,0.496,87.3,11.32,2.431,34.7
182.81,2.850,14.0,12.74,1.004,90.9
67.66,1.047,17.3,17.69,1.447,32.0
15.97,1.494,20.7,27.31,3.415,27.7
47.37,2.442,1.3,28.56,1.093,88.1
8.39,0.329,138.9,111.49,7.971,28.7
7.29,1.882,11.6,9.61,1.102,32.5
86.83,1.973,15.5,31.88,1.667,24.0
25.23,1.650,10.3,7.66,1.484,18.7
31.20,1.965,45.5,18.89,1.928,51.8
30.80,0.950,78.7,143.98,3.235,15.7
23.04,3.404,28.0,9.54,1.237,36.1
11.19,1.669,28.3,18.90,1.202,37.5
41.24,1.284,16.1,159.69,2.875,27.5
13.68,2.122,60.8,20.23,0.759,31.8
15.03,0.743,7.9,138.24,3.353,7.9
7.91,1.269,71.4,36.06,0.876,32.1
11.49,1.145,93.0,14.52,2.845,8.3
147.29,4.254,7.7,19.41,0.948,34.5
28.75,3.254,68.7,20.28,3.828,22.3
24.85,0.608,120.7,19.98,2.558,33.0
76.39,3.288,3.8,17.42,0.725,28.5
21.15,1.671,50.2,18.19,1.862,49.5
92.07,2.088,63.5,109.77,2.423,22.0
51.03,1.336,38.2,36.09,3.305,12.6
20.42,2.070,43.4,19.96,1.044,84.4
82.60,3.054,26.5,14.98,0.760,114.1
42.08,3.224,8.3,71.16,1.729,34.8
15.17,1.767,33.6,16.00,1.320,18.1
51.71,1.899,30.5,30.48,2.500,33.2
24.52,5.497,15.1,16.93,1.646,67.8
13.92,1.904,50.2,15.69,1.591,26.7
18.19,1.447,33.3,13.78,1.646,46.8
24.26,1.666,23.5,53.01,1.864,27.3
33.72,2.116,22.1,53.70,1.366,91.9
50.46,2.609,56.9,11.83,0.936,67.1
18.64,3.496,33.5,8.51,1.819,18.3
92.94,2.005,26.7,136.24,4.108,30.5
10.12,1.277,19.4,30.63,1.704,72.7
15.42,1.703,19.2,15.83,2.394,30.6
23.41,1.914,45.4,29.02,1.645,17.1
11.22,1.510,39.2,11.63,1.612,29.2
66.57,2.444,19.9,27.36,1.319,95.3
63.36,2.762,41.8,21.08,1.591,30.0
25.60,2.246,41.6,31.61,0.790,33.5
8.38,1.672,33.9,9.88,1.621,43.4
12.90,1.304,50.3,87.82,3.227,51.0
49.19,1.568,76.5,17.24,1.597,85.7
196.41,4.285,65.1,23.85,1.483,48.3
17.98,1.126,30.2,33.56,2.204,44.4
59.44,2.663,14.0,43.07,1.793,35.1
6.48,1.136,29.1,22.60,2.136,53.8
28.40,2.096,61.3,63.67,2.598,17.5
20.84,0.862,86.3,50.47,2.827,50.2
13.57,1.921,53.2,9.23,1.392,22.2
13.93,0.601,37.1,27.02,3.469,24.8
29.38,1.290,38.0,7.44,1.681,52.6
68.04,2.527,40.1,70.57,1.113,37.8
37.46,0.911,9.1,82.09,2.866,40.8
86.65,1.703,61.3,26.25,1.439,58.5
92.17,2.587,2.9,15.63,0.920,52.9
15.37,1.166,34.8,50.59,3.090,15.4
29.13,0.468,147.3,9.32,1.741,29.4
19.88,1.321,36.0,130.26,1.862,30.1
21.85,1.664,18.9,34.88,1.363,21.8
81.03,3.019,31.5,132.16,2.818,18.4
28.37,2.144,59.8,15.06,2.045,37.8
220.74,3.446,18.9,193.60,5.801,7.8
29.59,1.333,28.1,25.06,2.471,8.9
195.92,4.170,2.9,35.19,1.354,23.0
8.71,0.475,82.3,224.21,3.597,50.9
7.13,1.155,7.5,20.34,1.923,25.2
18.62,1.329,40.4,58.80,1.888,25.2
12.32,1.494,31.0,19.99,4.356,20.8
61.98,3.123,17.2,54.32,1.950,56.2
32.97,0.528,178.5,97.77,4.134,32.0
19.05,3.400,44.0,31.92,1.800,11.0
13.00,2.409,14.7,8.12,0.989,135.2
6.00,0.818,32.6,29.78,2.835,47.4
20.09,2.189,41.1,22.90,1.104,72.5
12.78,2.629,27.3,8.76,0.753,81.6
9.52,1.222,51.6,94.99,2.824,11.2
53.04,3.210,44.7,49.63,1.488,19.4
29.83,1.967,17.8,23.78,1.549,76.8
53.23,1.473,9.4,21.50,2.419,65.1
31.13,2.459,25.8,16.92,1.034,86.4
17.37,1.645,21.0,6.15,1.501,9.9
58.17,7.541,19.6,25.19,1.541,20.8
8.97,2.042,39.0,15.07,0.656,41.9
34.23,1.502,23.3,20.58,1.609,26.1
52.11,3.099,14.3,29.12,0.603,151.6
20.99,1.039,33.9,80.12,4.990,19.7
36.31,0.782,65.0,27.19,2.107,23.3
11.00,1.672,28.7,13.24,1.430,22.7
8.33,1.308,45.5,33.82,1.168,71.7
27.12,2.284,60.9,7.21,1.004,76.9
15.17,2.661,18.1,7.91,1.060,5.5
19.22,1.497,24.1,77.61,1.476,23.6
22.95,1.929,35.4,23.34,1.716,28.5
20.57,0.952,63.6,58.50,2.570,25.9
59.71,1.431,51.1,13.99,1.368,72.0
93.00,2.074,19.3,44.50,2.207,23.5
12.43,1.147,51.6,41.23,1.841,24.0
30.48,2.418,47.1,32.46,2.323,56.2
15.21,1.750,32.0,79.38,4.639,42.0
36.45,1.059,34.5,21.36,1.844,39.8
17.14,1.654,98.4,48.01,1.850,45.5
11.90,0.913,27.3,180.48,2.984,50.9
29.29,1.530,45.6,38.23,1.864,4.0
27.80,2.583,30.2,31.05,4.913,8.4
14.04,0.969,31.3,148.59,2.011,16.3
154.32,2.288,49.0,143.76,3.153,22.2
57.88,2.069,39.1,74.68,1.353,26.8
40.35,2.142,32.2,57.61,4.320,35.8
9.47,0.527,157.4,23.51,3.575,2.5
102.88,1.950,3.6,44.19,1.985,33.7
21.26,0.327,146.9,77.08,4.703,38.9
8.26,0.956,16.9,55.26,1.781,30.3
32.68,1.311,54.6,12.19,1.434,27.9
20.07,3.938,8.7,47.77,4.695,19.7
14.58,1.047,43.6,59.17,4.651,20.6
6.15,1.082,45.0,37.10,1.578,29.6
22.39,4.627,28.3,16.30,3.519,7.9
62.68,1.033,31.2,147.79,3.177,15.2
36.33,0.550,174.7,36.15,3.231,17.2
7.88,1.228,65.2,18.25,1.853,66.5
19.57,1.829,74.7,22.31,1.295,110.1
48.71,3.734,11.1,10.80,0.625,31.0
32.65,2.408,38.1,16.34,1.107,24.9
30.39,1.423,69.9,63.82,2.072,33.8
62.53,1.902,7.7,103.28,3.150,27.4
14.99,1.048,24.8,10.19,1.841,37.5
20.97,4.664,60.4,8.91,1.295,39.1
19.52,2.260,55.2,25.58,0.582,2.8
20.64,2.498,7.6,20.79,0.929,129.7
22.23,1.324,14.6,38.92,2.128,14.9
68.55,2.302,41.6,19.24,1.013,74.8
88.52,1.464,43.6,24.77,1.952,69.0
9.04,1.597,43.7,7.96,1.666,70.6
21.19,3.561,47.2,13.88,2.655,59.3
49.32,3.198,27.2,20.51,1.344,72.0
26.83,0.443,147.2,639.93,11.585,19.0
16.26,2.590,36.7,19.34,0.598,41.1
11.20,1.369,24.3,53.00,2.729,33.5
37.53,2.257,13.2,11.77,1.193,57.3
34.88,0.752,78.6,11.57,1.972,49.7
47.90,7.201,34.1,19.26,1.100,100.5
34.05,1.496,46.4,51.95,2.298,61.9
11.24,1.632,63.3,18.74,1.314,34.4
75.91,1.707,56.4,76.68,2.812,33.0
16.04,1.098,21.6,42.80,3.170,26.7
31.82,2.724,13.7,73.38,3.031,6.2
27.56,1.349,70.0,27.53,4.419,19.5
17.35,1.382,46.0,90.05,2.392,27.2
13.41,1.161,13.3,59.31,1.782,23.5
16.99,2.550,18.9,11.67,1.091,52.9
20.52,3.311,22.8,26.37,0.811,89.8
30.62,2.589,36.7,11.44,0.921,83.5
37.21,1.731,67.4,107.39,2.879,17.4
20.78,1.230,19.5,16.31,1.967,25.6
19.04,1.237,50.5,78.89,3.608,28.9
16.73,0.911,26.6,99.56,2.899,8.9
18.43,1.310,24.3,43.43,1.905,57.6
9.44,2.207,72.2,18.23,0.717,11.2
38.35,2.754,16.1,14.30,1.755,15.5
18.67,0.673,102.1,121.21,4.282,85.7
61.25,1.880,89.2,10.35,0.974,36.7
25.71,1.447,13.8,10.13,1.455,59.9
31.91,4.273,63.0,54.96,3.547,32.8
7.49,0.452,70.3,218.35,4.088,14.3
7.55,0.926,30.7,44.78,2.229,28.8
12.34,1.000,125.4,129.52,3.455,33.2
66.06,2.217,17.2,74.36,4.013,30.5
23.67,2.141,29.0,16.03,1.145,68.0
13.68,2.170,22.7,8.21,1.891,24.2
25.79,2.331,71.4,7.60,1.100,42.4
11.85,1.041,20.8,23.77,3.305,42.9
27.07,1.584,41.3,72.92,2.654,15.0
37.48,0.997,17.6,90.74,2.774,4.6
82.83,3.005,17.7,48.53,0.900,86.7
32.49,1.651,36.7,55.41,1.706,28.4
21.71,1.621,1.4,131.13,2.262,40.4
22.05,3.062,13.5,12.70,1.468,29.3
77.80,1.545,17.0,61.57,3.295,21.8
59.91,3.700,22.0,18.97,1.759,59.0
10.09,1.303,11.5,27.13,1.854,76.1
81.56,3.001,34.0,17.98,1.543,82.0
71.28,2.721,27.4,6.88,0.717,4.4
33.10,0.776,71.4,6.73,1.251,23.2
9.46,1.602,87.8,33.66,0.465,72.8
39.85,0.783,43.7,15.90,2.020,56.3
10.23,2.689,31.2,9.12,0.519,56.7
75.65,1.253,44.1,46.57,3.187,49.7
122.18,5.897,15.0,28.59,0.733,69.7
8.75,1.707,18.4,8.78,1.384,24.3
15.05,0.613,35.6,45.07,3.630,34.9
19.25,1.377,38.5,13.98,1.832,36.8
20.52,1.163,56.3,42.32,2.980,26.8
29.43,3.737,13.7,17.04,0.315,168.3
397.37,8.110,11.9,310.99,5.395,27.8
12.92,0.746,57.3,32.62,6.684,20.3
17.30,2.543,28.4,7.16,1.472,6.8
15.17,1.665,40.2,14.21,1.630,13.7
81.70,2.020,42.5,52.09,1.625,60.3
15.52,1.871,49.3,17.15,1.354,28.5
73.78,4.834,15.8,133.22,6.399,36.3
10.09,1.302,24.2,74.96,4.364,45.3
133.15,4.022,40.9,21.46,0.900,102.8
21.24,3.059,12.4,14.80,1.363,81.0
15.59,1.880,23.0,20.14,3.903,12.3
17.23,1.310,43.7,49.82,2.988,11.6
31.91,1.051,35.8,19.69,2.128,46.0
45.04,2.897,14.9,33.56,1.011,55.2
16.56,3.501,35.7,7.98,0.934,99.8
40.79,2.499,30.0,34.84,2.393,19.1
27.60,3.153,33.6,19.67,0.464,107.1
18.26,1.701,31.1,12.21,1.413,36.8
15.12,1.870,55.1,37.54,1.935,38.8
24.83,2.147,31.5,93.13,2.134,61.9
105.57,2.207,63.7,165.71,6.622,4.8
130.89,3.268,31.0,68.25,1.360,63.1
59.53,2.308,13.0,36.48,3.411,33.2
140.20,4.919,29.9,19.77,1.490,61.3
12.76,1.490,58.3,96.26,4.452,17.8
32.44,2.384,38.1,38.24,0.545,78.5
134.35,12.218,29.8,12.39,1.015,26.2
19.16,0.959,29.3,26.03,2.335,43.5
13.23,2.138,50.9,23.07,1.307,50.6
33.09,1.528,39.1,8.13,1.562,37.4
20.80,2.023,79.5,13.96,2.081,14.6
107.84,2.973,35.5,16.33,0.815,122.2
7.29,1.119,72.3,66.93,2.550,34.1
17.15,2.685,12.3,35.01,1.860,52.5
67.09,1.910,47.2,197.98,2.737,8.6
29.60,1.578,24.7,75.45,1.690,54.4
17.17,2.653,12.7,9.51,0.855,83.2
21.59,1.808,51.1,63.15,5.320,28.7
94.39,1.814,51.2,19.42,1.530,26.4
73.56,1.886,21.9,106.22,2.933,45.0
22.84,1.713,71.7,48.29,1.193,39.1
365.62,7.221,23.4,643.67,8.935,4.8
9.92,2.193,21.8,18.75,2.509,50.7
26.10,1.216,49.2,12.56,1.580,41.0
37.00,0.802,74.3,19.07,1.914,10.2
19.45,1.814,28.1,13.50,1.356,38.3
167.95,5.845,21.9,21.63,1.856,41.7
12.77,1.194,38.3,7.59,1.696,39.4
251.72,5.155,14.0,88.30,2.522,15.8
10.19,1.468,4.1,8.12,1.692,35.7
7.01,1.723,31.2,8.01,1.896,35.1
23.09,1.085,43.3,19.37,2.589,40.4
63.73,6.839,21.1,14.10,2.228,64.1
7.89,1.816,29.0,16.93,0.766,95.4
29.13,1.660,55.9,6.40,1.210,32.5
138.81,3.537,33.0,52.54,2.934,5.9
12.16,1.571,80.5,12.44,1.701,36.5
9.10,1.699,40.2,10.17,2.281,40.1
46.01,1.453,65.4,103.08,2.747,50.6
12.15,1.835,43.8,24.12,1.679,97.4
27.31,1.362,15.0,39.15,1.943,60.1
22.04,1.429,35.6,59.56,1.695,58.3
67.46,1.051,13.0,12.23,1.260,20.9
6.58,0.552,10.7,151.29,2.937,36.1
103.94,2.321,28.3,65.80,2.357,19.0
39.88,0.980,138.7,92.18,4.062,27.0
10.13,1.667,18.1,11.94,2.551,17.3
27.72,2.712,30.5,12.73,0.857,60.6
23.44,2.263,19.9,6.29,1.013,55.7
20.27,1.876,33.0,82.93,1.954,29.2
18.53,0.392,125.0,147.07,7.181,13.4
17.94,3.206,25.0,13.79,2.097,53.4
46.41,4.055,31.2,8.79,0.817,145.4
36.17,1.944,18.7,127.70,1.914,20.2
23.63,3.312,24.5,6.70,0.837,35.7
26.72,1.882,20.6,136.44,2.665,56.9
255.46,10.024,10.9,355.28,13.133,24.3
33.90,0.961,7.9,84.14,4.048,34.3
28.46,2.340,15.9,28.05,1.505,22.0
15.94,1.622,16.4,20.18,2.690,3.5
93.97,1.654,57.3,12.53,1.212,96.1
11.40,2.127,11.7,8.82,1.316,32.0
12.16,1.716,32.5,67.51,4.050,41.4
54.76,2.313,32.9,15.02,1.425,75.6
124.99,3.410,12.7,40.93,1.288,49.9
62.64,1.614,7.3,6.27,1.037,43.9
44.04,2.017,61.9,137.35,4.697,34.2
18.01,2.116,23.5,25.70,1.866,24.2
33.04,1.841,16.1,10.98,1.294,26.7
14.52,0.681,81.6,28.23,3.974,42.7
13.13,2.326,15.7,29.07,0.862,71.1
49.32,0.935,40.6,21.89,1.821,32.3
80.37,3.422,32.2,27.74,0.695,61.1
34.23,1.586,81.7,141.73,4.548,24.9
19.98,3.460,53.7,11.17,0.721,74.8
17.93,3.352,38.5,17.24,1.797,28.1
22.13,2.770,51.2,8.00,1.116,45.5
44.58,5.926,48.2,20.84,4.847,40.1
18.25,1.345,13.0,20.21,1.969,6.9
24.27,5.080,18.3,8.70,1.419,59.9
82.93,1.544,87.2,57.94,1.940,21.1
11.60,1.283,49.2,15.81,1.859,53.1
39.85,0.852,76.6,192.13,3.806,11.4
25.01,1.094,14.7,61.33,4.503,15.3
32.35,2.152,12.7,26.79,1.198,51.8
13.03,1.157,38.8,30.27,2.032,38.9
25.73,1.719,54.7,32.30,2.701,35.5
13.47,1.020,8.5,42.19,3.171,32.3
53.31,1.802,54.7,12.32,1.289,17.6
22.42,0.956,3.5,30.94,2.314,16.8
32.58,1.931,21.7,66.47,1.263,25.2
98.32,3.235,23.1,530.98,10.356,32.8
13.37,0.805,31.2,10.97,2.132,55.1
54.92,0.891,59.4,71.34,2.539,29.4
42.36,2.136,41.4,12.41,1.513,22.2
50.60,1.406,51.9,47.17,4.076,15.3
17.21,1.586,31.0,10.47,1.830,63.4
37.64,2.494,38.3,21.52,3.103,20.7
13.06,2.887,15.0,35.19,5.417,33.6
38.98,7.568,23.6,17.41,3.000,18.1
47.95,2.155,46.5,80.35,1.351,99.7
51.68,1.483,40.5,16.55,1.588,24.6
78.52,2.887,8.8,188.41,2.669,29.7
21.11,2.150,25.0,7.36,1.336,44.9
11.19,2.725,29.0,12.64,0.862,85.1
61.00,1.173,59.7,21.11,1.753,21.5
171.90,4.550,20.1,8.55,0.463,17.3
49.48,2.675,40.4,87.29,1.480,45.0
78.13,1.913,49.0,9.33,0.886,21.9
11.80,2.249,32.8,12.60,0.821,5.9
11.90,1.668,50.1,49.66,6.565,21.4
18.02,1.960,20.5,11.70,1.230,36.0
8.25,1.501,31.1,23.95,0.946,76.4
83.10,2.976,31.9,11.63,0.889,37.4
20.41,1.883,37.8,8.02,1.277,17.0
6.81,1.119,63.7,19.91,2.113,33.5
60.06,1.451,71.6,81.95,2.286,34.8
94.52,2.498,70.9,85.57,1.518,11.7
13.33,2.139,21.9,8.37,1.288,7.8
12.98,1.410,17.4,47.66,0.860,27.4
7.55,1.301,53.1,45.30,0.615,35.7
39.35,2.800,16.0,24.96,0.755,34.3
45.64,1.503,30.1,327.99,4.651,18.3
24.96,1.625,75.3,141.10,2.118,59.5
23.67,1.628,24.7,77.43,1.093,38.8
23.60,1.384,46.2,47.44,1.813,61.4
9.61,1.522,77.6,6.93,1.599,42.2
16.30,1.597,34.1,41.42,0.905,79.6
13.94,1.299,12.7,15.87,1.975,38.0
136.34,2.862,39.5,52.24,2.456,22.2
10.42,1.595,67.4,29.18,1.143,58.7
33.06,3.833,19.5,107.65,7.192,12.2
26.82,3.630,46.5,6.43,1.198,22.4
62.16,3.061,33.4,142.73,2.411,34.7
28.33,2.488,22.2,31.83,1.847,13.0
17.67,0.808,66.9,40.47,2.832,13.8
55.81,1.548,20.5,19.77,1.869,63.1
59.95,0.977,93.0,48.83,2.253,16.2
156.13,5.040,41.9,73.68,1.195,36.1
7.46,1.464,65.5,23.21,1.621,30.4
50.41,2.482,13.4,43.30,0.942,95.6
25.67,1.103,72.3,22.55,2.051,78.0
6.97,0.993,72.3,101.01,4.612,42.2
7.09,0.864,35.5,58.00,2.032,14.8
39.16,1.918,48.0,65.01,1.871,29.1
35.45,0.938,52.3,87.16,3.925,39.8
73.78,2.833,25.8,50.27,1.856,49.3
8.19,1.228,53.6,9.31,2.156,25.0
24.75,0.470,206.1,18.82,3.000,53.5
28.08,3.049,39.8,24.44,1.578,37.7
72.79,2.911,53.3,51.86,1.133,21.8
147.87,3.433,62.5,12.41,0.893,101.0
12.30,0.814,107.3,67.50,3.117,31.8
26.95,0.663,48.3,96.45,3.465,8.1
41.85,3.471,18.2,26.02,0.398,128.2
31.28,0.690,77.9,32.15,2.547,53.1
14.90,2.624,51.2,14.52,2.110,38.6
25.56,1.668,37.6,14.28,1.416,39.1
24.21,0.472,182.6,35.37,4.001,22.7
27.29,2.123,12.9,7.17,1.768,47.9
87.58,1.415,37.6,62.62,3.277,6.5
87.50,2.976,20.0,31.69,0.873,44.6
40.51,2.691,25.4,38.92,1.812,9.3
24.73,0.680,28.4,14.40,2.090,67.9
8.06,1.582,43.2,32.71,0.990,21.3
36.43,1.973,67.4,35.07,1.520,62.2
19.42,0.984,47.5,171.23,2.630,39.9
28.82,2.500,25.9,9.27,1.621,38.5
13.42,0.567,75.6,290.97,5.556,12.4
39.76,1.656,68.3,21.03,1.451,54.0
19.45,1.757,43.7,67.59,1.311,15.1
33.68,5.180,62.5,19.24,4.996,10.9
77.91,2.407,3.5,10.93,0.816,92.2
7.69,0.592,36.5,38.06,3.934,22.8
24.82,1.712,19.1,36.75,2.764,28.4
22.71,3.189,36.0,18.35,0.376,143.2
27.87,1.856,37.0,38.79,1.692,40.1
38.21,1.857,25.1,11.72,1.579,73.1
12.71,1.592,64.2,22.60,1.330,60.6
11.56,3.054,45.4,9.61,0.822,77.5
78.27,2.218,14.1,239.62,3.465,22.9
18.43,2.727,70.9,11.17,0.915,46.1
105.38,3.211,27.6,27.56,1.113,29.1
26.13,2.450,45.4,20.88,1.964,36.3
10.98,1.640,34.7,21.85,1.640,47.4
23.94,1.198,123.8,56.14,2.169,35.4
41.81,2.486,11.9,6.15,1.326,32.0
7.92,1.413,71.8,34.24,1.895,16.1
25.70,2.995,28.3,40.18,0.830,51.1
7.62,0.803,59.3,60.00,2.313,34.5
10.14,1.795,37.5,29.95,2.697,27.3
73.40,4.610,41.0,19.54,1.421,25.4
41.06,3.438,5.3,11.49,0.965,47.4
34.43,3.518,21.7,22.35,1.441,51.2
7.82,1.100,51.0,54.54,1.774,13.0
16.91,0.951,39.7,26.69,2.451,38.4
39.01,2.722,55.1,9.67,2.049,19.8
26.03,1.141,23.3,56.26,2.288,38.6
59.92,2.099,17.4,73.29,2.473,7.5
12.55,0.652,80.6,27.15,3.167,54.1
12.48,2.309,31.1,7.37,1.047,40.6
84.13,1.797,35.4,251.03,5.709,22.1
65.27,1.266,42.2,33.90,2.092,8.1
289.69,10.188,37.6,99.34,3.270,43.1
17.47,4.152,47.4,10.06,0.277,106.0
11.10,1.183,36.0,51.81,1.415,28.0
12.98,2.625,16.7,24.06,0.885,154.4
39.29,2.970,23.8,44.41,2.569,26.3
34.03,1.732,36.7,54.97,1.730,86.6
27.86,1.955,56.5,8.19,1.135,15.8
21.29,1.689,23.8,40.86,1.206,73.1
21.01,1.055,49.5,38.22,2.498,74.8
24.11,0.621,170.2,21.81,3.352,24.9
24.50,0.756,92.0,80.86,4.783,50.3
14.46,1.306,30.6,22.84,1.965,26.2
113.69,3.079,12.4,17.41,0.738,50.8
8.27,0.548,43.1,46.27,4.271,34.2
9.81,1.321,31.3,25.04,1.860,29.6
13.28,1.159,51.9,12.71,2.095,48.2
67.78,1.928,41.3,36.67,1.594,61.0
79.46,1.960,10.5,32.38,2.753,30.9
30.12,1.774,52.4,8.04,1.612,71.9
33.46,0.498,43.8,7.28,1.537,53.2
13.46,1.415,70.0,21.84,1.866,52.9
30.59,0.443,115.1,126.34,4.643,26.3
16.33,2.360,46.6,6.21,1.080,43.1
89.10,1.533,80.6,132.74,4.921,4.5
8.27,1.954,8.6,20.74,3.292,30.6
6.36,0.922,19.8,27.85,2.855,40.7
27.19,1.632,44.9,111.87,1.814,12.8
355.95,4.924,25.5,89.97,2.558,51.6
40.35,0.829,117.8,25.19,2.231,40.2
23.25,0.760,115.4,109.95,3.115,52.2
38.48,2.863,43.9,16.96,0.836,39.7
86.21,2.962,23.7,44.53,0.840,8.9
93.78,2.427,51.9,6.28,0.952,21.6
112.95,3.009,1.7,16.77,0.836,72.1
84.46,2.296,24.9,24.89,2.287,42.8
30.95,1.368,38.8,41.22,1.996,18.4
45.82,2.661,28.8,27.06,1.364,27.7
9.52,2.149,75.9,38.71,4.158,21.8
36.58,0.975,43.7,11.02,1.622,42.8
9.23,1.193,77.9,20.54,2.028,19.3
205.54,5.374,20.9,24.68,1.028,21.6
29.46,2.332,35.2,12.06,1.062,71.3
60.11,1.462,3.0,8.76,1.032,72.4
13.68,1.488,69.0,8.02,1.580,84.0
9.52,1.538,46.0,15.37,2.057,17.3
53.48,4.341,26.3,83.82,3.358,22.2
40.59,3.207,28.2,24.16,1.784,19.5
10.56,2.094,23.2,39.13,3.059,15.0
63.68,3.848,15.7,28.71,2.275,9.0
10.89,2.003,26.6,13.52,1.077,40.6
108.39,2.714,46.6,9.42,0.702,29.9
97.58,5.045,44.5,69.72,1.269,41.8
246.63,3.561,26.7,36.74,1.314,56.8
46.33,3.062,40.6,177.79,8.345,11.4
10.30,1.892,29.8,6.44,1.637,30.5
179.20,2.711,16.8,33.58,1.740,45.1
56.20,3.869,7.7,6.91,0.640,36.0
124.71,4.901,37.5,86.15,2.484,79.2
18.99,2.418,20.6,15.11,0.836,18.2
46.62,2.376,24.5,55.17,0.970,48.2
142.38,3.348,35.7,20.71,1.295,31.7
12.31,1.663,11.9,28.20,2.163,25.6
25.37,2.913,42.1,20.44,0.575,100.6
43.16,0.760,82.2,6.01,1.091,48.3
27.36,0.798,83.4,126.03,3.149,28.0
64.36,2.444,71.9,117.22,3.645,34.1
38.95,2.385,80.9,20.35,2.378,5.4
132.19,2.747,56.8,22.64,0.888,82.0
19.65,1.414,20.0,22.23,2.104,51.4
64.60,0.952,13.6,14.43,1.640,86.7
12.56,2.191,25.5,55.42,3.318,37.5
9.70,1.160,23.0,15.94,2.181,19.4
194.32,5.313,15.4,526.22,11.018,11.0
12.41,0.844,38.3,68.81,3.233,11.4
202.77,3.524,5.3,94.05,1.598,9.8
47.42,1.068,27.6,52.44,2.225,31.5
29.44,1.198,41.8,94.87,2.487,50.9
47.39,0.759,60.7,169.77,3.802,66.1
30.00,2.310,9.9,16.16,1.053,25.1
18.78,3.722,19.2,12.79,1.675,63.4
16.01,2.933,16.2,27.28,2.353,55.6
13.07,1.050,46.7,8.32,1.895,14.4
49.98,3.690,17.3,31.04,0.614,31.8
15.13,1.087,21.3,12.75,2.065,56.4
6.91,1.365,31.6,13.07,1.755,41.0
35.19,2.451,54.5,6.33,0.866,77.2
58.91,0.970,69.0,27.29,1.757,22.5
31.30,0.618,104.1,55.24,3.891,23.9
31.47,1.655,34.7,229.42,3.920,7.0
59.72,2.933,47.4,47.07,1.599,49.5
55.35,2.859,25.9,41.85,0.738,56.4
22.79,1.959,47.5,20.78,1.305,36.3
15.61,1.321,39.6,23.18,1.823,38.9
46.66,2.484,48.9,56.35,4.120,5.1
8.65,1.606,28.8,23.64,0.785,60.2
31.37,2.875,22.4,9.89,0.829,31.0
19.46,2.684,66.1,23.63,0.520,128.7
9.87,0.481,4.6,162.15,4.946,46.4
20.55,1.555,44.2,40.18,2.367,13.5
117.12,3.589,34.1,236.87,5.376,30.2
13.96,1.386,42.6,25.64,1.807,10.0
29.09,1.331,42.5,101.89,2.664,30.6
94.18,1.918,53.6,16.76,1.214,57.9
58.54,1.400,39.6,14.69,1.284,70.3
345.51,5.367,32.0,47.99,1.220,68.8
65.61,1.330,74.1,32.17,2.133,17.1
17.92,1.934,57.3,6.78,1.357,94.8
9.65,1.925,32.4,31.25,5.152,19.9
24.03,1.833,38.6,21.55,1.327,60.4
9.98,1.499,56.7,14.31,1.896,42.5
10.75,0.850,32.8,79.86,2.076,38.1
6.13,1.062,117.5,25.15,1.884,44.4
9.79,1.580,56.8,11.75,1.697,46.6
41.90,1.231,12.9,70.13,2.364,73.0
15.13,1.659,49.5,9.64,1.460,27.1
22.78,3.594,16.2,77.52,9.333,14.1
57.47,2.747,9.6,11.80,0.833,27.5
37.76,1.339,17.9,8.36,1.717,24.1
225.28,4.633,25.8,30.68,0.509,113.6
39.97,2.969,12.3,141.26,7.875,18.5
36.59,0.891,38.7,15.01,1.698,21.5
83.40,1.744,29.7,23.91,2.143,33.3
7.50,1.438,71.5,23.22,1.764,54.3
54.63,3.116,22.0,30.28,0.836,34.6
65.28,2.021,28.4,66.84,1.839,67.0
24.01,0.873,79.1,7.94,2.011,57.9
87.20,2.635,38.7,54.74,1.475,33.0
73.52,2.106,23.8,11.88,0.943,83.8
46.21,4.417,17.6,6.76,1.474,55.9
56.36,2.984,27.2,19.66,0.804,72.4
15.66,1.715,9.3,23.93,1.825,61.2
19.48,1.061,90.2,29.47,2.205,55.1
68.76,1.957,72.1,12.90,1.117,69.8
127.73,3.481,25.0,21.24,1.086,12.9
28.11,0.677,44.6,223.88,5.776,11.6
81.12,2.635,8.9,22.22,1.227,72.5
65.32,2.817,41.3,60.58,0.924,93.0
24.07,2.329,36.0,108.59,4.285,24.7
8.32,1.921,17.2,16.80,4.414,12.8
194.45,2.814,11.5,89.67,2.603,67.3
8.81,1.369,37.0,17.20,2.158,51.2
18.01,2.451,25.8,7.90,1.213,48.6
11.21,1.478,33.3,21.87,2.599,50.1
9.65,1.283,17.2,17.77,1.863,43.3
79.21,4.804,32.9,64.81,3.594,17.0
7.98,1.966,8.5,18.65,0.454,116.6
26.09,1.999,55.3,102.50,1.766,31.6
70.10,1.804,26.9,18.20,1.200,41.4
33.81,2.229,31.1,39.48,3.394,18.6
78.22,1.843,46.0,48.56,2.101,32.3
14.31,2.132,22.1,18.84,2.044,36.2
74.70,2.453,81.0,40.28,1.469,30.8
70.35,4.331,11.3,25.39,1.501,50.9
11.74,1.765,18.7,40.91,1.147,112.8
158.94,3.745,21.4,72.04,3.547,35.0
156.86,2.568,26.6,132.47,2.706,8.5
35.08,5.628,26.3,16.49,1.138,48.1
48.87,3.151,17.3,28.81,0.562,77.6
39.77,2.008,27.1,56.96,2.208,56.1
25.27,1.232,63.3,18.79,1.759,21.0
19.07,1.395,67.4,48.84,2.443,8.3
18.29,1.738,44.1,22.24,2.651,52.8
22.68,0.892,136.5,16.39,2.075,43.7
174.07,3.581,10.8,22.06,0.681,133.0
12.09,1.582,21.1,6.49,1.474,33.4
47.30,0.756,29.3,24.75,2.191,41.3
6.45,0.783,76.7,32.74,3.193,19.6
20.33,4.197,33.4,7.61,0.464,137.1
21.69,1.873,20.5,25.49,1.695,15.0
53.21,4.409,58.8,15.14,1.463,13.5
20.71,1.918,7.3,15.04,2.290,55.8
6.80,0.628,79.0,77.63,4.779,19.1
63.85,1.301,34.5,69.73,2.220,37.4
67.77,2.219,19.1,63.55,1.648,46.0
138.53,2.523,25.5,106.86,4.265,22.0
58.50,3.464,7.2,9.22,0.680,58.7
12.02,1.810,34.0,23.90,1.040,84.0
81.61,2.565,39.6,23.45,1.267,7.3
10.76,1.247,48.3,20.90,1.971,34.9
135.49,3.215,13.9,38.34,1.921,41.2
270.60,4.688,38.4,57.88,1.009,12.5
60.22,3.956,44.5,34.45,4.307,31.8
24.70,1.801,13.3,7.79,1.239,93.3
49.76,3.699,19.8,19.69,0.944,9.3
15.29,2.030,17.2,12.61,1.828,43.8
7.18,1.678,37.9,14.13,1.020,105.8
31.92,2.426,13.8,15.87,1.147,83.9
35.99,2.077,10.2,187.07,4.148,13.6
21.87,2.149,59.9,8.72,1.508,36.8
57.81,2.148,16.5,73.14,2.129,44.4
179.47,4.949,32.1,56.75,2.502,54.6
29.62,1.558,63.3,83.59,1.633,47.3
17.75,1.161,105.0,79.51,3.320,28.9
34.89,4.025,35.2,17.39,0.498,68.9
12.08,2.571,31.2,9.20,0.873,134.8
72.84,2.340,33.7,58.71,3.184,63.2
33.53,0.886,85.7,8.23,1.540,59.2
16.23,1.274,81.8,10.98,1.679,40.9
16.63,0.963,80.7,285.21,5.243,41.2
26.69,2.891,25.0,25.86,2.057,31.4
59.90,3.536,45.3,21.97,0.573,23.7
21.41,3.190,53.5,15.61,0.568,113.8
24.25,2.196,58.7,23.02,0.925,80.4
10.57,1.844,43.4,22.09,1.031,51.7
78.43,2.541,26.1,85.23,2.320,51.5
107.84,2.620,56.7,17.08,0.817,100.0
9.78,1.409,45.9,27.58,3.055,33.3
9.09,2.050,30.9,21.23,1.975,35.2
46.87,1.893,41.8,8.24,1.429,58.8
12.43,1.134,31.3,41.81,2.154,28.3
96.13,2.753,11.4,49.58,0.881,84.1
15.74,2.977,76.8,23.30,0.680,79.7
103.80,3.373,16.5,21.22,1.535,18.7
7.34,1.435,52.5,13.08,2.018,8.1
10.36,1.790,53.8,12.87,1.378,10.7
27.37,2.238,47.3,6.24,0.962,107.2
28.75,0.602,85.8,63.14,5.296,20.6
7.21,1.814,44.0,31.95,2.387,55.0
6.65,1.669,50.6,7.19,1.581,59.7
89.63,1.308,24.9,34.14,1.958,30.8
122.53,4.963,17.1,93.90,4.653,45.1
85.25,1.717,67.9,122.57,2.861,34.3
34.56,2.467,18.0,66.03,1.849,50.0
22.23,3.744,3.2,7.26,0.856,10.7
30.95,0.774,115.5,17.92,1.917,21.0
169.52,5.821,5.4,50.03,2.225,48.8
10.02,1.143,136.1,11.72,2.608,14.0
29.93,1.651,31.9,14.93,1.783,18.9
63.82,1.453,42.0,288.28,5.398,26.9
168.77,2.530,44.0,125.95,3.932,29.0
75.92,1.187,49.9,41.26,1.967,42.9
85.88,2.313,46.1,17.31,0.928,48.2
28.51,1.438,98.5,31.22,1.783,15.0
19.60,2.049,31.9,80.77,2.600,41.5
8.14,0.820,22.5,70.13,2.121,17.5
8.49,1.578,39.7,43.37,1.913,37.3
63.59,1.893,40.0,151.16,3.299,21.3
20.49,1.628,36.1,41.10,1.355,72.7
18.13,1.252,49.6,31.75,2.239,35.7
21.87,2.043,48.9,13.95,2.445,40.9
17.19,0.638,17.9,22.87,3.522,5.3
35.87,1.328,27.3,7.55,1.199,52.8
53.17,3.034,29.8,14.07,0.896,66.2
272.73,6.004,11.1,78.37,2.948,29.3
9.88,1.665,16.7,10.05,1.601,31.2
14.94,1.181,23.5,43.67,1.874,29.2
22.11,0.639,43.7,136.81,3.771,9.6
44.48,1.129,45.8,46.37,3.702,1.7
23.40,1.440,25.5,33.82,2.006,42.2
11.43,1.458,75.3,18.57,1.663,35.9
42.53,1.924,40.9,21.60,2.178,17.6
186.84,3.742,58.6,84.12,2.378,52.5
66.42,2.159,60.4,64.28,1.577,11.2
6.73,0.580,126.9,169.90,2.435,31.1
15.32,3.013,20.7,13.70,1.292,79.3
24.21,1.774,55.7,19.74,1.400,9.6
78.52,3.464,37.0,6.01,0.754,67.7
16.61,1.201,18.1,24.87,2.137,17.9
16.41,1.066,123.7,58.46,2.310,24.3
12.13,1.037,29.2,46.04,2.133,25.9
120.77,3.478,34.1,50.85,2.144,24.7
8.30,2.125,27.9,17.99,2.950,36.0
122.58,2.343,66.6,16.25,1.233,60.4
169.94,4.762,26.8,34.11,0.774,86.6
7.05,0.869,109.8,59.19,2.319,32.3
136.71,3.366,44.6,83.74,1.175,35.2
22.36,1.254,44.3,30.80,3.030,21.9
6.33,1.264,43.2,12.13,1.985,27.1
81.62,1.669,50.2,6.29,0.951,50.0
25.90,1.054,53.5,58.56,3.229,1.2
23.89,2.344,45.1,13.44,1.006,50.2
11.66,2.543,34.3,39.28,9.339,40.8
31.65,0.876,67.0,86.35,3.299,38.2
21.74,1.658,52.5,37.01,1.996,46.0
16.03,2.129,10.1,26.02,0.633,50.1
8.59,1.510,39.2,8.31,1.749,33.6
25.67,3.366,19.1,12.85,1.022,62.8
19.05,1.062,18.4,70.92,3.993,16.0
30.90,1.506,11.1,23.35,3.270,66.0
78.24,2.255,13.4,23.00,1.122,69.5
35.99,1.495,52.4,38.45,2.072,49.9
11.11,1.962,45.6,35.46,3.014,33.8
23.26,2.365,25.9,30.99,0.944,96.6
202.97,5.263,5.8,16.68,1.102,41.2
35.06,2.778,72.0,20.30,0.884,69.3
64.87,2.160,9.8,181.50,5.494,14.4
110.58,4.086,15.0,9.75,0.910,63.1
27.66,0.972,25.1,59.71,5.033,26.2
24.01,1.650,33.6,101.39,2.460,35.6
10.32,0.735,130.9,29.50,4.662,48.9
119.60,1.880,4.5,28.99,1.526,26.3
21.65,2.602,13.8,7.81,1.085,47.5
15.24,1.088,78.5,57.70,3.361,46.0
83.82,2.338,19.1,351.90,5.825,12.6
46.28,5.396,14.6,15.35,0.502,105.0
61.91,2.003,44.8,23.01,1.636,21.1
10.82,2.060,28.8,22.75,1.926,22.0
8.71,0.763,16.7,93.52,3.684,13.2
96.76,3.866,15.1,15.09,0.656,31.6
15.39,1.961,11.9,31.05,0.745,49.2
15.69,0.736,118.4,6.55,1.680,59.0
11.71,0.704,24.6,65.38,4.983,38.8
11.59,1.102,9.7,15.57,2.160,63.5
27.78,2.178,13.1,20.07,2.341,24.3
16.14,3.526,8.4,8.03,0.612,63.3
9.30,0.963,58.7,102.56,1.475,69.2
19.00,1.246,16.7,97.09,2.105,18.0
64.85,3.354,29.3,45.67,0.875,117.3
10.06,1.119,39.0,15.31,2.109,33.0
7.02,0.849,97.9,132.19,2.800,25.3
14.59,1.986,35.8,37.73,1.251,33.5
16.65,0.983,128.8,261.79,4.421,29.8
21.46,1.807,5.6,28.71,1.387,24.8
11.66,2.192,51.3,9.54,1.975,27.3
144.98,3.708,43.6,28.92,2.014,25.7
27.52,2.567,74.3,6.98,0.953,71.6
19.88,1.288,30.3,48.59,2.283,19.2
17.20,3.134,6.9,6.66,1.271,35.4
30.57,2.704,15.5,23.43,0.889,28.7
37.04,2.493,22.5,11.60,1.023,39.5
31.90,1.490,10.4,204.72,3.052,28.8
7.65,1.042,60.8,60.34,1.897,8.5
72.33,2.935,24.9,35.81,3.621,39.0
8.65,1.160,41.3,24.05,2.255,34.3
71.92,1.926,18.7,28.04,1.494,48.3
63.87,2.138,58.1,12.02,1.204,107.0
24.32,1.855,32.1,18.31,1.561,51.8
16.31,1.523,36.7,82.27,1.347,42.9
10.65,1.004,74.0,15.78,2.329,15.1
15.01,1.629,42.2,43.40,0.896,120.6
44.75,0.938,85.9,79.13,2.612,19.1
9.70,1.724,60.6,16.73,1.653,17.9
24.08,0.822,51.8,115.88,3.047,31.2
106.60,2.885,38.7,48.51,0.866,81.1
42.52,2.206,30.3,18.21,1.151,22.0
14.92,2.037,27.3,23.37,5.628,18.3
14.42,0.805,27.0,55.81,4.438,25.5
15.54,2.148,37.1,29.32,0.514,36.4
23.02,1.821,70.3,17.53,1.368,25.5
11.99,0.970,38.2,32.33,2.552,33.2
15.92,0.929,97.4,70.53,2.583,57.5
40.68,3.176,28.9,10.90,0.871,97.8
19.32,2.702,40.4,28.44,0.895,99.7
21.43,1.287,48.4,30.50,1.910,32.0
20.27,0.924,44.2,25.46,2.308,19.0
148.43,3.171,8.1,56.00,2.073,38.6
16.68,1.824,12.0,22.14,2.619,59.0
94.58,3.939,45.6,22.31,1.264,24.6
14.88,1.114,50.4,21.31,2.482,58.1
32.85,2.538,25.3,11.29,1.325,49.8
136.75,3.826,9.9,60.68,0.894,60.3
18.93,1.804,45.4,14.12,1.371,10.8
26.73,1.894,35.7,27.55,1.422,18.2
14.50,0.780,60.6,16.01,3.371,72.6
35.41,1.899,29.3,19.63,1.269,42.0
27.22,2.830,53.9,25.67,0.459,128.7
28.57,3.321,16.6,29.41,4.122,46.0
60.93,1.711,37.8,62.29,1.864,50.2
12.26,0.549,178.2,12.98,2.640,48.7
6.31,1.088,33.7,52.43,1.503,14.8
20.51,0.733,86.7,8.48,1.687,59.8
85.88,2.903,29.2,9.92,0.779,83.8
9.82,1.704,27.8,11.69,1.502,40.7
37.71,1.579,35.8,16.57,1.986,25.5
268.04,5.326,49.9,57.21,0.942,45.6
6.14,0.898,54.8,29.45,2.444,36.4
53.92,1.364,23.6,67.67,3.586,17.0
43.67,2.049,54.1,22.28,1.327,5.1
87.67,5.005,23.1,36.13,2.810,11.2
62.04,2.753,6.9,124.81,1.803,44.9
21.63,0.821,74.8,99.13,2.839,9.7
8.08,0.566,122.1,24.73,5.003,39.3
14.26,2.377,60.2,19.21,0.384,105.1
8.11,1.091,78.5,38.39,2.021,28.5
45.96,1.675,51.8,11.50,1.191,49.9
16.21,1.225,14.4,99.82,3.984,14.3
7.37,1.029,25.2,9.67,2.557,28.1
12.44,0.884,39.0,77.80,2.181,21.3
70.77,2.273,36.4,21.83,1.084,38.4
55.56,2.451,12.8,6.13,0.782,30.3
19.10,1.576,65.9,41.43,1.756,78.8
17.01,0.956,26.7,81.80,3.110,23.3
10.02,2.565,33.9,11.02,2.879,54.8
9.24,0.932,30.6,55.09,2.013,28.6
7.67,1.393,10.5,7.00,1.815,46.3
173.36,4.335,14.3,22.74,0.639,54.9
10.55,1.437,70.5,8.37,1.705,39.0
67.51,1.603,57.6,22.06,1.987,20.9
8.49,1.792,29.4,10.22,1.255,10.5
6.39,1.643,59.1,51.22,7.094,2.9
21.61,1.728,13.9,6.92,1.581,15.9
10.28,1.335,79.1,14.90,1.825,27.2
24.23,0.692,113.9,19.42,3.150,20.1
9.24,1.324,59.8,19.05,2.171,62.7
13.14,1.694,53.1,13.17,1.533,18.3
35.89,4.283,32.9,14.50,0.743,70.9
17.95,3.017,10.4,29.96,1.139,42.1
26.58,2.887,49.8,40.02,5.270,44.9
28.99,1.518,20.5,34.06,2.699,51.2
44.97,0.806,89.6,39.37,2.687,14.1
40.59,1.678,18.2,45.10,1.656,40.0
147.35,2.440,41.2,19.75,1.082,98.0
14.42,0.773,87.8,113.47,3.362,4.9
22.37,2.199,43.7,48.84,1.615,20.4
17.02,0.568,36.4,30.12,3.113,38.9
7.01,0.801,88.4,99.67,3.826,32.4
17.07,4.416,32.6,7.29,1.780,34.4
180.66,2.832,29.4,68.15,2.047,46.6
43.06,1.530,32.4,14.65,1.369,15.0
140.17,3.875,40.7,324.29,5.344,31.7
15.23,2.878,31.0,14.45,0.423,19.4
8.58,1.907,54.9,18.91,1.828,57.8
54.82,1.832,39.0,73.22,2.276,17.5
12.79,1.920,45.6,15.69,1.082,47.5
13.77,1.935,58.7,7.67,1.382,61.9
11.10,1.818,40.9,19.20,0.939,46.3
7.82,0.774,112.5,39.93,3.035,13.3
106.62,4.186,10.4,12.80,0.828,118.6
35.44,2.604,35.4,34.50,2.628,31.9
11.47,0.574,81.2,12.01,2.549,30.2
18.55,0.608,64.8,8.94,2.091,45.3
41.52,4.679,18.9,7.76,0.480,94.6
57.93,1.531,41.0,143.30,3.117,41.6
7.10,1.735,64.7,32.96,1.531,100.5
149.07,2.264,35.3,59.07,2.020,61.2
23.43,2.101,53.2,13.68,1.134,53.1
124.59,3.059,41.1,23.12,0.828,104.9
8.12,1.039,61.7,74.32,3.123,57.5
49.09,1.968,27.6,6.40,0.907,56.1
22.08,2.025,12.6,19.23,1.352,50.2
42.42,1.004,61.7,130.31,3.882,28.9
12.85,1.690,27.3,40.13,0.917,63.2
35.79,1.920,84.0,9.35,1.244,111.9
21.39,0.530,56.8,25.37,2.737,11.2
36.39,0.565,119.1,27.20,2.334,32.3
32.32,3.384,40.0,80.99,3.638,55.3
103.20,3.506,13.9,121.30,1.657,15.2
9.59,1.440,41.6,73.20,2.688,25.4
108.19,3.112,15.1,34.31,1.240,19.2
22.08,2.261,46.0,60.73,1.787,38.5
47.27,1.711,32.5,88.01,3.252,36.2
37.51,2.193,52.8,38.15,1.130,35.9
40.39,1.986,56.8,167.23,4.412,13.7
40.18,0.770,85.0,130.35,3.102,23.2
8.18,0.962,56.0,55.49,1.744,22.2
11.73,2.694,13.3,25.95,2.562,19.2
121.95,1.702,37.4,8.70,0.809,94.1
22.32,1.522,55.8,39.83,2.225,50.3
9.64,1.076,25.5,40.04,1.817,13.6
55.95,1.054,31.4,7.57,1.076,110.2
21.45,1.020,17.6,27.00,2.748,7.8
15.66,1.721,48.5,26.33,1.110,40.4
13.10,0.963,69.5,37.96,2.990,22.0
17.79,1.084,32.1,47.02,5.017,22.3
205.19,6.485,31.2,137.75,1.908,33.1
16.61,1.824,81.3,8.51,2.048,41.4
6.24,0.942,35.9,14.58,2.752,28.1
55.92,2.380,40.9,42.81,1.973,45.6
76.65,1.701,9.1,24.84,1.639,28.0
23.17,0.986,64.1,7.05,1.742,34.2
18.21,2.123,31.2,20.03,1.419,9.8
12.50,0.905,13.2,48.21,2.960,24.3
9.81,1.159,87.0,44.34,1.807,18.2
14.37,1.424,88.8,55.89,1.269,28.3
6.52,0.677,123.0,11.39,2.917,7.8
34.35,1.875,50.9,11.98,1.212,57.9
15.39,1.510,15.6,12.68,1.961,48.5
38.02,5.711,4.0,10.72,0.265,227.3
40.06,4.630,38.6,25.11,0.717,114.9
103.99,2.731,37.3,20.04,1.833,45.4
33.58,1.340,109.0,21.67,1.872,20.7
7.13,1.093,47.7,70.94,1.268,22.2
6.17,0.930,119.7,58.57,1.358,46.6
81.42,2.388,12.7,67.40,3.187,7.0
104.09,2.462,30.4,34.97,1.224,36.7
30.62,4.031,42.6,27.86,0.970,23.8
20.50,4.644,26.9,11.69,1.786,57.6
36.26,1.710,68.7,54.88,2.558,41.1
16.70,2.792,39.2,35.62,4.434,2.3
6.99,0.816,111.7,21.75,3.049,3.7
8.05,1.762,37.8,28.52,1.951,38.2
60.36,3.158,18.0,87.71,1.504,20.1
76.59,2.472,33.9,118.79,1.833,44.2
70.23,2.164,52.5,18.98,1.033,93.2
88.01,1.375,42.6,57.04,2.050,41.4
15.30,2.734,31.8,7.19,1.143,30.9
144.36,2.249,34.1,94.74,3.141,10.8
85.47,3.995,19.8,13.51,1.197,37.3
23.55,1.813,18.0,35.35,3.011,14.0
12.29,1.622,32.0,34.93,1.039,64.2
17.93,2.442,44.7,9.80,1.273,92.7
38.65,1.806,29.4,24.97,2.036,29.0
68.97,2.029,11.7,19.48,1.157,41.6
59.41,1.530,68.8,7.54,0.967,15.8
58.89,1.865,11.3,104.28,1.843,15.3
46.91,4.140,43.5,8.90,1.749,41.8
17.69,1.854,53.3,11.51,1.286,64.2
40.38,1.644,45.5,8.22,1.210,35.3
47.33,3.275,31.0,8.92,0.783,13.6
10.23,1.452,55.4,28.47,2.685,20.7
27.27,1.213,100.4,22.77,1.916,16.5
115.41,4.184,12.0,19.13,0.581,46.8
53.87,0.990,17.6,128.58,3.026,48.1
20.84,0.729,54.0,14.37,2.245,35.0
140.92,2.129,4.5,328.09,9.664,40.9
83.44,1.422,50.1,11.69,1.078,35.2
8.79,0.944,70.1,46.24,4.280,33.9
62.15,3.848,26.6,6.45,0.824,121.7
85.21,3.958,46.1,18.05,0.592,37.3
16.45,1.729,18.0,8.89,1.943,22.1
35.17,2.041,88.9,33.54,2.986,20.1
8.95,1.694,23.0,7.04,1.445,35.2
143.02,9.223,3.3,44.76,3.057,46.8
12.11,0.817,32.5,71.01,3.785,60.5
22.36,1.492,25.7,6.36,1.322,34.3
10.25,1.628,67.8,29.48,1.310,39.8
48.51,4.940,28.8,41.48,1.407,6.3
125.16,3.449,23.7,32.80,1.349,27.8
93.71,2.334,43.7,31.51,1.145,5.4
13.01,1.708,86.0,64.41,2.469,17.8
20.38,0.811,63.9,8.64,2.242,17.0
85.16,2.753,50.1,13.18,0.872,51.6
9.12,1.078,46.8,22.89,3.000,10.9
14.38,1.323,15.3,27.78,1.937,18.2
8.93,1.200,69.1,8.11,2.106,8.8
11.95,1.147,52.7,10.48,2.627,75.3
15.99,1.061,33.2,47.11,2.410,14.2
6.68,0.734,86.4,14.10,3.330,43.7
34.00,1.175,23.7,26.53,1.940,77.6
19.71,1.765,44.5,45.08,0.790,73.1
9.40,0.926,70.4,66.35,3.044,8.9
16.43,1.115,59.7,29.16,2.147,56.2
47.85,1.074,83.7,6.28,1.117,53.6
18.76,1.536,27.1,7.82,1.469,13.2
7.46,1.110,13.6,51.45,2.673,41.2
41.74,2.759,33.5,18.60,3.113,24.7
44.11,7.072,24.9,22.60,5.173,14.7
40.14,2.640,74.8,164.38,5.540,35.0
13.47,1.211,31.5,15.43,2.608,43.5
15.10,2.749,22.2,8.22,0.847,70.9
10.58,1.733,82.3,31.89,1.250,14.0
8.76,1.578,10.5,20.69,1.593,12.1
26.37,2.467,23.2,72.44,1.884,32.7
106.69,3.572,9.0,23.18,0.820,22.2
26.12,1.987,62.2,16.64,3.366,44.1
18.01,1.429,55.6,9.28,1.801,21.0
37.45,1.836,9.9,13.20,2.414,36.3
10.05,1.155,24.6,31.13,2.962,21.1
173.84,4.073,38.6,275.94,3.866,31.9
30.96,2.475,29.1,31.63,0.619,92.5
11.84,2.043,41.0,19.77,0.587,58.1
261.24,4.213,43.7,187.47,3.391,15.2
39.48,2.252,32.2,31.17,1.013,7.2
16.51,3.655,50.7,19.01,0.924,143.9
13.17,1.057,82.1,20.15,3.011,37.1
42.37,2.094,56.4,58.70,3.193,6.1
25.00,2.290,28.1,28.38,0.703,45.1
15.09,2.295,26.6,11.62,2.099,18.0
66.76,3.671,20.3,9.32,1.645,40.1
104.90,2.779,58.8,36.75,2.208,27.3
72.30,2.715,23.6,47.70,1.156,22.3
24.61,2.713,16.8,63.48,2.230,14.2
27.39,2.240,51.8,20.15,1.372,14.3
10.98,1.752,36.2,55.57,1.966,47.4
12.05,1.896,46.4,14.92,1.402,30.4
146.73,2.601,76.3,119.00,2.810,2.0
6.63,1.470,47.2,7.20,1.762,13.8
154.27,2.945,20.4,26.76,1.014,48.1
46.96,4.595,43.9,54.76,3.578,40.9
19.07,2.296,43.9,23.16,1.472,27.6
22.04,1.044,79.0,38.80,2.368,10.9
40.82,2.974,44.2,52.38,2.084,37.4
12.38,1.577,47.5,56.95,1.121,63.9
78.28,3.442,28.2,103.66,1.459,40.1
32.45,3.445,5.6,43.70,1.218,79.4
39.58,2.155,30.8,16.11,1.093,56.2
35.94,0.490,85.5,182.85,9.443,12.1
36.02,1.106,25.2,136.36,2.996,88.7
86.21,1.533,47.1,31.31,1.775,43.7
17.26,1.607,51.1,73.05,1.739,108.9
235.53,7.224,26.9,12.27,1.060,37.5
38.44,1.278,42.3,17.86,2.583,20.9
7.04,1.297,96.8,10.17,1.845,18.3
54.37,1.653,30.2,14.98,1.447,25.3
67.22,1.270,5.5,53.52,2.522,35.7
16.71,0.865,53.5,89.00,2.525,13.3
24.31,3.127,22.3,13.77,0.948,51.0
22.21,2.336,17.3,7.25,1.857,71.6
20.26,1.853,50.7,12.21,1.282,67.1
11.35,1.578,40.3,19.04,2.904,48.0
10.17,1.190,60.9,35.61,1.689,42.9
12.01,3.046,23.4,8.66,1.022,44.6
40.30,1.504,34.9,38.69,2.029,31.7
16.10,1.439,107.5,11.19,2.179,66.2
57.56,2.207,17.6,84.63,1.301,37.3
51.07,2.531,36.9,10.56,0.913,80.3
19.25,1.236,15.8,106.57,2.138,35.2
10.64,1.016,11.6,51.49,2.017,24.3
136.54,2.975,59.9,25.60,0.947,34.3
19.38,1.297,83.8,18.39,2.583,46.7
11.77,0.853,31.4,137.76,2.060,24.3
55.27,2.285,42.2,34.67,1.401,24.8
7.99,0.936,28.6,38.84,2.605,19.7
6.84,1.247,92.6,10.16,1.925,21.4
19.76,2.094,34.1,6.62,1.085,104.6
123.07,5.113,34.2,10.39,1.029,67.0
19.16,3.528,14.3,37.80,3.369,17.6
24.67,0.677,24.9,89.36,3.527,31.6
14.87,1.427,71.3,31.38,1.913,11.0
28.02,2.537,49.4,39.90,1.802,22.1
9.04,0.972,79.9,59.48,1.713,97.2
8.86,1.943,4.0,8.95,1.173,19.1
28.61,2.958,7.8,11.78,2.407,39.8
10.74,1.259,33.7,13.52,1.881,28.7
21.16,3.346,6.9,17.11,0.924,38.2
17.39,2.240,2.8,8.20,1.169,39.5
36.31,1.728,18.4,34.82,1.718,23.8
16.14,2.309,33.4,56.38,6.566,29.9
10.80,0.357,196.3,12.47,2.907,30.5
332.02,9.068,35.4,15.37,0.406,140.6
30.63,6.216,12.0,33.98,3.731,24.0
81.16,1.498,37.7,19.67,1.507,42.7
9.77,1.309,81.4,43.87,1.810,41.4
216.04,3.545,35.5,403.78,7.664,62.6
13.84,1.702,16.5,8.46,1.719,55.6
19.21,1.432,39.5,51.08,2.428,46.7
66.32,2.041,16.6,49.73,1.452,51.6
9.69,1.449,19.3,12.49,1.663,62.4
58.36,2.109,75.5,22.41,2.354,16.7
8.76,0.794,82.7,49.27,3.493,9.1
7.46,1.417,58.9,30.35,1.876,7.2
13.39,1.464,32.1,10.50,1.779,24.4
11.29,1.804,64.9,25.27,0.990,96.0
26.09,1.431,38.3,15.91,1.627,40.7
7.31,1.453,116.8,18.31,4.557,20.3
13.20,1.338,37.4,13.60,2.664,10.2
37.49,0.656,128.8,118.52,4.500,18.3
34.15,0.971,89.4,10.16,1.548,18.0
116.78,6.636,15.8,49.77,1.020,42.2
50.04,2.069,14.2,19.42,2.389,12.3
7.41,0.357,199.9,33.02,5.145,46.7
137.97,7.438,11.9,328.44,14.748,21.0
10.78,1.324,82.9,23.38,1.699,17.9
40.12,0.963,52.0,153.97,3.096,14.3
7.37,0.816,56.5,30.67,3.518,58.9
34.86,1.681,26.4,76.20,3.157,45.7
65.85,3.955,18.6,44.74,1.710,22.3
16.36,0.906,37.9,9.80,1.845,17.4
16.56,2.647,17.9,29.09,1.278,40.3
15.33,1.813,4.4,6.36,1.509,73.3
25.86,3.105,34.1,32.88,1.323,40.5
7.82,1.869,44.1,11.70,1.895,47.5
36.20,0.905,70.2,122.48,3.008,39.3
27.97,1.932,33.9,7.44,1.156,22.9
13.58,1.049,97.2,30.83,2.870,25.5
11.30,1.821,41.2,30.86,1.018,69.2
22.56,2.148,6.6,98.84,6.949,25.4
6.66,1.586,111.3,6.61,1.514,40.9
119.09,1.728,40.9,7.74,0.751,57.2
10.22,2.017,22.0,8.10,1.185,12.9
35.13,2.388,77.5,44.13,1.439,41.1
129.31,3.264,42.2,36.55,0.945,64.3
28.47,3.018,25.7,11.68,0.740,62.3
10.08,2.135,76.0,8.13,1.286,23.2
45.53,1.732,27.0,7.37,1.276,35.3
39.73,0.682,22.9,18.76,1.893,36.7
11.50,1.640,68.8,9.76,1.543,53.1
29.82,2.650,29.4,8.22,1.969,70.4
57.29,2.177,41.4,56.61,1.702,51.3
16.31,1.960,60.0,43.97,2.134,3.9
36.21,2.890,22.8,11.32,1.102,46.1
16.72,2.331,22.4,8.91,1.215,63.8
44.45,2.590,4.8,8.89,1.242,48.5
8.40,1.564,63.8,18.04,1.669,54.3
10.91,2.430,31.4,26.00,1.065,59.0
10.96,1.462,23.6,108.97,4.939,49.8
27.98,1.384,19.9,138.89,2.386,43.4
33.18,0.813,49.6,7.51,1.491,29.5
47.60,3.986,5.8,9.81,0.770,56.0
6.68,1.583,29.4,32.37,1.149,52.0
102.91,2.800,33.0,9.12,0.942,26.6
38.35,2.120,14.3,15.82,1.453,58.7
30.23,0.653,8.3,27.78,2.403,23.2
62.41,3.342,24.9,176.97,5.545,10.5
6.70,1.156,86.4,10.40,2.645,52.9
237.89,3.317,20.0,14.16,0.742,83.8
17.68,2.263,37.7,28.08,3.562,31.1
11.88,1.191,70.9,31.95,1.950,50.3
20.35,1.629,41.9,29.68,2.107,57.1
82.37,6.988,16.2,39.45,2.923,37.4
17.14,1.708,9.2,55.22,1.582,37.8
35.31,2.281,41.7,15.55,1.262,62.8
7.66,1.172,19.1,41.00,4.451,16.5
13.08,1.811,30.2,39.84,2.754,64.8
47.56,3.973,69.0,6.50,0.596,134.3
8.94,1.807,19.5,23.25,2.739,36.7
50.94,2.819,16.5,31.75,1.277,18.6
77.24,2.203,48.5,125.13,1.970,12.3
10.72,2.355,31.8,13.96,2.364,48.8
55.57,2.811,24.2,96.39,1.733,43.3
15.38,1.214,44.8,45.95,1.954,31.9
19.19,1.825,76.2,30.40,1.409,28.8
30.41,1.388,33.5,148.58,2.268,32.7
19.25,2.849,37.6,10.89,0.777,43.4
56.95,3.348,28.0,12.27,2.015,16.0
64.00,4.255,9.2,105.85,3.082,23.4
28.23,2.258,21.5,15.78,1.078,48.6
25.08,0.786,48.9,12.42,1.782,33.2
38.10,2.404,6.4,32.79,0.894,51.4
25.63,1.607,21.9,37.04,2.449,33.2
38.64,1.042,65.4,20.20,1.741,24.8
90.17,2.020,53.5,95.17,2.247,46.9
13.64,1.881,79.2,21.41,0.932,46.7
43.33,1.795,46.4,33.56,1.752,34.3
8.05,0.463,50.8,92.73,6.276,27.2
30.94,0.649,132.9,10.58,1.660,22.3
65.23,2.341,25.4,35.40,1.555,19.9
40.62,3.012,21.0,41.12,0.992,11.1
17.87,2.498,24.7,16.67,0.695,27.7
16.65,2.015,10.1,19.44,1.036,20.0
65.62,1.807,22.0,169.48,2.655,20.4
71.01,3.237,14.8,88.05,5.117,4.5
88.86,3.217,51.1,43.91,0.663,51.1
35.14,1.469,68.1,67.69,2.106,23.7
71.78,1.882,48.2,21.20,1.245,76.0
62.57,1.858,65.7,27.72,2.665,40.0
73.27,3.728,35.0,89.07,1.954,29.4
52.60,2.272,82.5,36.88,1.410,5.3
29.44,2.246,33.2,21.30,2.027,30.5
34.95,4.459,23.7,23.29,0.545,76.1
63.02,1.234,37.4,30.38,1.924,35.4
177.61,3.028,38.4,9.24,0.696,62.3
73.67,2.223,26.9,11.24,1.531,64.6
18.22,1.637,42.2,109.83,4.988,42.1
37.14,1.989,25.8,77.87,1.862,13.3
39.60,0.570,32.5,58.62,2.949,14.7
17.03,1.228,29.4,125.38,1.988,40.5
39.66,2.648,22.7,25.18,0.785,25.5
176.15,4.758,7.4,92.93,1.373,68.3
14.78,1.253,59.6,13.39,1.918,47.1
9.44,0.995,29.6,46.88,3.263,28.7
24.39,1.329,83.0,334.85,12.035,2.9
325.92,6.853,23.8,620.56,11.531,16.0
64.28,1.156,7.5,83.15,2.987,13.3
236.63,4.724,16.1,80.79,2.374,39.1
64.19,5.268,23.9,29.55,3.314,8.2
20.13,2.509,18.9,15.97,0.793,35.9
9.19,2.258,42.9,10.69,1.948,37.8
88.89,3.531,70.4,7.50,0.920,77.5
85.41,4.650,23.5,68.93,1.539,41.9
12.01,1.460,27.5,16.69,1.997,12.6
21.37,1.109,12.4,6.77,1.405,20.5
317.90,6.581,25.0,23.72,0.925,108.3
16.37,1.559,59.6,6.04,1.303,5.0
59.72,1.764,47.9,103.76,6.223,16.5
6.85,0.865,33.2,23.97,3.151,12.8
180.73,2.849,13.1,52.11,2.153,23.1
67.97,2.135,18.0,24.60,2.210,48.3
46.21,4.066,34.1,43.80,1.439,27.2
35.65,1.954,15.6,38.02,1.740,5.2
18.92,1.054,40.8,108.55,2.215,38.7
81.68,5.553,24.9,62.50,2.815,23.9
8.84,1.975,4.0,11.46,2.480,15.4
17.75,1.907,38.4,11.59,1.754,66.0
19.52,1.266,14.8,41.82,2.380,17.3
47.38,2.369,38.2,16.80,1.004,86.9
26.52,1.362,21.3,23.07,2.031,43.2
50.06,2.179,20.4,11.28,0.973,55.1
6.55,0.688,87.4,14.69,3.825,40.2
13.64,2.267,24.8,6.86,1.098,21.9
49.44,1.641,66.1,40.85,1.961,30.5
7.09,1.334,16.3,9.17,2.008,55.2
237.98,3.538,32.9,14.95,0.756,38.0
22.30,1.907,64.3,23.17,1.220,18.3
40.28,2.613,18.3,30.29,1.480,39.4
13.64,1.504,26.4,21.37,2.585,12.7
135.64,3.332,41.5,16.56,0.681,95.7
19.25,3.273,24.1,8.12,1.233,33.9
17.09,1.764,27.2,15.64,1.631,105.2
41.97,2.897,31.6,18.55,0.934,42.2
19.43,1.195,60.2,124.64,2.122,60.4
22.51,2.114,53.1,87.04,2.132,60.2
24.72,1.163,43.1,11.98,2.368,4.4
9.53,1.663,24.4,11.75,1.384,23.1
7.79,1.300,28.5,14.63,1.820,58.2
9.89,1.905,8.8,16.48,2.142,51.0
40.45,1.807,39.1,43.83,1.863,15.8
9.67,0.945,76.9,29.19,2.659,13.5
126.18,3.909,14.1,33.29,1.678,27.6
20.26,2.268,64.4,13.21,3.202,14.5
23.75,1.015,71.5,23.82,2.128,59.8
11.75,1.252,54.8,21.06,2.094,12.5
12.69,2.819,30.2,6.40,0.929,63.4
56.71,2.182,51.6,20.92,1.569,15.3
64.82,2.597,21.2,40.33,0.828,46.5
130.78,4.645,26.1,171.98,2.588,26.6
11.88,0.793,79.4,46.24,3.288,38.3
8.16,1.041,24.0,45.59,3.311,17.0
59.21,0.941,35.4,43.54,2.089,38.9
14.73,0.996,42.7,24.25,2.447,12.1
9.61,1.149,99.5,8.75,1.918,19.1
29.51,3.458,19.9,51.97,5.350,26.3
70.46,0.969,141.5,79.91,2.747,15.1
61.54,2.679,13.8,6.49,0.733,64.5
17.93,3.417,6.3,8.30,0.548,97.2
39.76,1.157,33.1,59.18,2.215,20.6
10.06,1.631,43.6,23.33,1.344,25.1
16.50,1.216,120.0,174.59,2.968,29.6
52.87,1.645,20.2,7.65,1.392,48.1
203.89,3.009,24.4,22.04,1.073,57.2
73.39,2.092,48.1,12.69,0.959,44.1
133.24,3.525,34.0,8.83,0.961,31.4
190.21,3.277,39.0,37.80,1.136,34.9
38.92,2.542,29.2,18.34,1.259,10.5
72.18,4.362,36.3,10.98,1.476,25.6
260.66,6.733,2.4,119.71,2.802,28.2
19.92,3.332,28.1,59.93,5.667,32.5
14.97,2.069,23.9,30.29,3.291,29.5
71.71,3.592,31.6,11.90,1.842,44.8
67.40,4.112,13.5,12.51,1.782,7.0
20.69,0.451,77.5,10.67,2.089,39.0
29.70,2.857,9.8,10.34,1.447,53.9
17.88,0.733,52.6,55.79,3.953,33.2
68.65,2.095,63.9,16.49,1.630,40.4
22.51,2.187,66.9,51.72,1.702,55.2
19.31,2.580,61.4,19.27,0.691,69.5
18.60,2.041,47.3,12.68,3.323,6.9
11.57,0.706,34.8,11.06,2.500,20.2
19.17,2.660,33.4,7.87,0.897,80.9
17.58,2.867,17.4,6.34,0.821,12.0
33.48,1.959,23.7,77.91,1.573,76.5
11.78,1.176,100.5,17.74,2.172,73.8
26.76,1.749,26.0,16.19,1.700,19.4
9.09,0.970,40.9,11.48,2.268,17.9
23.13,1.681,24.0,13.66,1.940,38.8
121.87,2.886,30.3,60.13,2.626,57.5
14.34,2.254,17.6,6.40,1.384,11.8
96.28,2.066,32.4,43.51,1.832,34.9
33.17,3.140,3.0,21.83,3.878,36.1
8.48,1.574,26.8,17.98,1.152,19.9
21.51,0.945,56.6,12.22,2.086,42.4
62.78,2.308,48.6,17.83,1.005,42.4
25.78,2.065,5.6,9.34,2.276,61.7
71.75,2.769,26.5,14.82,0.838,77.9
26.35,2.312,50.3,80.09,1.848,36.7
6.96,1.084,29.6,10.68,2.162,3.2
33.12,4.321,24.6,24.83,1.966,32.9
56.37,3.943,35.6,271.59,19.738,27.2
23.59,2.537,28.0,7.56,0.945,40.5
80.14,2.803,21.2,127.06,2.320,15.9
50.88,1.679,41.7,123.52,4.750,27.0
14.31,1.234,36.0,9.04,1.733,7.0
14.42,0.662,87.9,45.52,3.500,13.9
21.14,1.824,14.5,31.07,1.933,32.3
7.09,0.941,89.6,21.70,3.971,33.8
16.31,2.129,34.5,12.52,1.103,26.2
31.04,1.834,29.0,22.56,2.929,42.6
167.28,3.841,31.4,155.62,2.128,33.6
72.85,2.188,50.8,72.09,1.596,52.5
31.31,1.983,82.6,11.80,1.384,34.4
30.54,1.855,51.5,46.83,1.080,96.8
209.18,3.536,32.1,55.37,2.027,16.6
52.85,2.380,71.7,26.71,0.994,40.5
51.70,1.285,23.0,19.73,2.149,34.2
197.21,5.471,11.2,265.74,3.792,40.0
19.02,3.367,35.1,8.45,0.815,10.2
15.36,2.270,68.9,13.40,1.936,5.0
24.40,0.974,50.7,31.86,2.827,18.1
439.90,18.232,9.9,80.56,3.838,12.3
31.68,4.004,24.4,18.51,2.572,14.1
51.18,2.874,51.0,58.57,0.966,50.9
36.81,3.832,21.5,17.80,2.314,46.7
29.70,3.953,32.6,34.33,1.687,43.6
15.24,2.119,28.9,58.19,2.089,22.7
104.94,3.995,12.8,166.87,2.500,29.2
16.05,1.735,71.6,19.16,1.798,7.2
14.01,2.026,73.8,7.31,1.292,24.8
30.26,3.834,13.3,10.70,0.494,55.5
68.93,3.869,29.9,9.34,0.622,16.6
20.86,1.171,78.9,16.75,1.827,61.8
13.27,3.142,20.6,10.70,0.447,37.7
29.12,3.021,32.6,17.06,0.995,16.3
8.61,1.612,5.5,6.15,1.519,5.7
11.67,1.096,34.0,33.60,2.188,8.1
16.35,0.674,20.4,152.65,3.114,36.8
27.73,2.272,52.0,20.78,3.798,18.1
97.08,2.477,52.7,77.01,1.671,52.2
28.91,2.952,23.4,7.64,1.249,20.6
20.51,1.807,82.9,67.39,2.270,15.3
19.83,1.070,65.6,183.19,2.877,67.5
22.65,2.373,54.0,8.47,1.020,60.6
20.62,1.617,36.0,22.88,1.809,56.7
7.08,0.771,10.9,71.47,2.103,23.9
8.52,1.104,35.4,43.32,1.482,56.6
35.93,2.369,56.1,19.70,1.004,16.1
56.67,2.168,16.9,18.90,1.110,71.5
62.02,1.148,30.1,63.22,2.440,32.1
47.97,1.716,28.4,12.18,1.230,84.1
18.74,1.928,22.3,7.53,1.312,20.5
12.46,1.207,52.1,113.40,1.844,89.0
19.93,1.112,45.9,10.22,1.752,18.7
10.54,0.938,31.7,74.87,1.794,25.1
12.63,2.301,38.5,9.33,1.886,13.3
12.79,1.144,20.3,55.17,2.436,36.1
27.51,2.343,61.5,21.85,1.597,20.2
11.29,1.205,26.0,25.17,4.407,26.6
6.67,0.489,80.7,192.62,3.719,38.2
9.51,0.710,80.7,103.06,2.427,55.8
68.64,2.120,58.7,104.32,1.677,14.0
7.19,0.423,113.4,83.35,5.886,1.4
28.14,2.898,43.4,15.61,0.745,59.3
14.80,1.198,55.1,73.20,1.789,41.1
12.40,0.838,29.2,82.58,2.399,55.1
7.37,0.727,106.9,27.98,3.263,41.5
34.05,3.638,9.5,14.21,1.054,68.1
133.24,3.964,19.7,33.98,2.519,19.7
12.42,1.100,70.9,42.85,2.148,23.1
14.70,0.958,40.0,174.23,2.577,22.9
28.45,2.895,12.3,9.72,0.841,82.6
39.05,2.163,12.9,84.85,3.097,22.4
8.51,2.133,31.9,12.62,2.649,22.2
63.04,2.528,36.0,68.54,1.007,12.3
17.96,1.549,33.5,40.24,1.342,39.6
9.07,1.441,27.1,29.00,1.207,23.7
21.93,0.807,67.0,6.00,1.511,37.7
9.64,0.992,23.5,8.23,2.128,25.8
51.41,0.721,55.8,32.05,2.585,1.6
15.22,2.704,58.6,6.08,1.615,18.0
6.07,1.532,21.3,18.11,0.747,51.4
11.18,2.318,5.3,8.59,1.150,79.8
93.98,1.762,22.7,82.69,2.489,41.4
16.74,2.897,55.4,15.82,0.891,29.3
86.41,2.731,20.1,47.37,1.753,39.1
6.00,0.599,108.5,118.47,2.996,11.6
28.14,1.936,24.1,34.41,1.445,26.2
28.41,1.771,18.2,19.04,1.732,17.0
14.57,1.299,23.2,23.76,2.054,47.8
21.46,0.743,136.6,32.02,2.684,54.8
9.65,1.530,45.6,27.90,1.474,59.7
47.50,3.012,34.8,6.94,1.191,110.0
93.66,2.638,63.0,16.03,0.905,45.7
101.49,2.900,73.5,50.31,1.068,62.0
24.30,1.058,63.5,13.18,1.720,25.9
9.28,1.422,21.2,17.37,1.860,50.7
8.68,1.139,62.1,31.46,3.455,16.3
63.59,1.512,92.5,89.13,3.719,15.2
9.00,1.603,49.4,47.46,4.959,24.8
11.43,1.485,63.7,20.97,1.502,54.9
48.52,1.182,46.2,15.63,1.449,3.3
131.45,2.681,58.1,17.34,1.033,61.7
13.98,0.909,13.5,111.42,2.834,3.5
8.66,1.544,27.9,9.47,2.140,25.1
66.21,2.802,28.1,14.37,1.109,50.6
88.33,5.490,27.6,22.01,1.042,37.5
19.67,1.776,21.7,16.07,1.349,46.7
26.55,1.947,61.8,23.95,1.444,40.8
7.34,0.912,86.3,13.80,2.525,54.7
36.62,1.792,11.3,104.07,3.025,48.9
25.80,0.489,92.0,9.68,1.999,38.2
149.10,2.954,46.2,34.88,1.733,48.8
59.19,4.430,8.5,56.51,2.440,23.5
43.67,2.495,38.3,139.86,8.166,28.1
11.42,0.986,12.3,16.84,3.158,8.0
8.99,1.008,121.3,48.33,11.531,8.5
75.67,2.096,67.5,28.26,1.776,52.1
41.77,2.925,64.6,29.28,0.860,31.1
27.04,2.939,62.2,21.98,0.813,17.9
78.68,2.832,17.0,16.97,1.128,11.6
57.03,2.886,16.3,44.58,1.859,16.9
64.03,1.613,44.9,54.67,1.949,42.7
73.26,1.607,44.3,6.80,0.954,13.1
6.05,1.422,21.9,23.41,2.620,21.3
50.75,2.979,6.7,14.22,0.954,89.3
10.76,1.694,19.4,7.35,1.920,41.6
10.41,1.170,113.1,39.05,3.475,2.0
7.97,1.046,55.5,36.63,2.867,39.8
19.97,1.728,22.2,83.83,4.187,23.2
40.71,0.941,80.1,68.79,2.431,51.3
130.74,4.913,23.8,35.11,1.805,17.5
59.27,5.184,17.6,28.66,1.674,49.6
47.10,1.179,40.3,22.01,2.632,18.7
56.01,2.363,13.4,227.82,4.985,6.0
20.55,0.711,77.0,62.94,3.508,18.4
33.34,0.537,148.0,50.92,3.904,26.0
7.19,0.854,83.0,47.59,2.978,35.7
48.21,1.728,49.8,9.35,1.072,38.0
43.65,2.589,50.9,28.57,0.824,38.5
9.69,1.238,87.7,66.20,1.622,51.0
14.62,2.068,14.6,11.29,1.122,17.3
41.90,3.213,44.5,15.33,0.994,20.8
6.53,0.599,65.0,103.73,2.727,52.8
23.61,1.653,15.4,22.69,1.746,59.9
8.66,1.409,47.9,23.77,1.426,40.1
35.07,1.258,33.3,25.54,3.241,33.5
33.40,3.260,15.4,26.49,4.442,15.7
43.15,1.970,94.2,34.54,1.823,50.5
117.44,4.459,30.1,118.70,2.255,27.1
11.33,1.667,10.8,19.65,1.444,28.0
16.56,1.814,18.9,8.29,1.825,17.8
72.85,3.372,52.2,66.85,1.693,63.6
32.14,1.655,43.2,9.23,1.592,61.2
33.83,2.368,61.5,88.31,4.573,40.1
118.08,2.953,30.1,56.35,1.597,33.2
54.02,3.318,25.3,14.90,1.295,23.9
42.13,0.895,104.2,64.64,2.457,31.5
9.44,0.689,78.2,46.89,4.191,4.3
49.51,1.110,11.2,81.55,5.789,6.9
85.74,2.622,11.3,103.21,1.737,38.3
33.95,1.974,80.8,51.75,0.930,55.7
16.63,0.897,30.6,89.52,2.476,36.0
12.10,1.324,85.0,16.89,2.196,7.9
62.82,2.709,42.4,89.62,1.292,57.9
15.30,1.374,28.2,28.67,1.732,37.1
9.37,2.143,28.8,17.68,2.080,54.1
14.49,2.001,29.7,11.73,1.215,27.6
125.83,1.886,6.9,10.10,1.018,27.3
69.65,2.577,14.2,35.92,1.290,48.9
128.63,3.689,26.7,108.58,2.453,44.0
9.53,1.009,58.1,33.72,2.292,50.8
25.34,0.462,51.5,17.40,2.363,24.7
9.09,1.195,34.4,11.43,2.065,14.7
11.36,1.269,105.4,108.97,4.631,28.5
68.47,4.070,29.3,18.66,1.457,44.6
97.88,2.721,6.0,98.89,1.409,37.8
24.45,1.691,10.3,8.49,1.588,81.9
16.86,1.094,23.5,33.12,2.257,25.6
134.71,3.862,36.8,33.72,0.779,25.3
78.95,3.096,45.8,40.71,0.671,69.0
9.88,2.252,60.2,36.95,3.089,17.6
34.95,2.489,16.8,16.43,3.116,28.8
24.99,3.155,31.7,8.23,0.928,18.7
14.58,1.515,41.4,10.13,2.431,22.3
20.77,0.766,81.7,24.24,2.458,47.1
11.88,1.204,45.6,40.08,2.112,30.7
64.97,1.779,69.2,31.23,2.047,15.6
42.73,0.580,64.4,14.46,1.675,25.6
34.25,2.403,16.4,47.15,3.807,15.3
7.12,1.003,24.2,12.01,2.426,14.2
61.95,5.101,51.4,16.08,0.610,96.1
105.32,4.772,42.9,11.40,1.013,50.7
33.12,0.831,51.3,119.88,2.922,5.1
70.28,2.303,8.8,59.79,3.172,34.6
13.82,1.737,95.5,10.17,1.697,29.1
179.57,3.608,30.5,676.10,13.444,31.3
14.87,3.870,38.5,12.60,0.726,46.5
10.31,1.239,22.1,46.01,1.305,28.1
66.33,1.826,10.5,32.67,1.933,30.2
65.39,2.549,14.0,39.08,1.382,47.7
38.32,1.828,30.1,100.10,1.656,62.0
9.46,1.381,17.9,30.84,1.788,60.1
19.06,2.053,60.1,21.29,1.324,12.6
16.40,2.113,24.4,75.07,4.561,21.0
13.49,2.577,11.7,20.10,3.256,55.2
56.81,1.503,69.9,17.82,1.622,33.4
21.05,0.656,83.3,54.72,3.399,20.7
9.16,1.398,43.6,20.77,2.053,45.1
12.31,1.500,19.6,12.09,2.243,37.6
11.46,0.746,49.6,29.88,3.045,30.1
58.00,1.875,29.2,9.67,1.243,34.0
18.44,1.882,5.7,33.10,1.456,76.9
81.37,1.456,71.9,20.59,1.528,16.9
32.89,1.465,35.7,52.98,1.917,4.8
74.37,1.271,42.2,24.50,1.698,20.9
26.01,0.808,103.4,32.12,2.743,39.2
57.32,4.910,11.5,11.10,2.096,8.3
64.60,4.652,31.6,15.47,0.433,135.1
192.36,3.007,3.9,291.41,7.438,45.3
22.57,2.387,6.1,30.06,0.457,87.3
7.29,1.344,40.6,11.60,2.198,37.4
6.41,1.430,42.6,22.45,0.768,109.8
6.14,1.289,52.0,19.21,1.662,37.1
25.71,1.975,10.4,33.71,2.672,40.8
71.75,1.206,32.8,46.24,2.242,49.7
12.93,3.007,42.0,12.27,0.664,32.2
20.90,1.055,51.6,7.49,1.911,30.8
8.02,1.194,53.3,73.89,1.809,71.5
6.75,1.222,32.3,10.00,2.357,53.4
35.74,2.433,21.9,9.81,1.708,40.2
8.13,1.608,44.0,12.19,2.149,10.4
6.59,1.525,25.1,14.07,1.266,29.7
6.04,1.312,28.5,28.75,0.790,39.9
16.48,2.907,8.0,22.24,0.446,17.9
20.25,2.179,47.3,9.23,1.158,43.6
41.67,1.686,75.2,23.78,1.645,32.3
28.11,1.999,67.1,33.54,0.989,137.2
35.96,2.230,22.8,34.00,0.983,29.4
18.86,1.099,78.2,65.96,3.254,51.8
90.13,4.752,18.2,10.03,0.702,89.7
20.46,1.528,65.5,67.12,2.199,35.8
12.34,0.872,36.3,24.27,2.919,40.2
9.76,2.342,56.2,10.11,1.565,39.2
10.29,1.492,8.0,6.93,1.548,81.3
7.26,1.563,37.4,36.32,1.185,12.3
22.43,3.898,34.2,12.14,0.349,81.7
12.69,1.865,34.2,14.86,1.157,4.0
32.74,2.630,18.6,60.76,1.050,47.2
10.28,1.409,67.4,48.62,0.809,46.3
6.07,1.063,67.4,64.30,1.431,26.1
28.59,1.375,104.6,63.11,2.034,44.1
26.98,1.854,60.4,13.25,1.373,44.2
48.72,0.714,42.5,10.29,1.464,60.2
33.28,1.828,80.5,15.74,1.415,51.1
8.82,0.951,70.1,18.10,3.852,33.2
218.05,4.068,25.5,9.21,0.458,91.4
10.69,0.779,95.3,117.45,2.323,55.4
84.13,2.848,5.7,11.05,1.024,66.4
64.81,2.515,10.2,19.19,1.039,68.6
108.49,9.661,12.0,53.64,6.435,12.3
21.50,0.639,77.7,115.06,4.715,36.8
66.53,3.207,12.6,28.08,3.310,26.1
24.83,1.829,32.1,55.33,1.141,75.8
69.99,3.608,17.4,19.73,1.227,20.7
16.35,3.318,15.3,13.37,2.586,38.3
100.74,2.325,60.2,49.22,1.480,29.2
24.62,2.184,9.2,41.56,0.883,101.0
32.82,3.083,24.1,9.71,0.770,61.3
19.76,0.379,144.5,8.87,1.899,32.2
71.07,3.604,26.7,14.80,1.828,60.5
9.98,2.268,28.2,16.32,1.696,61.6
38.78,2.526,39.5,39.88,4.869,26.1
7.91,1.933,37.3,12.39,2.597,44.8
33.87,1.231,32.2,192.02,3.361,45.7
21.41,0.740,12.0,79.73,3.929,19.7
7.92,1.792,47.7,27.41,0.566,26.0
221.72,5.023,26.4,85.04,1.556,14.7
6.90,0.674,22.5,56.69,4.092,17.3
56.90,1.630,23.6,43.89,2.564,42.9
17.63,0.959,81.1,6.47,1.536,67.7
74.94,2.329,78.3,28.47,1.996,30.1
19.57,1.731,13.9,20.99,2.424,56.8
6.77,1.045,63.1,81.54,1.997,21.2
20.07,3.033,29.4,14.17,1.273,77.1
32.94,2.665,60.2,21.90,1.056,49.5
244.97,3.589,9.7,84.75,2.937,17.2
7.24,1.185,49.8,10.39,2.132,24.8
171.22,10.311,7.6,96.47,4.274,31.7
12.68,2.497,29.0,10.17,1.249,59.5
23.65,0.820,113.6,8.28,1.802,62.0
7.68,1.161,50.0,9.27,2.235,52.3
34.08,0.893,49.6,37.04,2.370,37.7
47.93,1.846,14.2,143.00,3.258,25.7
15.29,1.957,46.6,16.87,1.116,50.2
22.15,3.275,23.6,22.09,0.845,86.7
10.80,1.793,60.7,22.90,1.653,24.5
26.09,1.571,27.9,67.47,1.542,9.5
22.09,1.088,60.8,15.07,2.587,5.1
13.03,1.119,72.0,7.31,1.725,38.5
13.30,2.235,24.2,8.98,1.036,33.4
35.73,1.375,45.9,70.76,3.365,11.8
8.39,1.081,47.6,36.99,1.933,28.3
16.20,2.417,21.7,46.59,1.762,21.0
21.30,1.960,40.6,68.90,0.945,26.9
29.11,3.421,29.9,32.16,0.692,106.2
36.64,3.265,30.1,21.51,0.494,37.1
9.45,1.879,47.7,13.51,1.489,42.1
215.69,5.702,21.8,20.41,0.623,102.3
13.52,2.186,78.3,7.89,1.123,63.7
18.72,1.846,21.7,9.82,1.270,45.1
33.67,6.222,28.1,22.06,1.716,57.2
83.83,1.366,28.1,67.82,2.460,20.1
8.04,1.100,76.0,14.23,2.499,26.7
10.54,1.084,48.5,57.02,1.932,24.5
9.77,1.324,90.7,18.91,2.046,18.4
9.18,1.047,40.7,28.87,2.192,29.8
45.11,1.629,25.8,26.85,1.804,34.9
14.71,0.973,46.5,19.02,2.347,87.8
19.68,0.879,41.2,17.41,2.242,41.8
25.68,1.894,22.2,13.77,1.281,69.9
29.31,1.615,22.1,55.10,3.379,15.5
33.47,2.384,12.5,66.89,1.577,34.8
123.63,4.354,12.1,16.62,1.545,49.3
44.75,2.353,43.2,20.14,2.304,19.8
10.93,1.544,35.1,7.81,1.554,30.6
15.20,0.651,86.0,20.58,3.103,20.9
11.98,1.075,55.7,49.61,2.363,28.7
43.27,2.923,52.9,31.98,1.070,80.2
33.92,1.090,67.3,56.76,2.370,30.4
141.35,4.676,15.4,44.40,1.732,56.0
16.32,1.665,53.5,41.95,0.999,75.3
32.39,3.953,8.3,9.25,0.524,200.9
7.35,0.876,52.0,34.51,3.780,32.7
122.61,2.677,53.2,61.12,1.458,30.7
10.45,0.701,51.0,119.71,2.674,15.7
16.26,1.454,54.7,33.89,1.763,43.6
9.15,1.361,36.5,57.69,2.948,37.1
15.13,0.785,106.5,322.98,4.536,61.1
8.76,1.036,47.0,38.11,2.716,52.0
17.88,2.148,40.5,13.35,2.305,34.1
25.67,1.983,54.0,56.35,1.666,76.4
7.43,1.172,34.0,19.86,2.579,25.3
185.63,22.584,11.3,44.83,6.388,40.3
152.48,2.836,33.5,15.99,1.104,71.2
22.03,4.940,31.4,6.88,1.559,24.3
33.75,2.102,63.7,14.62,2.909,13.0
20.64,1.973,45.8,9.96,1.673,18.4
22.12,1.383,41.1,19.22,1.996,24.2
124.29,3.256,36.7,34.88,0.920,91.6
6.14,0.685,95.9,35.03,5.782,26.1
68.81,2.321,28.6,19.13,1.334,43.4
6.66,0.600,39.8,161.87,3.152,37.9
43.54,3.019,36.4,14.65,1.569,42.9
11.13,1.526,24.1,10.70,1.645,38.5
61.83,2.910,40.3,7.43,0.893,38.5
98.63,1.558,11.9,19.40,1.258,72.9
86.77,3.051,14.1,48.42,0.949,54.1
6.53,1.678,45.5,22.00,1.649,51.2
121.39,2.856,35.0,23.19,0.813,56.7
16.65,2.029,50.1,16.71,1.058,69.7
25.38,1.224,33.4,110.04,3.320,36.5
21.38,1.369,34.8,21.37,3.965,60.6
12.36,1.298,28.4,38.75,2.396,57.0
6.45,1.160,90.6,19.96,1.884,9.5
7.03,1.007,34.2,59.36,3.476,44.2
14.85,1.077,80.5,20.67,2.222,37.5
123.43,3.224,19.4,26.45,1.104,64.3
31.78,0.748,81.7,6.49,1.391,11.0
10.38,1.343,23.3,14.62,2.379,95.2
204.99,3.658,40.8,9.81,0.768,51.6
45.49,1.875,10.6,32.18,1.756,14.6
29.72,4.893,43.8,19.23,2.524,46.7
11.74,2.580,46.1,8.99,1.453,26.7
93.09,3.812,28.0,80.22,3.590,45.8
9.59,1.941,6.7,14.29,1.857,13.7
319.21,5.208,2.7,96.85,1.503,18.5
96.79,3.568,30.8,9.32,0.939,51.6
9.03,1.985,8.9,7.99,1.177,55.9
6.23,0.549,78.7,191.27,3.759,15.8
83.54,2.243,53.5,12.31,1.258,33.2
46.30,1.555,29.8,15.68,1.364,49.3
11.47,0.599,83.6,94.74,4.218,12.9
22.41,2.937,40.9,36.08,2.008,6.8
147.22,3.810,39.8,30.92,0.671,84.3
41.50,3.192,28.2,15.54,3.061,36.5
21.78,2.543,16.9,86.65,4.362,17.0
74.44,2.200,18.3,9.74,0.860,21.2
264.10,3.718,46.3,115.61,2.889,19.4
71.94,3.860,14.0,12.53,1.202,17.0
25.24,4.078,22.2,10.90,2.082,24.6
83.48,2.509,8.1,223.22,6.967,30.2
9.84,1.839,30.6,30.75,2.678,23.3
26.88,1.429,37.5,31.15,1.788,38.2
33.38,2.067,13.6,84.28,1.686,33.5
138.31,1.875,38.0,94.35,2.703,60.1
24.29,2.241,28.8,25.05,3.389,9.6
36.01,1.724,13.7,117.54,1.636,56.8
48.49,0.991,68.9,65.55,2.482,17.2
13.01,0.855,8.4,41.39,3.807,77.4
31.85,1.877,22.4,11.36,1.428,33.4
21.58,0.976,18.2,20.96,2.117,89.0
45.98,2.469,29.9,24.32,2.294,5.4
82.15,2.769,28.3,48.20,0.898,23.8
108.03,2.799,42.4,85.37,1.454,56.8
17.30,2.066,46.6,39.74,1.726,34.0
32.70,1.724,36.9,10.74,1.553,54.8
44.31,3.475,30.7,11.05,1.242,79.4
22.16,1.543,19.9,16.03,1.634,55.8
34.08,2.021,9.2,28.76,2.837,39.5
22.54,0.553,27.3,38.33,3.435,24.0
15.90,1.456,18.0,13.62,1.653,20.4
10.99,2.323,34.8,15.87,1.912,13.3
10.16,1.074,97.6,41.32,1.973,7.7
9.94,1.855,81.6,24.49,0.612,38.2
39.76,4.298,38.7,6.67,0.734,95.7
29.01,3.081,34.4,18.44,0.503,70.0
32.76,1.947,39.1,52.75,2.371,60.4
32.22,0.915,77.6,18.79,1.886,13.6
45.20,0.799,37.7,15.05,1.791,69.2
179.81,3.041,18.2,34.26,1.626,32.3
35.33,1.051,90.2,113.37,2.627,4.9
67.98,2.880,32.9,299.33,6.450,26.4
28.92,0.575,57.0,108.41,3.820,12.8
20.48,0.963,10.4,147.82,3.192,22.7
11.20,1.085,67.7,9.71,2.336,40.7
28.81,0.759,66.7,9.49,1.523,86.3
82.00,1.462,48.7,6.11,0.941,44.3
73.03,2.771,24.4,25.27,1.031,91.0
7.75,1.119,46.2,29.12,2.487,20.5
21.22,1.413,26.7,31.15,2.094,40.8
15.30,0.877,119.0,109.32,3.029,40.0
22.29,2.656,44.8,9.12,1.161,52.8
39.51,4.505,19.5,9.27,0.687,73.5
55.38,1.056,64.9,74.14,3.565,20.0
49.01,1.840,55.3,16.97,1.230,2.4
9.89,1.836,48.5,8.82,1.757,16.6
48.01,1.571,32.1,112.43,2.269,12.4
90.33,11.998,31.2,22.38,4.486,23.3
15.25,2.463,23.7,19.50,0.349,117.7
38.38,2.304,30.2,34.94,0.913,97.8
12.35,1.198,80.2,25.85,2.191,69.2
63.16,1.240,47.5,57.97,2.827,31.0
29.60,2.849,29.4,53.48,1.779,28.4
17.68,2.592,27.0,32.85,2.560,25.1
16.37,1.849,43.6,20.08,1.256,59.9
53.09,1.519,24.6,58.60,2.809,20.3
125.42,2.565,22.3,27.28,1.981,41.9
28.79,2.892,30.8,13.99,0.747,139.9
10.30,0.460,43.9,15.67,3.102,65.8
28.32,1.321,39.0,18.13,1.772,35.1
17.89,1.164,38.2,13.51,1.805,43.2
27.03,1.528,69.4,45.15,1.683,39.2
31.20,0.534,67.4,49.60,3.679,18.9
54.63,2.924,61.2,12.39,1.052,80.2
39.25,2.348,22.7,44.70,3.045,24.9
140.45,4.885,6.5,29.68,0.876,11.4
45.82,1.218,71.6,20.38,2.026,60.9
22.11,2.292,69.4,17.41,3.565,38.4
10.38,0.436,161.3,17.33,4.134,28.6
10.21,1.189,42.5,28.11,1.990,44.3
56.07,2.078,18.2,85.39,1.862,34.5
8.62,1.980,9.7,22.53,1.640,47.9
20.58,0.500,6.6,52.50,3.678,22.7
32.87,1.970,85.9,35.61,1.821,10.8
6.78,0.575,74.6,74.13,4.015,32.4
24.27,2.116,29.4,8.03,1.454,98.3
112.88,3.673,36.3,67.39,1.356,77.4
38.89,4.038,56.2,10.27,1.868,23.7
19.55,3.542,32.9,18.68,1.994,56.9
34.37,3.224,5.2,7.60,0.760,96.6
12.57,1.520,44.6,23.13,1.754,42.9
14.58,2.095,64.7,7.25,1.259,40.7
15.77,1.434,31.3,58.80,1.119,53.5
20.71,2.044,37.0,16.38,1.406,56.0
20.48,0.971,74.0,214.54,3.529,27.6
65.81,2.643,34.9,35.14,1.736,18.9
23.94,1.240,59.5,24.81,2.377,26.9
44.69,2.830,13.9,44.68,0.958,83.2
77.27,1.356,63.1,212.56,4.329,17.7
78.59,2.662,31.7,30.22,1.102,106.8
31.87,1.919,58.7,9.11,1.897,16.6
19.16,3.575,50.3,18.47,0.541,99.8
16.31,1.252,35.2,174.29,3.375,27.7
19.22,3.344,28.0,50.20,3.805,15.0
24.37,1.055,50.3,12.86,2.466,22.2
12.94,2.538,47.6,15.62,0.655,69.8
28.04,2.389,36.8,62.75,0.904,42.8
60.22,2.143,23.8,9.96,1.356,60.6
27.28,0.601,97.3,6.65,1.454,47.3
81.57,2.119,56.4,23.72,1.462,68.6
8.27,0.482,92.7,170.04,4.687,44.0
175.10,3.341,38.8,32.03,0.974,48.6
20.63,1.687,51.4,63.00,0.890,96.9
24.42,1.448,37.8,26.45,2.155,35.1
91.79,3.272,8.0,162.68,2.484,32.7
10.86,1.748,33.1,16.90,1.434,35.9
32.37,2.311,11.9,24.87,0.936,14.9
50.47,2.280,11.0,12.43,0.989,14.4
10.18,1.028,36.0,20.41,3.017,27.9
30.58,0.592,113.1,10.41,1.625,48.1
148.10,2.334,31.8,6.77,0.708,106.8
17.66,1.158,18.2,31.09,3.811,11.9
12.90,1.400,89.1,7.67,1.577,29.0
23.62,2.322,57.2,20.04,0.876,62.0
17.71,0.788,69.5,144.24,3.027,27.6
17.04,1.836,42.6,10.57,1.312,38.1
53.83,1.266,49.6,8.13,1.214,81.3
16.30,2.183,65.5,72.88,3.734,26.6
30.01,3.929,22.6,31.59,2.155,11.3
22.56,1.957,17.6,48.51,1.710,50.5
20.89,1.066,8.7,40.91,2.552,37.3
10.17,1.708,71.6,21.36,2.311,51.6
12.23,1.145,23.5,20.04,2.107,28.9
171.32,2.712,24.8,76.57,2.005,19.6
17.88,0.775,67.1,49.86,3.417,19.8
118.72,3.293,19.1,107.61,2.427,34.1
12.25,0.880,31.4,48.92,2.972,26.6
8.17,0.953,62.7,18.59,2.617,69.4
19.45,1.082,76.1,51.73,2.168,8.0
26.33,1.167,97.1,41.92,2.849,39.7
6.89,0.813,42.5,11.52,2.632,33.7
24.57,1.877,45.8,9.68,2.339,50.1
7.57,0.966,73.5,13.68,2.533,31.4
16.95,0.764,91.4,167.29,2.996,5.4
31.22,2.474,53.6,11.82,1.167,73.2
10.10,0.477,63.0,18.23,3.624,12.1
105.08,2.386,18.8,50.93,1.790,35.2
55.05,1.711,9.4,35.27,2.269,48.5
13.67,2.036,31.5,18.59,1.094,50.8
24.28,0.822,18.2,90.16,2.904,22.5
47.42,0.941,29.9,36.44,2.034,32.0
74.82,4.193,37.1,14.53,2.157,50.7
6.50,1.596,50.0,12.48,1.359,21.9
20.22,2.422,17.5,18.72,0.815,61.3
12.94,1.114,28.3,80.69,1.804,48.2
38.12,2.307,48.4,296.13,9.380,33.8
18.83,3.218,23.1,9.28,1.046,113.5
54.30,1.779,63.3,13.11,1.336,70.6
20.94,1.547,68.4,8.15,1.380,58.2
8.42,1.381,41.9,22.37,1.447,52.1
10.69,1.778,42.2,38.58,2.185,23.4
13.89,1.082,57.7,35.02,2.486,41.3
20.74,1.502,18.5,11.93,2.295,19.1
93.38,2.632,16.3,45.43,0.948,58.7
27.18,0.377,85.1,8.02,1.576,56.2
11.96,2.095,41.7,7.58,1.133,60.6
10.18,1.509,42.7,32.95,1.720,7.5
74.29,3.171,41.7,26.57,0.809,53.7
238.87,5.012,18.5,26.28,1.112,69.4
11.55,1.749,68.3,10.72,2.810,1.3
8.14,1.666,39.1,6.69,1.567,55.5
36.44,2.737,21.2,15.37,1.850,40.9
20.48,2.577,50.1,27.41,3.697,19.6
22.62,2.157,28.3,6.07,1.122,68.0
26.64,1.055,64.6,80.08,2.557,29.0
38.24,2.274,6.6,25.69,1.724,32.4
25.29,3.879,29.0,28.70,1.925,65.1
577.22,9.788,4.8,722.55,10.914,10.9
24.04,1.216,53.8,47.13,3.244,10.1
104.56,2.651,23.1,14.95,1.499,36.7
79.49,3.844,42.8,82.55,2.860,33.1
14.53,0.456,129.9,51.23,4.317,14.6
30.35,2.697,38.8,17.75,0.955,21.5
28.54,1.815,20.7,47.83,3.911,28.3
31.61,1.144,18.8,43.41,2.167,42.3
143.49,10.370,10.8,118.91,11.041,16.9
10.68,1.073,33.3,127.29,2.255,32.1
114.09,2.921,24.9,54.58,0.992,10.0
227.16,4.079,26.1,47.12,1.250,53.0
23.74,1.027,10.8,27.73,2.585,43.0
45.96,1.424,71.9,36.20,1.847,92.6
47.29,1.785,54.8,198.64,5.769,35.9
80.56,1.809,24.0,25.15,1.973,20.2
37.78,2.416,58.1,31.89,3.397,52.4
23.08,1.641,32.3,6.76,1.277,29.7
6.45,1.156,53.3,47.12,1.511,23.6
28.64,3.608,49.8,13.79,3.255,28.0
54.75,1.381,49.7,13.01,1.386,25.2
27.07,2.216,46.2,9.13,1.109,24.6
11.11,1.861,74.4,28.19,0.763,79.7
30.92,1.964,29.6,38.93,2.817,20.7
64.83,2.202,26.6,7.66,0.803,61.1
34.79,0.846,22.3,30.32,2.292,44.2
11.18,0.979,72.5,32.91,2.534,25.1
35.51,3.119,32.4,12.15,1.717,44.9
118.45,2.358,21.4,6.81,0.619,94.4
8.51,1.642,48.1,16.84,1.119,60.1
33.76,1.021,12.4,56.32,3.267,14.5
16.83,1.731,14.5,69.17,2.135,10.3
38.19,4.440,58.9,13.01,0.412,132.7
6.34,1.048,56.4,46.66,3.030,7.4
78.07,2.987,89.3,9.23,1.382,75.5
17.56,1.717,10.4,34.57,1.963,53.3
16.12,1.887,34.1,81.12,2.647,34.7
8.08,1.358,6.2,28.58,2.567,32.4
59.86,3.173,15.1,37.82,0.645,55.6
21.61,1.236,37.4,24.53,2.391,57.8
48.25,2.367,21.0,71.57,2.574,35.7
6.77,1.212,37.4,12.20,2.830,30.9
16.88,3.381,30.1,15.98,1.303,35.5
43.10,1.362,36.0,220.75,5.275,36.4
74.72,1.833,36.2,45.92,1.639,8.8
7.32,1.105,15.4,23.27,4.020,49.0
42.84,2.446,22.7,9.16,1.149,21.8
38.50,2.640,18.0,11.43,0.908,25.2
77.84,1.085,17.0,139.46,3.265,45.7
17.20,1.153,45.9,63.09,1.951,54.9
50.59,2.321,31.1,34.48,1.557,44.9
12.32,0.942,67.3,64.64,2.126,2.6
98.58,2.973,15.1,70.41,1.417,11.2
77.76,1.160,67.6,14.96,1.384,80.8
12.11,1.263,60.6,34.73,1.907,37.7
40.20,1.811,20.7,93.30,1.385,57.2
42.81,5.554,18.0,12.21,0.574,56.1
19.29,3.516,31.6,25.38,4.048,36.3
14.72,1.482,76.2,51.81,1.060,52.3
18.67,1.275,93.8,10.55,2.186,16.6
14.93,1.867,47.0,60.63,3.573,29.9
158.83,5.785,37.1,20.58,1.143,38.3
26.68,2.324,37.8,20.87,1.479,47.9
18.85,0.724,8.0,18.94,2.679,54.3
17.61,2.137,42.2,44.35,0.844,40.4
17.56,2.343,30.3,7.61,1.402,42.2
6.07,1.209,25.4,15.79,1.983,41.8
40.04,2.908,20.6,51.82,2.675,5.4
7.75,1.327,25.0,12.56,2.883,55.8
105.78,3.381,37.4,29.39,0.904,173.7
50.59,4.379,48.2,23.92,0.885,45.4
43.10,3.002,13.6,30.45,0.566,105.2
46.88,2.254,42.5,45.90,0.967,69.9
10.17,1.551,55.1,7.01,1.796,32.6
148.86,3.494,11.8,18.30,0.676,78.9
13.85,1.105,15.9,18.96,2.111,18.9
103.43,2.112,25.9,36.47,1.769,38.8
32.32,1.407,24.8,38.53,2.435,22.5
11.10,1.202,68.5,34.41,1.774,32.9
18.86,1.671,22.0,6.79,1.296,98.9
97.20,7.050,38.3,11.23,0.369,65.6
18.72,1.157,23.0,139.86,2.742,16.8
13.44,0.770,26.1,50.29,3.867,22.1
41.46,3.998,23.9,28.72,1.234,71.9
63.82,2.068,43.5,9.90,1.272,46.7
198.70,4.612,29.4,178.13,5.091,41.8
83.28,1.399,57.6,112.33,2.643,24.2
7.78,0.728,49.7,56.18,3.033,38.2
23.16,4.799,34.8,6.22,1.134,64.3
16.07,1.253,50.2,131.63,2.682,10.2
35.51,1.868,47.1,8.33,1.062,30.8
9.25,1.569,108.2,7.02,1.620,21.2
89.55,1.262,31.1,23.50,1.766,65.4
7.46,1.877,47.1,8.93,1.980,50.8
50.17,3.522,18.6,40.89,3.613,30.6
251.77,6.257,26.6,94.13,1.688,16.1
58.06,2.646,11.2,22.50,1.221,64.1
42.24,0.959,10.7,25.25,1.956,53.8
114.62,2.895,32.2,9.54,0.690,44.7
49.65,2.242,46.0,14.00,1.306,16.8
71.99,2.287,74.0,34.82,2.723,50.0
17.16,1.979,23.9,10.20,1.214,14.8
24.83,1.375,61.7,88.24,2.216,86.9
36.32,1.891,73.6,16.25,1.313,21.5
12.96,0.777,164.7,51.11,3.110,19.8
157.57,5.139,13.4,18.07,1.619,26.4
12.98,1.219,30.3,21.28,2.000,36.5
13.78,1.116,29.2,9.61,1.831,46.0
8.86,1.598,39.2,45.24,3.876,29.1
17.76,2.692,31.4,11.16,0.875,16.4
23.42,0.815,46.3,162.67,4.474,20.0
21.42,0.781,136.8,310.78,4.324,38.3
11.64,1.325,22.5,8.04,1.707,33.6
13.78,1.445,60.5,6.79,1.709,44.9
15.89,1.802,21.9,16.04,2.882,34.0
24.67,2.067,13.6,20.99,1.273,27.4
90.30,4.030,24.4,18.91,1.822,25.9
27.76,2.608,32.4,31.76,0.541,14.3
21.15,1.219,70.6,40.62,2.117,22.9
6.07,0.617,54.4,236.18,7.450,9.8
37.49,3.759,2.4,25.45,4.347,16.8
72.89,1.759,77.8,10.86,1.146,49.8
17.80,3.345,32.7,10.58,0.952,96.3
39.50,0.909,50.8,36.80,2.145,15.7
10.65,1.601,85.9,23.29,1.766,14.4
27.18,2.718,32.5,29.35,0.747,79.7
7.94,1.086,52.1,22.18,4.620,22.6
88.95,3.159,25.1,61.89,1.045,99.3
250.15,5.339,18.5,223.17,3.099,32.3
28.76,1.838,49.2,56.06,1.734,36.9
112.80,2.590,39.7,19.41,0.854,18.5
6.01,1.339,70.1,11.51,1.937,32.6
17.78,1.290,54.5,41.89,1.809,29.9
29.56,2.565,20.2,41.55,1.451,94.1
8.95,1.547,85.5,42.91,0.828,32.9
34.73,2.144,62.0,50.52,0.771,32.8
10.83,2.464,45.7,14.13,2.493,31.1
11.73,1.332,60.6,46.90,1.577,97.8
9.84,1.821,24.3,19.29,0.983,10.7
22.80,1.654,6.0,104.61,3.195,15.7
183.42,2.906,26.0,61.03,2.730,34.0
63.57,3.043,43.3,19.83,0.832,38.7
86.05,2.079,42.7,74.51,3.487,20.9
166.45,3.882,18.7,150.01,2.648,46.7
85.14,2.390,98.5,46.16,1.685,53.5
157.02,3.055,36.7,57.26,2.246,41.0
37.14,2.009,37.4,50.12,0.911,28.6
8.31,1.595,24.3,30.40,3.689,13.8
32.26,1.878,65.2,14.81,1.576,44.6
7.74,0.550,12.7,74.69,4.348,6.6
11.56,1.443,56.9,12.60,2.371,39.9
17.17,2.236,31.7,10.38,2.262,51.5
19.87,0.711,111.8,33.14,2.856,52.3
6.28,1.129,24.6,17.40,2.487,44.0
22.28,1.908,47.8,40.13,2.028,14.4
17.10,1.886,20.9,26.91,2.918,29.0
26.44,1.071,20.8,34.62,2.816,16.8
17.43,2.676,26.1,9.04,1.544,64.3
6.79,0.871,89.5,51.16,2.032,6.9
16.97,1.106,41.9,79.58,4.860,15.5
37.23,2.161,101.8,10.63,1.102,59.9
40.33,2.659,50.0,33.40,0.614,118.9
24.83,0.693,57.3,17.09,2.089,24.8
15.21,1.002,127.5,49.77,4.230,13.0
9.78,1.369,10.4,23.52,2.377,70.1
13.04,1.143,71.2,44.55,2.239,50.8
86.84,3.876,48.5,41.26,2.463,23.1
76.09,1.779,20.4,37.00,2.144,25.7
10.90,1.685,68.2,58.26,2.218,31.1
16.56,2.216,45.2,11.82,1.028,43.2
74.78,2.614,42.2,55.38,1.389,63.8
111.11,2.765,17.2,33.30,2.274,14.3
47.40,4.263,18.8,45.42,1.096,30.3
20.48,1.660,27.2,13.15,1.661,57.8
9.71,1.612,19.4,6.30,1.533,29.9
14.05,0.931,58.4,58.88,2.419,35.6
15.42,0.833,28.8,11.31,2.149,36.9
14.23,2.083,39.6,8.30,1.697,24.9
48.71,2.565,65.9,33.31,1.931,21.9
14.40,0.818,36.9,21.07,2.650,14.9
93.80,3.086,36.3,31.04,1.608,73.0
15.49,0.874,43.4,321.92,4.360,11.0
27.18,1.218,47.5,20.59,2.445,57.9
25.32,1.399,43.0,13.93,1.618,63.2
45.49,1.433,55.7,24.15,2.849,60.3
58.53,1.129,51.0,92.38,3.331,40.6
100.60,4.540,9.1,10.50,1.367,32.0
18.19,1.275,36.8,73.03,1.975,25.4
27.43,2.921,37.7,36.43,1.281,96.8
45.23,1.019,49.4,36.47,2.156,10.2
95.96,3.225,35.6,26.22,1.161,46.5
18.04,0.907,102.7,17.10,2.992,20.2
9.53,1.022,64.2,79.26,1.916,19.4
17.26,0.842,134.7,27.78,2.640,34.6
57.22,2.521,16.7,71.81,1.766,26.3
51.42,2.244,25.4,73.67,1.796,20.1
24.03,0.985,64.9,17.23,3.057,64.1
97.50,3.735,32.8,16.66,1.260,106.7
50.09,3.345,49.4,29.79,0.509,197.7
36.19,0.552,67.1,141.91,4.312,38.5
34.46,5.669,15.8,25.15,1.563,26.1
55.45,2.249,26.6,10.07,1.248,50.0
12.17,1.421,39.7,35.77,2.481,38.8
16.86,1.037,16.4,31.84,3.558,39.7
11.70,1.987,29.6,7.81,1.637,67.3
23.07,1.601,46.1,16.17,2.580,45.3
8.07,1.536,24.3,21.90,1.131,5.6
55.03,3.805,35.6,7.21,1.396,68.9
20.79,1.561,68.4,41.34,2.103,9.5
122.95,5.325,16.7,203.08,5.546,38.9
116.90,6.524,18.7,132.79,5.399,34.8
34.71,2.325,41.4,61.64,2.285,31.4
92.45,4.492,24.4,105.59,2.608,34.2
25.95,2.902,34.5,14.02,2.224,8.4
55.96,2.515,25.1,43.71,0.777,69.5
33.81,0.880,82.0,92.57,3.037,11.1
12.68,1.468,67.3,108.49,3.837,31.2
36.71,1.888,27.9,178.38,2.476,49.4
17.32,2.393,49.6,34.59,7.786,24.2
12.72,0.929,59.8,161.66,2.518,30.2
30.49,1.715,18.8,222.34,7.091,22.8
224.94,3.988,26.8,42.19,1.124,27.4
28.42,1.309,12.6,65.92,1.960,28.8
35.81,2.354,17.3,6.79,0.914,28.3
65.42,1.104,46.9,119.94,3.244,51.6
8.25,1.555,44.1,36.29,1.791,8.5
16.02,2.936,36.0,22.03,0.438,127.9
22.89,3.698,24.0,8.78,2.234,39.9
13.53,1.457,81.0,23.81,1.844,70.1
21.27,1.634,39.1,58.13,1.323,91.7
14.50,1.477,47.7,17.12,1.877,46.0
12.66,1.411,23.7,79.57,1.172,37.6
50.65,3.171,26.7,16.29,0.928,56.6
46.93,2.454,20.9,31.32,0.887,38.0
48.35,1.865,15.2,45.93,1.631,15.9
203.99,3.181,9.5,159.63,3.942,35.3
16.73,1.176,65.3,55.72,4.282,28.2
36.95,1.309,18.1,28.44,1.808,22.7
19.48,2.003,15.6,12.34,1.461,55.7
195.03,2.657,14.4,36.25,1.454,98.1
40.11,2.224,25.3,32.74,1.708,16.1
72.71,4.799,19.4,49.83,2.364,51.7
15.55,3.322,14.2,7.17,1.381,33.6
8.28,1.103,63.8,16.08,2.436,50.4
26.74,1.500,48.7,339.43,10.090,13.4
45.80,4.979,16.0,28.30,1.110,97.8
117.10,2.111,7.7,7.95,0.798,28.0
46.21,1.628,16.6,44.25,1.715,48.5
12.29,1.381,40.6,60.53,2.172,37.1
10.90,1.707,28.2,14.45,1.619,14.2
38.03,0.632,20.0,50.64,4.128,22.9
10.33,1.228,42.5,7.27,1.731,66.7
26.20,0.751,108.3,16.71,2.084,19.4
100.55,2.616,24.6,9.98,0.993,35.7
46.53,1.044,60.8,26.44,1.948,3.3
22.82,2.456,25.7,76.90,3.048,31.7
16.59,2.321,33.9,25.94,0.478,31.4
29.40,2.120,16.5,17.25,1.400,42.5
9.55,2.399,17.2,35.93,4.374,31.9
27.16,2.323,31.4,65.33,1.551,63.4
47.01,1.899,15.0,9.14,1.041,79.5
114.03,2.113,21.9,54.86,2.071,59.2
23.30,2.230,33.3,6.52,1.520,86.6
151.54,2.085,56.0,206.11,6.419,14.6
26.12,2.436,11.7,26.87,2.028,12.4
45.15,2.952,9.2,36.71,0.921,46.0
11.10,1.637,12.6,15.15,1.477,36.8
19.95,0.548,37.8,15.95,2.436,37.5
149.55,4.506,16.9,33.33,0.585,69.8
8.51,1.279,53.8,11.16,2.258,21.8
19.30,2.178,32.4,11.56,1.372,71.5
60.02,2.507,17.4,32.32,1.225,88.6
77.82,2.802,40.8,9.62,0.816,69.9
91.43,4.605,21.1,7.30,1.026,50.5
52.07,1.532,22.2,45.32,2.409,56.5
26.47,0.729,115.1,17.14,2.018,63.3
74.35,1.803,62.6,77.54,2.069,24.2
8.35,1.694,37.2,50.41,3.036,7.7
23.69,0.379,66.3,9.03,1.772,36.6
14.77,1.384,24.8,20.06,1.754,48.3
13.66,1.635,73.0,6.36,1.518,63.4
10.97,1.908,8.7,11.91,2.711,7.9
77.77,1.970,48.4,97.38,2.201,33.4
25.42,0.498,127.3,12.34,1.909,27.9
34.00,1.081,69.4,20.56,2.128,48.6
9.83,1.279,59.6,70.09,3.140,46.3
209.81,6.206,12.5,17.52,1.366,30.3
58.62,1.920,43.0,15.10,1.288,27.3
56.79,3.643,42.9,29.58,0.613,25.4
6.39,1.566,57.3,18.70,2.253,20.9
14.51,1.602,39.1,38.42,1.571,40.6
11.00,1.487,31.7,15.34,1.691,48.6
11.76,2.271,45.6,11.78,0.812,85.4
10.21,1.006,37.2,11.24,2.472,39.3
27.98,0.454,111.5,51.61,3.612,40.5
19.81,1.516,36.3,9.61,1.484,20.7
41.40,1.684,15.5,11.93,1.483,33.8
6.86,0.746,120.6,25.97,3.658,20.2
43.92,2.417,40.6,25.04,3.258,7.5
14.73,1.060,18.0,75.18,3.611,28.9
14.09,0.493,156.8,262.40,4.250,24.8
28.38,7.396,50.2,6.26,0.989,107.1
19.38,1.828,23.0,19.76,1.786,32.1
16.80,0.617,23.0,29.52,3.206,56.5
12.92,2.961,83.9,10.36,0.796,21.1
46.86,3.139,22.3,52.66,1.316,36.1
50.69,2.357,15.9,63.73,0.861,35.7
143.45,2.557,18.5,52.94,2.792,9.4
15.85,2.376,25.8,30.34,0.826,13.3
30.15,5.497,36.6,11.37,1.698,27.3
36.48,1.694,31.8,7.97,1.675,70.2
6.35,1.156,79.3,66.18,2.365,18.5
23.11,1.758,16.7,17.81,3.554,18.2
20.98,2.035,28.9,21.87,1.133,46.2
53.12,1.468,24.2,70.23,2.383,21.2
59.25,3.735,15.9,26.36,0.557,98.1
37.48,3.873,56.2,34.90,2.969,32.7
11.03,1.997,29.9,32.20,2.787,57.6
31.27,2.761,4.6,14.70,0.840,84.5
11.90,1.299,77.9,16.13,2.230,16.4
16.77,1.930,49.5,20.88,1.841,6.7
27.79,0.945,110.1,38.17,3.106,63.4
46.64,2.222,40.0,15.23,1.083,34.3
43.34,3.074,23.3,36.40,0.755,31.6
140.86,9.581,14.7,41.51,3.779,30.4
52.53,1.759,28.1,41.97,1.931,8.1
86.87,2.060,24.0,41.97,1.554,23.4
24.13,2.818,24.1,10.12,1.163,30.1
24.54,1.323,36.6,34.52,1.891,11.7
9.71,0.869,75.1,13.34,2.644,15.9
13.01,0.570,93.2,14.62,2.661,9.7
54.10,1.323,43.5,33.60,1.928,38.1
11.25,2.201,7.7,21.14,1.870,14.3
232.83,3.735,29.8,61.07,1.678,30.2
34.50,2.326,31.2,40.73,1.468,36.1
41.11,3.277,10.9,95.26,3.113,39.1
44.08,3.014,42.1,17.77,1.468,52.4
7.10,1.082,39.8,14.23,2.295,14.0
12.19,2.323,19.2,36.06,2.967,21.0
98.81,3.218,35.5,81.59,1.938,42.4
39.63,1.859,46.3,43.25,2.554,19.4
21.48,3.806,19.7,16.13,1.218,34.4
82.73,1.975,37.9,14.93,1.579,20.5
23.84,2.915,8.5,14.08,1.699,40.8
145.39,4.432,45.3,30.31,2.120,31.8
12.53,2.303,30.5,33.88,1.622,45.3
53.02,4.106,66.2,43.82,1.626,59.8
14.33,1.460,34.0,15.17,1.673,54.3
11.98,2.656,28.3,17.57,0.563,113.4
16.48,2.616,35.9,6.56,1.392,14.1
37.53,2.022,72.8,50.16,2.390,27.9
41.58,2.427,37.3,34.33,0.972,107.8
6.52,1.282,17.9,10.03,1.931,37.5
30.56,1.584,73.6,7.06,1.149,75.2
13.39,2.066,63.5,21.74,1.589,80.7
74.24,2.169,58.1,18.30,1.387,47.6
34.89,1.345,48.5,26.30,2.341,47.9
199.29,4.367,44.1,18.74,0.760,43.0
9.55,0.700,33.7,16.50,2.878,13.6
156.92,2.570,22.8,28.38,1.335,4.6
8.26,0.872,69.2,15.63,2.598,35.2
25.59,3.206,49.3,12.92,2.929,36.0
9.13,1.460,73.7,17.22,1.671,35.1
27.33,1.757,8.0,8.98,1.837,28.2
35.57,2.136,106.7,10.62,1.203,97.2
42.84,0.780,41.2,10.80,1.464,56.8
18.67,2.655,21.6,12.11,1.102,41.5
79.33,2.566,24.6,30.53,1.222,50.5
7.05,1.727,10.7,6.13,1.536,41.8
19.87,0.778,24.4,96.80,3.380,19.1
24.42,1.449,92.9,81.05,1.630,62.8
95.50,2.423,16.0,14.24,0.961,93.0
52.21,2.333,23.4,10.42,0.969,61.6
16.14,0.734,80.1,94.54,3.577,29.6
31.29,2.149,33.1,42.16,0.693,118.0
25.83,2.207,19.3,61.64,1.102,35.6
29.35,4.534,3.2,22.03,1.431,52.3
28.75,0.973,7.0,39.34,2.544,26.1
77.17,1.291,23.5,62.50,2.167,21.2
18.42,0.873,13.0,120.36,6.232,34.8
7.31,1.097,66.7,70.39,1.090,48.9
33.07,1.534,46.7,23.79,2.357,39.6
19.95,1.689,46.5,16.62,2.043,15.0
9.04,1.466,31.7,18.00,2.651,37.9
57.69,2.297,10.2,91.93,1.614,28.9
54.90,1.885,22.4,35.43,1.756,28.3
175.49,2.603,6.4,17.15,0.926,76.5
41.67,0.978,73.8,14.25,1.537,52.8
36.45,2.919,30.9,104.04,3.573,61.5
34.50,1.749,72.7,6.39,1.083,61.0
43.17,2.210,46.6,50.11,0.855,128.0
47.97,2.727,2.0,10.05,1.368,49.4
18.02,3.338,50.2,55.75,7.587,10.9
7.65,1.780,12.9,12.40,1.980,36.1
95.01,3.687,17.0,8.55,1.095,56.2
7.22,0.884,31.7,59.34,3.405,35.9
10.15,1.224,56.4,28.74,1.822,59.6
93.44,1.957,52.5,25.94,1.307,77.7
17.01,1.508,37.5,11.69,1.614,63.7
12.87,1.718,11.8,11.69,1.819,48.7
187.33,3.586,3.1,25.74,0.788,38.2
58.87,2.233,42.9,7.38,0.828,61.6
80.67,3.422,28.8,10.37,0.941,16.0
23.35,0.864,104.6,95.10,3.240,12.9
16.05,2.182,21.7,27.24,1.651,26.1
7.73,1.558,57.9,21.24,1.160,74.8
183.77,8.153,36.6,59.37,0.993,68.5
26.20,0.869,64.0,138.80,2.897,34.9
44.87,1.737,41.0,12.02,1.154,51.4
35.60,1.230,36.4,210.08,3.646,55.5
41.29,1.389,75.8,21.01,2.887,47.3
27.02,1.212,25.7,21.29,2.230,15.2
16.51,2.657,43.3,27.28,1.726,27.8
6.32,1.236,67.8,19.10,1.723,44.4
11.62,1.692,38.2,37.93,1.087,90.5
59.41,1.395,9.3,45.63,2.016,23.6
19.49,1.959,55.0,13.90,1.213,42.7
32.06,2.241,30.7,27.80,1.661,70.4
34.11,3.324,13.8,22.97,0.746,59.0
15.24,1.023,77.3,113.68,2.138,36.5
37.42,2.274,15.8,185.97,4.673,26.1
19.33,0.934,72.8,12.59,1.940,29.2
53.36,3.399,16.2,21.51,0.730,12.9
10.95,1.714,63.7,30.28,1.321,53.7
13.96,1.724,70.1,17.10,1.976,29.4
12.82,1.554,99.6,35.19,1.897,43.4
38.44,2.270,18.1,43.15,0.972,62.3
29.94,1.040,15.4,8.41,1.910,38.4
26.97,0.975,36.6,69.45,2.782,65.1
19.48,2.401,19.6,14.57,1.287,15.2
25.90,3.730,67.1,12.37,1.562,70.1
11.47,1.486,76.1,31.79,1.751,38.5
84.04,5.409,28.5,21.31,1.367,46.9
56.57,1.092,42.7,228.50,4.630,18.6
62.30,3.429,12.8,23.68,0.601,8.7
23.05,1.679,29.0,17.74,2.035,40.2
24.65,0.609,29.6,177.70,4.118,12.7
29.08,4.233,30.9,13.37,1.027,20.9
9.21,1.130,27.4,30.68,2.646,24.2
15.32,2.057,47.4,10.64,1.148,18.7
45.18,2.343,94.7,41.15,0.903,128.8
12.99,1.252,47.8,44.83,3.670,30.7
10.61,0.787,63.7,67.40,3.211,59.0
14.90,0.958,21.9,47.29,2.642,42.0
13.23,1.906,34.3,9.59,1.367,62.0
28.90,1.220,65.0,210.51,12.169,36.8
154.10,2.359,22.5,75.73,2.023,26.9
7.98,1.808,18.2,9.92,1.351,25.3
16.26,1.735,68.7,9.97,1.563,37.8
13.11,0.891,45.7,22.14,2.657,15.5
75.64,2.926,24.0,6.88,0.826,120.6
20.73,2.188,55.2,9.54,1.300,21.2
22.00,1.542,21.6,34.76,2.032,10.0
23.96,1.666,42.5,68.31,1.736,35.3
13.27,1.560,31.6,39.81,3.404,11.8
15.23,0.973,64.7,47.21,2.543,46.1
178.12,3.645,16.5,7.29,0.493,93.6
8.29,1.937,33.1,6.09,1.264,73.3
79.76,2.289,21.2,65.63,2.297,42.1
18.11,2.949,24.6,6.16,1.055,60.6
95.57,2.458,23.3,8.46,0.696,69.3
19.34,1.033,94.2,11.76,2.853,14.1
11.45,0.746,22.4,10.13,2.369,32.9
44.21,0.746,86.3,73.13,3.048,21.2
20.07,1.781,50.9,19.08,1.381,15.5
21.47,3.300,38.4,9.21,1.951,111.0
44.72,0.695,117.7,32.06,2.483,28.9
9.19,1.090,41.8,56.74,3.172,14.3
19.57,1.021,45.8,16.42,2.484,36.4
36.07,1.989,6.5,54.07,1.740,28.9
90.58,3.506,15.2,22.40,0.851,73.7
9.26,0.527,32.5,109.99,6.753,10.2
16.83,1.744,71.6,14.64,1.387,74.4
11.25,0.778,105.4,42.14,3.064,41.2
6.01,1.415,43.8,14.16,1.928,51.1
10.23,0.901,65.0,55.96,2.324,41.9
28.94,2.568,27.1,10.31,1.102,125.8
28.22,1.079,38.3,31.46,2.132,50.4
125.51,2.119,14.6,29.42,1.713,39.4
12.02,1.118,78.9,10.14,2.081,44.0
16.59,1.291,91.1,20.22,3.024,17.3
22.70,1.059,52.4,50.56,3.490,12.2
19.90,2.489,42.0,9.37,0.951,98.0
25.15,0.967,53.0,40.12,4.933,21.0
25.18,2.734,33.1,20.74,1.378,60.2
23.22,1.338,47.0,9.11,1.681,83.4
71.87,1.374,41.3,69.45,4.338,67.0
19.96,1.542,41.7,12.36,2.957,23.9
14.80,2.177,7.5,20.86,0.773,95.9
26.36,0.603,20.9,8.58,1.561,47.3
18.04,0.639,78.4,64.48,4.337,30.2
93.91,1.324,13.6,53.21,2.590,79.8
53.18,0.803,2.4,31.90,2.054,54.1
9.37,1.810,33.7,36.18,1.515,54.3
73.30,3.066,15.0,8.08,0.706,73.0
24.59,1.581,14.7,10.76,1.394,10.0
86.10,1.195,101.6,12.54,1.121,31.8
97.32,1.538,39.4,22.00,1.375,42.3
31.56,2.714,63.9,42.98,0.950,3.6
34.68,1.547,53.7,12.77,2.323,25.6
12.58,0.689,62.7,21.96,3.053,37.1
11.95,1.812,39.7,18.53,1.139,54.3
63.23,2.655,3.2,10.32,1.164,59.4
50.96,1.525,43.1,17.02,1.374,39.4
14.96,1.727,34.2,38.59,0.750,55.4
7.04,1.385,58.1,15.95,3.312,17.7
26.87,2.619,51.4,34.31,0.551,38.8
98.08,2.219,6.5,84.44,2.572,44.2
92.48,12.165,23.1,53.01,6.614,0.3
48.32,3.378,5.8,56.99,1.321,8.0
14.44,0.822,118.3,47.17,4.506,28.0
12.17,2.111,15.0,9.03,1.265,27.6
37.88,1.642,51.4,15.20,1.524,86.8
153.08,3.790,5.9,17.48,1.405,87.1
60.57,1.846,34.8,18.59,1.272,30.2
19.51,2.489,13.1,6.99,1.528,33.6
20.57,0.840,78.3,112.74,2.740,26.7
14.55,0.955,70.7,168.34,2.640,43.2
42.27,0.609,36.3,9.39,1.317,31.0
79.34,4.134,27.9,24.16,1.321,49.6
10.87,2.072,31.9,12.03,1.358,32.5
17.61,1.316,111.7,67.52,3.343,54.9
63.05,2.129,43.2,11.00,0.916,31.3
47.98,1.432,23.9,45.99,3.071,5.3
20.16,3.062,16.2,14.80,1.462,47.5
117.25,2.348,26.2,17.69,1.482,33.1
6.52,1.142,104.5,28.40,1.929,50.0
172.24,3.909,23.9,104.88,3.437,7.1
13.79,1.357,70.3,15.62,2.010,83.0
49.91,2.674,22.3,195.16,4.374,38.0
13.02,0.656,75.4,97.99,3.613,33.4
31.97,2.216,7.6,16.41,3.104,21.2
93.20,2.536,39.1,89.24,1.583,37.5
186.81,2.727,19.8,159.19,4.146,41.3
19.69,1.177,93.1,31.59,2.492,24.9
15.91,2.212,10.9,12.60,1.643,9.5
48.57,2.580,10.7,52.89,0.934,112.7
6.14,1.436,19.9,18.46,1.760,44.8
47.37,2.281,46.2,65.91,1.659,5.8
134.57,2.823,45.5,26.87,0.932,66.5
81.52,2.197,51.0,12.25,0.867,28.3
75.49,2.609,24.2,57.13,4.071,7.6
82.52,3.023,24.4,29.37,0.767,48.5
13.63,1.041,94.8,40.58,2.520,21.0
19.60,0.903,47.9,62.56,2.709,76.5
7.45,0.994,26.2,30.54,2.713,40.3
18.46,1.886,28.0,69.39,1.185,12.4
13.32,1.662,39.0,19.88,1.742,39.4
10.44,0.665,44.7,191.08,5.744,16.7
17.86,1.385,36.8,19.41,1.768,32.8
17.58,0.808,69.3,177.92,8.845,52.9
29.10,1.927,29.5,23.90,1.256,95.8
43.45,2.179,31.3,19.35,1.691,55.3
130.67,3.198,29.5,25.48,0.959,31.9
65.43,1.091,83.6,47.46,3.279,42.6
64.76,1.752,41.5,133.23,5.004,23.4
72.82,4.986,38.0,21.52,1.640,34.6
19.85,4.216,52.3,8.80,1.191,40.0
8.65,1.419,28.3,15.90,3.041,44.4
15.88,0.690,40.5,139.83,3.243,31.8
6.13,1.349,65.8,22.82,1.128,56.6
24.95,1.541,12.0,19.60,1.947,32.5
7.97,1.392,70.3,26.91,1.441,47.0
64.36,2.042,55.6,110.28,4.568,19.5
6.28,1.254,58.6,19.75,2.509,46.2
29.16,1.875,6.2,129.85,1.849,75.3
30.45,2.480,36.9,76.22,1.448,19.4
33.22,1.890,25.0,20.50,2.017,91.7
49.21,2.321,75.8,7.34,1.027,86.5
6.90,0.470,48.2,181.95,3.570,21.4
22.31,3.584,23.7,6.42,0.733,73.7
86.79,3.030,23.1,79.31,5.717,31.5
30.13,0.754,59.0,28.00,2.312,44.9
13.64,1.763,53.5,14.61,1.550,110.8
13.68,1.622,62.6,27.55,1.428,29.4
21.71,0.941,30.9,47.71,3.137,31.4
29.11,2.355,71.3,26.12,1.970,34.2
123.69,4.737,9.8,46.49,2.973,7.0
7.01,1.036,31.0,9.08,2.307,14.4
22.58,2.557,8.8,21.41,1.088,51.3
124.18,3.921,24.5,17.96,0.710,29.4
27.94,2.409,29.3,46.43,1.474,28.3
19.37,1.589,18.0,6.36,1.438,39.6
39.14,2.143,17.2,66.65,1.414,58.2
7.26,1.738,38.0,6.72,1.432,29.1
60.85,2.553,38.0,8.28,0.914,94.1
58.42,2.077,22.0,35.85,1.343,57.0
10.51,1.730,28.5,21.23,0.902,77.3
13.27,1.267,34.3,32.62,1.864,35.2
29.87,1.133,33.2,29.19,2.622,50.8
32.53,1.336,25.9,68.53,1.999,33.3
8.78,1.628,34.9,48.28,1.837,21.4
23.16,0.878,85.6,7.18,1.455,6.4
9.26,1.821,19.7,11.52,1.441,45.6
17.59,1.858,28.3,10.58,1.346,35.5
17.23,2.362,37.1,32.45,0.836,66.1
12.96,0.217,153.2,10.49,2.740,75.4
26.58,0.583,95.3,54.10,3.221,53.8
15.35,1.500,49.8,12.08,1.788,45.9
56.18,2.249,31.0,109.22,7.307,22.5
23.51,1.749,11.4,20.51,2.388,41.7
39.82,2.539,2.3,8.94,1.172,29.2
190.67,3.539,6.5,28.25,1.436,44.0
11.99,1.209,10.7,20.65,2.084,40.6
52.58,2.046,44.9,41.89,4.325,40.0
9.65,2.310,34.7,19.78,0.367,81.9
13.11,2.289,13.4,39.98,2.825,35.2
6.43,1.089,51.1,63.61,1.146,37.7
74.91,6.784,3.8,31.48,3.649,25.3
12.10,1.147,41.7,29.36,2.042,37.6
69.81,1.360,33.2,103.26,3.682,8.4
9.79,1.262,39.3,19.90,1.839,60.0
7.23,1.511,13.0,28.03,0.744,84.6
28.49,2.257,23.0,54.75,1.236,81.8
36.25,4.151,23.6,22.37,0.451,283.2
8.55,2.125,54.6,16.18,1.133,4.7
85.94,4.011,39.2,115.50,4.646,37.3
19.10,2.398,35.7,35.56,0.584,97.6
41.47,2.845,24.8,14.55,0.894,24.9
102.81,1.396,94.3,285.12,4.892,20.3
92.00,2.439,61.4,59.17,1.251,72.9
27.52,1.267,85.9,142.85,2.691,36.8
34.56,2.829,54.3,26.63,0.963,28.0
13.33,1.146,59.0,28.44,2.785,27.7
30.56,1.324,23.6,19.25,1.763,33.1
130.96,2.666,19.2,104.82,4.626,25.6
103.92,6.837,9.0,12.38,1.730,6.7
15.28,1.806,23.0,37.26,3.490,8.8
9.19,0.728,70.4,102.16,3.201,23.7
6.96,0.567,17.4,121.63,3.691,20.1
74.02,2.559,28.0,31.35,1.314,33.8
11.08,2.068,13.4,6.41,1.165,82.3
12.27,1.580,17.4,33.49,0.934,86.5
8.12,1.077,86.1,28.42,2.031,18.2
6.42,1.459,28.0,9.74,1.669,14.8
20.36,0.890,61.0,7.44,1.535,25.4
53.55,3.341,20.3,43.73,4.120,66.5
116.25,3.579,42.7,35.18,0.617,64.6
89.18,3.717,62.8,48.09,0.881,50.5
26.39,1.245,86.6,26.18,2.654,61.1
15.92,3.158,2.4,15.28,1.405,22.3
9.98,1.206,55.3,16.94,2.005,16.8
134.26,3.253,3.5,23.02,0.858,13.2
40.63,1.001,66.7,19.09,2.180,21.9
31.61,0.677,45.0,24.96,2.233,39.7
38.21,2.936,28.1,41.82,4.722,15.5
19.06,0.878,77.1,6.67,1.528,43.9
44.63,1.560,14.7,30.71,3.233,19.9
26.64,2.339,0.9,34.31,1.021,81.5
34.99,2.130,26.5,12.77,1.163,70.4
12.55,0.965,2.3,31.07,2.586,28.4
44.07,4.997,18.9,43.62,3.108,107.9
124.36,2.421,19.6,13.10,1.042,13.6
12.21,0.932,83.0,66.97,2.107,12.0
36.36,2.317,49.0,90.64,2.006,28.7
16.83,2.319,57.3,20.01,1.191,38.2
199.22,2.961,22.5,32.82,1.558,14.3
56.14,2.920,34.0,15.28,0.875,47.1
47.06,2.449,14.5,6.71,1.125,68.1
8.20,1.080,3.6,27.41,2.394,13.5
40.80,1.360,43.9,6.69,1.245,26.3
57.55,3.063,19.8,43.90,0.931,22.2
18.01,0.706,28.2,109.07,4.005,52.7
48.52,1.468,32.7,165.77,2.889,20.4
45.06,6.611,26.2,51.40,4.903,43.1
11.91,0.335,111.7,32.64,5.993,17.4
59.21,2.645,20.7,38.32,0.792,122.2
12.73,0.979,68.4,78.60,2.669,19.3
25.28,2.096,6.5,38.39,2.343,9.7
16.34,1.358,38.0,106.60,1.911,42.7
10.53,0.718,42.8,91.46,3.106,58.2
20.86,0.863,43.8,40.77,3.094,32.5
7.54,1.311,21.8,27.14,1.280,8.9
24.24,1.687,50.0,10.11,1.395,25.4
36.03,4.236,40.0,20.29,1.704,5.1
56.31,3.072,38.4,10.96,1.014,16.2
57.15,1.951,29.3,8.64,1.345,60.6
25.73,2.134,71.5,12.94,2.274,46.1
10.04,1.166,68.6,13.06,2.292,4.4
7.26,1.409,21.9,36.91,1.420,42.9
24.34,2.112,18.7,7.89,1.090,29.7
11.46,2.183,3.8,26.93,0.640,37.2
22.44,0.918,74.9,38.47,2.513,76.8
80.52,1.763,28.3,35.14,1.632,67.5
100.90,3.834,7.8,79.43,3.890,8.2
15.33,1.311,17.4,26.24,2.038,33.7
222.92,3.831,38.7,65.15,1.250,76.4
36.77,1.509,7.6,43.62,1.850,46.2
134.11,2.765,46.3,12.53,0.969,28.4
8.23,1.680,24.0,39.31,1.801,41.2
58.19,1.578,31.8,289.34,7.954,9.4
56.83,2.183,65.3,156.40,2.223,19.7
55.51,5.330,10.4,6.42,0.441,49.7
12.23,2.128,18.5,24.98,1.511,44.1
28.80,2.896,13.5,92.27,5.144,21.7
66.92,3.623,17.4,15.76,1.760,58.0
13.64,1.431,41.2,16.24,1.693,55.9
84.75,3.225,51.2,27.17,1.282,57.5
123.71,4.597,37.7,127.31,1.809,29.8
16.43,2.390,41.6,9.78,0.972,33.9
17.57,1.293,71.8,10.07,1.785,60.0
126.74,4.707,11.7,52.96,1.028,14.6
233.97,4.740,25.0,22.86,0.896,83.7
107.05,7.190,27.4,7.95,1.323,52.0
26.50,2.588,19.7,9.44,1.059,14.1
36.16,1.806,11.4,66.81,2.198,54.6
17.81,1.229,72.5,103.64,2.657,34.3
64.44,1.498,68.6,10.71,1.344,48.4
8.24,1.502,55.8,13.11,1.557,29.7
32.78,3.439,1.3,20.36,1.209,63.9
72.79,2.484,38.0,65.97,0.965,79.0
40.71,2.266,39.8,77.18,2.693,26.2
7.35,1.810,12.8,9.32,1.274,57.8
10.02,1.210,26.1,30.29,1.783,21.6
32.96,3.142,37.1,51.18,1.943,71.9
29.56,2.706,39.8,65.83,4.639,14.2
29.05,2.172,43.1,81.43,3.585,28.3
17.45,0.663,105.3,122.34,3.586,55.6
69.59,1.168,23.8,55.94,3.704,30.4
15.35,2.741,42.1,9.37,0.794,26.9
57.19,2.424,68.6,57.13,1.554,22.7
26.92,1.740,34.4,6.90,1.168,27.2
17.13,1.747,32.7,30.02,1.083,10.9
27.82,1.979,26.3,10.85,1.193,48.6
12.89,1.022,67.9,215.44,4.626,22.2
201.26,2.979,32.3,9.39,0.688,103.6
13.20,1.754,51.2,25.23,1.108,49.8
6.46,0.893,93.3,44.20,3.099,28.3
12.84,2.612,66.1,6.23,1.647,29.6
39.90,2.256,12.1,7.79,0.949,75.4
33.06,2.676,1.2,21.41,1.348,46.0
87.15,1.835,42.5,6.93,0.786,97.7
7.08,0.665,80.9,120.91,2.408,11.0
12.80,1.022,50.0,17.63,2.217,18.1
15.11,1.413,30.7,35.04,1.933,19.5
57.18,2.801,10.0,28.71,1.235,29.4
62.68,1.940,91.4,17.37,1.240,106.1
22.61,1.852,35.1,19.43,2.735,17.7
14.69,0.989,21.5,52.47,2.353,39.2
146.63,7.288,24.6,36.84,2.124,8.1
25.90,4.047,18.8,18.79,4.862,11.9
7.30,1.267,25.8,14.43,1.941,43.0
48.51,1.615,34.8,140.04,3.360,19.4
147.60,2.067,21.1,19.14,1.368,52.9
17.06,0.883,44.7,37.37,2.652,18.0
46.32,6.281,13.3,24.71,1.136,90.3
6.41,1.428,64.7,19.35,1.947,59.5
57.48,1.505,16.5,64.70,3.831,30.9
16.36,1.314,42.5,27.86,2.244,31.6
14.49,2.058,36.4,17.61,1.391,33.5
29.08,1.551,45.3,20.68,1.769,21.0
36.63,5.243,6.3,18.12,2.033,64.0
14.35,2.540,31.8,17.06,0.911,66.0
25.74,1.584,36.2,8.78,1.346,36.3
13.42,1.833,24.2,32.13,2.412,22.0
53.80,2.304,14.5,82.34,2.403,64.6
6.33,1.232,17.0,15.91,1.853,69.0
44.68,0.869,77.7,35.78,2.095,31.4
18.30,1.341,20.7,19.11,2.142,25.1
76.90,1.832,50.6,19.70,2.026,19.5
8.58,1.278,64.4,23.25,3.320,9.7
48.67,2.096,65.6,27.16,1.227,22.0
16.20,1.976,34.6,27.63,4.055,25.9
14.30,0.748,113.7,7.72,1.858,4.6
28.42,1.470,22.6,17.49,1.873,44.4
21.30,1.585,25.9,61.02,2.191,52.8
231.41,3.574,27.7,217.12,3.219,10.2
34.98,2.248,57.4,28.43,1.644,24.3
65.11,2.375,13.2,79.26,2.732,60.7
9.74,1.169,45.4,23.02,2.066,45.2
54.22,2.104,13.4,28.33,1.361,53.1
8.64,1.257,51.0,13.23,1.901,18.9
24.11,1.860,9.5,126.29,2.737,4.0
44.27,0.904,90.0,20.32,2.121,72.6
42.41,1.874,14.3,76.71,2.562,33.4
73.08,2.156,13.2,116.92,2.046,10.5
15.62,1.835,34.0,83.23,3.608,20.9
7.40,1.494,12.9,22.31,0.842,61.5
43.13,1.022,61.0,39.20,2.146,12.9
22.33,1.945,32.3,55.97,2.659,22.3
72.96,1.699,41.6,58.01,2.236,55.8
23.13,2.157,2.9,12.14,1.122,24.6
24.53,0.433,29.3,15.19,2.241,43.7
9.05,1.305,41.4,28.50,2.536,2.3
46.33,2.675,13.0,38.19,0.681,79.9
7.77,1.359,74.1,11.80,1.744,52.7
23.28,1.196,69.7,13.38,1.779,76.0
49.55,3.460,22.2,36.04,2.598,41.4
46.95,1.662,17.3,12.91,1.258,47.8
138.58,4.481,35.1,77.91,2.592,39.5
116.77,3.508,18.1,48.58,2.936,29.5
8.23,1.116,55.1,24.53,2.055,41.7
24.80,1.856,39.3,44.28,2.494,29.6
13.71,1.660,7.0,34.79,1.973,21.5
47.07,2.125,49.4,104.97,1.427,23.6
39.26,1.486,30.8,47.13,2.558,23.0
13.86,1.570,45.8,53.34,1.024,59.4
10.05,2.504,39.3,9.79,1.485,51.5
7.70,1.082,49.3,14.95,2.205,61.3
8.26,1.854,71.2,7.18,1.349,62.9
12.49,2.185,50.3,13.15,0.924,92.4
114.34,3.096,24.4,20.15,0.819,80.8
78.78,1.870,32.0,7.25,0.809,85.6
44.59,1.010,36.0,40.72,3.459,45.1
6.03,1.602,27.2,11.08,1.231,55.4
6.56,1.655,59.0,12.80,1.216,98.8
40.26,1.416,13.0,35.51,1.806,25.8
80.41,5.927,24.8,24.67,1.382,38.7
22.42,2.018,58.8,29.66,0.896,56.6
10.50,0.433,65.4,46.70,5.488,10.2
56.99,2.300,42.0,28.85,1.146,72.2
9.07,1.616,8.4,19.93,2.170,10.7
9.21,1.150,62.5,46.96,1.383,79.2
45.75,1.966,31.5,29.49,1.401,85.9
149.33,8.767,22.3,33.30,0.511,125.1
26.51,2.309,22.6,23.27,4.841,8.9
8.85,0.441,94.3,98.32,5.989,15.0
15.34,1.312,35.0,30.90,2.814,22.4
95.50,1.448,13.9,109.28,2.856,74.9
6.03,1.132,51.2,10.21,2.129,27.3
6.82,1.075,40.3,11.67,2.449,25.4
41.81,4.543,23.8,29.20,0.905,31.2
17.93,1.993,41.5,11.58,1.431,40.9
7.50,1.416,13.2,17.38,1.630,53.3
154.67,3.272,6.4,12.85,1.154,87.6
34.90,3.394,25.3,58.37,1.905,22.6
88.74,3.085,30.2,49.93,0.785,98.7
22.08,1.349,31.6,9.05,1.508,69.0
33.43,1.622,65.6,64.76,2.571,22.7
377.08,5.660,31.2,113.52,1.783,70.1
55.62,0.775,10.6,57.69,2.790,9.2
9.81,0.746,72.1,57.07,3.706,28.6
8.05,1.632,68.2,20.19,0.833,46.0
178.45,3.554,32.5,38.78,0.704,150.3
13.80,0.934,43.2,21.00,2.391,51.4
27.60,1.138,23.3,103.38,2.540,46.0
6.29,1.132,71.9,46.61,4.152,20.8
47.99,1.658,34.7,64.26,1.779,37.8
18.75,1.347,53.4,8.00,1.828,2.8
34.43,1.456,69.7,32.92,1.753,27.4
19.16,0.981,91.5,32.31,2.479,32.1
11.59,1.209,44.3,30.79,2.040,65.2
9.92,1.295,71.2,103.23,4.662,25.7
23.49,1.832,85.6,48.18,1.593,12.4
31.05,1.900,8.4,14.83,1.831,33.9
32.56,3.267,73.5,9.21,0.758,43.9
115.72,4.699,20.5,49.44,0.725,128.2
9.27,1.526,29.2,86.37,4.928,31.2
204.67,8.190,20.2,113.81,3.387,22.4
86.56,4.731,7.6,14.76,1.863,34.4
27.83,3.617,50.7,22.12,1.062,66.7
9.62,1.269,51.9,70.97,1.422,46.4
9.29,1.428,53.0,12.50,2.491,31.9
13.02,1.146,9.1,91.93,1.767,12.2
32.27,2.634,69.2,13.95,2.773,27.4
79.89,3.035,14.8,237.59,4.786,14.0
18.52,0.807,48.0,8.42,1.716,26.2
13.16,1.151,35.6,32.24,2.171,28.9
41.02,1.433,61.0,92.08,2.696,13.5
19.69,2.261,6.5,14.98,1.167,34.4
28.44,1.042,36.0,17.66,1.788,45.6
12.04,1.847,17.4,11.43,1.294,63.6
108.44,2.539,38.6,6.64,0.702,36.6
16.34,2.431,58.8,32.66,0.534,55.4
12.60,1.745,57.4,11.31,1.548,23.7
20.34,3.651,27.4,7.84,1.887,46.9
18.67,0.949,48.8,38.19,2.689,44.0
49.41,3.410,60.6,21.62,0.681,62.7
17.25,0.549,78.9,42.77,3.535,34.5
188.75,3.454,19.0,134.05,3.345,26.6
37.33,1.696,18.6,7.73,1.098,38.6
15.75,1.882,14.3,32.41,0.710,107.1
65.09,2.070,4.4,39.69,2.469,26.3
10.41,0.258,34.2,39.40,5.077,31.0
22.43,2.695,46.0,9.87,1.132,10.4
6.54,1.277,51.9,36.20,3.738,15.9
144.94,3.715,16.8,43.67,1.812,45.9
40.68,1.624,72.4,16.97,1.384,30.6
33.63,0.939,50.0,93.22,3.657,23.8
16.87,0.840,89.8,6.58,1.614,43.8
19.02,1.905,10.8,9.31,1.508,43.4
8.93,2.045,28.9,10.48,0.939,52.9
9.76,2.230,45.9,10.40,0.955,129.2
19.38,2.741,26.6,9.81,0.813,124.2
43.06,4.078,36.1,10.53,1.201,17.9
28.01,1.460,74.9,56.93,2.101,24.9
72.61,2.359,6.3,16.17,1.270,51.7
14.89,2.136,35.2,75.87,9.354,29.8
41.77,2.543,33.2,39.06,0.627,95.0
115.34,3.348,8.5,7.02,0.605,154.5
89.92,3.260,30.1,33.33,0.672,26.9
42.63,0.623,74.3,6.19,1.117,41.5
15.22,1.176,53.2,49.27,2.371,17.8
9.41,1.501,50.0,10.90,2.187,45.1
22.38,0.985,70.8,38.24,3.024,36.5
78.84,1.763,62.0,21.98,1.847,16.4
29.59,3.523,46.2,30.14,1.816,39.7
47.08,3.150,40.4,39.16,1.487,55.7
10.03,2.433,15.0,11.74,1.332,10.9
162.80,5.652,67.1,70.15,4.425,33.0
25.38,0.918,34.3,42.55,2.476,11.6
9.11,1.101,15.7,66.57,1.441,40.5
11.45,1.743,84.6,21.03,1.061,21.8
84.35,4.981,22.0,61.50,2.411,46.4
15.70,1.293,46.1,9.88,1.721,37.6
23.85,2.043,4.3,58.79,1.390,35.4
61.33,3.917,17.8,17.35,2.654,40.5
15.21,1.786,46.6,32.59,6.330,15.0
15.10,2.953,56.2,42.43,3.186,39.8
23.14,2.781,39.3,16.08,1.038,30.9
12.21,1.538,42.7,17.80,1.565,49.8
39.35,2.352,22.3,36.00,3.121,26.2
19.03,1.463,36.1,13.43,1.677,63.4
31.43,4.722,31.5,10.82,0.329,81.6
15.83,0.552,88.8,284.57,4.446,29.8
14.63,1.447,24.7,19.55,1.681,41.6
56.43,1.126,77.9,44.52,2.276,9.7
10.31,1.715,63.8,7.07,1.547,14.6
23.38,2.827,38.4,26.71,0.945,70.7
30.05,0.584,53.5,192.20,4.155,16.0
29.25,1.828,32.3,73.63,1.199,20.2
14.24,3.448,44.0,12.74,1.381,52.5
28.13,1.133,23.3,48.25,2.124,35.5
15.86,1.148,99.5,65.12,3.078,16.7
10.88,1.470,23.6,17.70,1.578,62.9
34.92,3.226,33.5,25.92,0.484,168.9
16.12,0.634,87.5,9.13,1.961,23.7
17.19,3.224,41.0,19.59,1.053,11.5
42.03,3.626,18.4,22.25,0.502,53.9
70.08,3.460,13.9,144.73,3.713,10.1
39.76,1.146,40.9,7.99,1.468,52.4
108.65,2.812,12.6,46.72,1.252,23.3
13.61,0.855,86.1,11.49,2.144,36.7
31.92,1.183,72.3,11.04,1.461,4.3
7.15,0.998,28.6,49.28,2.592,11.1
31.14,1.780,30.4,85.08,1.231,56.3
13.57,1.209,32.1,24.67,1.968,11.3
16.86,1.166,84.6,166.83,4.639,13.5
20.81,1.166,35.7,31.22,2.507,12.4
9.28,0.887,85.9,23.71,2.688,8.9
23.32,0.770,37.1,152.54,3.054,33.3
12.15,2.099,75.5,23.57,1.995,19.7
134.46,2.311,33.9,11.37,0.949,98.1
77.05,1.580,11.6,23.24,1.385,48.6
15.29,3.349,38.9,11.53,1.367,60.8
112.90,2.234,20.3,6.87,0.833,135.1
10.74,1.035,15.7,94.39,2.865,47.9
61.77,2.703,8.7,14.06,1.256,30.0
39.98,3.221,34.8,32.18,4.923,25.9
13.60,1.695,39.7,46.89,2.027,32.9
13.88,1.047,34.2,190.83,3.606,43.8
10.36,1.462,68.5,40.24,1.607,78.4
71.29,1.133,64.9,33.28,2.320,15.1
76.99,1.406,52.8,83.00,4.502,31.6
42.96,1.815,70.2,81.43,6.399,30.7
19.69,1.053,63.1,29.96,2.308,50.6
29.22,1.447,62.7,131.84,2.025,7.4
40.06,1.775,56.6,13.61,1.365,19.6
73.71,2.737,58.5,18.88,1.219,62.6
78.50,2.145,7.5,6.28,1.000,69.4
23.17,0.630,150.8,95.75,4.649,27.1
101.60,2.302,38.6,219.60,2.971,54.2
40.83,0.937,32.4,20.83,2.256,40.9
36.68,1.605,43.2,35.64,4.523,15.2
18.50,1.079,33.9,18.46,2.346,57.3
23.99,3.285,39.3,19.30,3.556,9.9
17.68,1.230,74.7,71.77,1.869,16.1
14.92,0.784,59.4,121.09,3.025,22.7
11.25,1.289,40.3,22.91,1.861,29.5
12.85,1.405,26.0,51.17,2.164,3.9
9.43,1.337,54.0,46.67,0.789,58.6
145.17,3.314,37.9,32.75,1.005,31.1
121.12,3.345,49.8,300.53,12.648,36.7
114.52,3.112,31.6,35.96,0.842,18.1
58.52,2.088,75.8,15.97,1.501,30.7
10.11,1.659,77.6,29.60,0.416,106.3
58.41,1.818,53.6,21.08,1.441,65.8
45.79,0.740,141.6,60.66,2.627,15.7
46.40,1.789,19.0,13.36,1.412,13.9
6.08,1.515,32.1,17.24,0.881,130.1
32.66,2.039,20.7,181.41,4.174,25.2
6.52,0.921,65.9,40.88,1.995,60.9
17.71,0.675,120.7,23.33,3.023,49.5
7.04,0.861,49.9,56.29,1.914,66.0
7.05,0.462,149.3,72.96,5.978,32.9
69.96,1.004,49.1,48.17,2.292,27.9
36.16,1.728,30.9,28.78,2.755,8.6
52.14,3.051,31.1,13.65,1.001,24.2
14.60,1.586,19.4,31.69,1.449,43.2
11.05,1.482,51.4,32.38,1.160,86.7
8.00,1.603,13.5,24.79,1.414,30.2
59.19,1.517,61.7,16.68,1.298,129.2
25.70,2.277,57.1,25.61,0.816,62.4
78.21,2.005,39.6,19.91,1.490,72.1
29.57,1.606,51.8,28.83,1.762,37.0
14.47,1.471,10.6,13.74,2.192,28.5
29.31,1.333,15.6,6.63,1.675,56.9
9.36,1.418,55.4,67.76,2.196,61.9
17.61,1.437,51.8,47.66,1.441,24.1
9.59,1.395,81.8,30.71,2.109,9.3
92.06,3.105,29.2,10.98,1.182,74.0
37.65,2.055,67.4,28.67,2.231,56.6
88.29,1.353,13.5,246.44,4.667,29.0
166.98,2.285,29.4,72.14,2.477,33.3
41.63,0.821,32.1,171.09,4.629,31.2
46.91,3.599,32.3,39.76,3.482,14.8
33.79,2.266,40.4,10.64,1.032,60.0
10.04,1.654,31.4,39.25,3.485,62.6
76.23,3.717,34.9,21.06,0.626,89.2
10.11,2.239,11.5,17.10,0.720,28.4
33.20,0.938,19.1,7.86,1.297,117.5
10.03,1.378,77.6,18.83,1.675,46.5
73.50,1.297,47.6,43.90,1.963,85.5
47.75,1.167,41.0,119.66,2.709,31.3
14.04,3.619,21.9,68.83,17.655,21.3
9.91,1.153,87.3,24.51,2.603,36.2
17.23,1.872,24.3,26.78,2.780,38.0
50.21,2.139,37.3,17.83,1.324,43.1
50.49,1.419,13.4,26.29,2.089,30.8
65.63,4.645,13.0,21.70,1.259,22.1
23.47,1.712,37.2,56.70,0.981,48.1
69.22,2.438,23.8,10.95,1.576,58.2
20.33,0.312,146.1,7.70,1.773,28.3
33.70,0.750,44.3,1089.81,15.160,38.3
31.68,2.717,19.9,54.22,0.811,93.2
60.92,1.635,18.5,34.35,1.795,61.7
8.46,2.088,39.5,18.49,1.270,36.0
17.26,4.184,17.9,6.30,1.073,49.0
38.44,2.321,27.9,21.05,1.021,13.3
9.52,1.321,34.8,48.98,4.424,6.9
13.25,1.644,30.1,42.16,0.720,77.8
73.45,2.643,29.5,13.93,0.956,73.8
24.11,2.782,27.6,38.09,1.619,45.0
14.36,1.817,21.8,10.41,1.491,81.3
6.50,0.951,22.1,107.68,3.461,16.1
16.97,1.375,37.8,14.43,3.460,42.8
16.05,0.893,75.4,6.08,1.572,18.6
44.23,1.145,53.9,9.58,1.382,35.6
54.01,0.823,85.5,59.16,2.859,42.3
37.21,3.006,26.4,8.62,1.516,49.9
18.25,1.249,11.2,17.94,1.835,17.7
39.06,1.004,55.2,20.35,1.923,29.1
24.80,1.765,16.7,54.23,1.398,34.7
62.45,1.669,41.9,8.74,0.941,8.7
6.04,0.864,30.7,10.87,2.737,30.1
13.82,2.168,45.8,13.94,2.520,20.1
9.55,0.826,76.5,41.05,3.825,8.3
34.47,2.429,14.7,23.62,1.678,27.8
145.35,3.482,10.0,19.71,0.942,70.2
19.63,2.361,42.1,66.05,2.792,27.9
20.21,1.569,11.0,63.65,1.299,18.9
12.65,0.993,38.9,35.58,2.864,28.0
148.21,2.425,60.0,15.05,1.030,29.9
170.47,5.657,31.2,15.69,1.297,35.6
12.76,2.434,34.5,9.07,1.001,63.4
20.13,1.797,27.2,9.29,1.284,68.2
12.94,0.813,73.9,113.93,4.623,27.0
16.21,1.080,63.0,14.73,1.969,12.8
32.56,1.557,6.6,89.95,2.312,30.7
71.06,1.172,23.8,120.89,2.854,12.6
21.88,3.446,19.6,25.61,1.432,27.8
11.68,2.423,54.1,10.95,0.774,16.1
19.50,1.006,39.1,51.71,4.167,56.7
21.47,1.261,59.9,68.22,2.061,11.7
7.28,0.711,67.1,41.88,6.948,20.1
61.77,2.750,45.0,7.99,0.870,46.9
8.24,1.479,75.5,20.04,2.475,14.4
163.57,10.837,32.9,98.46,4.142,24.9
119.15,3.491,39.6,58.18,0.879,28.4
154.26,2.940,40.8,49.54,1.335,17.2
9.50,2.206,14.8,8.91,1.123,64.0
13.96,2.486,25.5,9.48,0.998,79.2
59.51,2.954,34.7,58.88,1.170,8.8
25.42,1.248,27.5,86.72,2.386,47.4
16.73,2.165,25.5,8.14,1.573,20.9
34.26,0.992,14.6,12.16,1.899,13.4
18.17,1.385,66.4,71.42,3.262,24.9
54.58,2.714,15.6,23.58,2.514,42.5
10.90,1.698,47.1,10.41,1.999,10.9
10.83,2.303,13.4,65.65,7.731,53.9
140.80,3.779,39.3,35.91,0.951,63.7
139.01,3.259,25.2,40.76,0.716,63.7
24.05,1.824,59.0,38.45,1.144,50.4
45.35,3.995,20.5,33.66,0.684,41.8
19.83,0.837,56.4,52.76,2.810,34.9
16.05,2.125,9.9,22.26,1.611,76.3
13.88,1.655,52.5,31.66,0.885,57.7
33.86,2.263,35.8,16.30,1.214,30.8
49.59,1.408,40.7,447.94,6.431,43.3
59.18,3.128,30.7,116.14,1.841,13.3
44.65,1.982,38.9,38.67,1.811,5.4
8.66,0.809,44.5,10.55,2.492,43.8
19.65,2.120,62.0,6.80,1.247,71.3
25.83,1.672,17.4,9.67,1.728,59.4
28.72,1.592,63.9,27.19,4.479,27.0
98.69,3.556,15.7,17.80,1.305,29.9
13.26,1.792,63.4,23.84,1.817,45.5
10.50,1.499,98.4,32.50,1.179,54.0
476.52,13.629,37.8,141.18,3.976,27.8
8.61,1.846,9.6,32.48,1.017,27.3
363.33,9.293,28.4,157.50,3.310,21.7
36.48,1.790,18.1,182.48,3.681,21.4
19.15,2.291,39.8,13.64,1.400,78.1
17.07,0.983,42.8,35.82,2.420,23.9
58.69,1.400,44.8,23.69,2.095,25.3
23.13,1.832,39.3,21.03,2.896,20.4
15.05,1.080,46.2,10.76,2.053,18.9
98.86,1.583,64.4,106.92,3.730,0.9
9.26,2.012,12.0,12.70,2.438,10.0
43.71,1.710,8.8,8.14,1.031,94.0
12.55,0.346,62.8,12.82,2.851,21.9
10.53,1.945,69.1,46.13,2.863,12.5
69.51,4.298,40.0,23.93,1.185,38.5
30.20,0.923,60.0,14.56,1.981,15.1
93.21,2.828,43.9,6.36,0.866,35.5
75.88,2.504,14.9,26.96,2.565,45.1
30.69,1.031,53.8,55.70,2.549,58.0
40.65,3.106,15.5,61.33,1.141,88.5
11.95,2.569,29.5,12.15,0.555,56.3
8.35,1.516,32.0,20.45,1.624,8.6
12.06,1.655,11.1,13.55,2.116,17.2
10.89,0.724,43.0,47.72,3.286,14.5
21.27,4.205,13.8,10.39,0.701,72.3
45.62,2.295,9.6,11.03,1.212,54.9
37.21,1.707,45.6,9.13,1.771,42.4
13.24,1.519,73.6,27.95,1.767,23.0
87.45,2.568,34.9,10.26,0.780,23.6
10.94,1.740,31.6,13.67,1.820,49.0
12.10,1.311,53.8,45.21,1.491,63.0
23.76,2.293,18.8,35.60,1.871,46.4
18.29,3.094,25.2,6.76,1.392,33.0
8.09,1.721,47.0,72.69,9.722,13.5
20.46,1.830,23.1,31.16,1.839,40.4
34.20,0.775,63.0,15.09,1.926,41.6
122.95,2.950,8.7,13.87,0.754,89.6
39.60,2.213,36.8,11.22,1.049,18.7
55.85,0.798,134.3,12.45,1.350,68.3
15.49,3.770,24.5,11.96,0.919,105.7
23.19,2.135,14.3,38.71,0.849,75.7
114.13,2.755,45.9,49.79,1.151,69.4
110.31,2.969,10.1,11.01,0.826,46.6
8.43,0.966,43.1,8.48,2.140,33.6
269.07,5.200,9.4,38.96,0.768,42.8
24.02,1.461,26.8,17.45,1.659,29.1
46.56,3.218,17.9,23.05,0.879,26.8
15.39,2.411,31.7,19.28,0.873,86.5
37.80,2.038,29.3,66.86,1.436,47.4
91.58,2.930,60.9,39.30,0.782,49.2
14.31,1.904,70.5,7.90,1.272,62.4
42.18,3.927,33.5,16.05,0.801,62.4
22.98,2.369,46.4,17.59,0.900,56.6
53.81,2.408,22.7,26.81,1.448,30.9
14.81,3.876,7.1,8.97,1.727,45.5
19.41,0.615,12.0,8.26,1.997,40.2
7.53,1.236,56.9,57.24,3.462,9.2
42.70,1.432,96.1,24.42,1.881,44.9
37.57,0.520,66.5,13.86,1.935,48.0
13.00,1.014,87.5,72.87,2.157,43.4
43.19,4.392,7.8,27.30,3.335,86.6
31.72,1.938,43.3,63.95,3.482,23.8
16.48,2.933,30.5,17.95,1.936,8.7
213.65,4.558,3.5,82.67,3.059,41.5
33.82,0.803,82.5,29.26,2.331,54.6
59.70,1.839,3.5,21.91,1.574,40.0
19.02,1.233,77.7,85.99,5.907,19.6
154.29,5.723,26.6,22.03,1.976,45.5
47.66,1.979,40.3,14.87,2.202,50.3
47.85,1.508,65.0,22.75,2.823,53.2
22.68,2.233,14.4,33.38,0.755,125.5
82.02,3.455,13.0,52.11,3.655,2.5
19.50,2.692,22.2,30.63,1.003,17.1
21.81,2.338,44.4,18.32,0.893,13.8
22.79,2.721,55.8,27.68,4.654,13.6
31.65,2.288,24.9,16.93,2.080,25.1
59.05,1.877,17.6,13.17,1.104,76.3
15.90,1.318,20.4,28.53,1.810,72.6
19.50,3.182,36.8,10.40,0.775,62.8
14.66,1.130,77.5,85.34,1.569,49.2
23.29,3.631,7.3,6.91,0.665,87.2
10.25,1.841,31.5,7.79,1.352,39.9
14.17,1.315,53.1,24.34,1.910,118.1
19.34,0.917,26.8,20.73,2.243,37.9
38.70,3.399,55.6,32.25,0.648,158.4
38.22,1.768,74.4,42.63,3.555,46.2
10.93,0.490,45.1,13.72,2.906,30.8
13.31,1.375,60.8,49.36,1.159,33.2
17.86,0.927,48.9,72.67,2.824,83.1
95.16,4.368,16.3,15.78,1.781,22.1
12.96,1.779,28.9,11.72,1.366,68.4
37.55,2.811,42.4,26.84,1.387,53.9
48.48,5.180,15.2,20.56,0.550,130.2
10.80,0.930,29.2,9.37,2.215,7.5
19.34,2.500,38.8,12.34,1.169,53.6
7.63,0.708,87.4,109.21,2.798,29.9
41.31,2.367,20.5,32.59,0.946,58.8
77.16,2.729,28.1,34.31,1.762,22.2
197.73,9.997,15.3,58.80,4.340,36.4
22.47,1.314,25.8,78.92,2.129,55.8
18.55,2.681,11.2,23.98,0.751,52.5
38.65,8.145,6.2,10.01,1.919,20.3
199.82,2.785,57.8,36.67,1.506,15.8
146.85,2.649,33.7,23.43,1.235,38.7
27.72,1.429,69.7,17.57,1.890,25.8
15.58,1.707,17.9,14.36,1.570,64.9
8.70,1.717,35.9,19.08,0.916,49.5
35.49,1.811,15.0,45.16,1.519,27.2
152.47,2.618,20.6,19.21,1.290,40.0
41.49,10.290,15.8,23.50,5.051,47.0
15.01,1.344,30.3,49.15,1.511,35.0
11.85,2.526,41.0,7.46,1.004,23.0
13.32,0.895,70.0,47.82,3.638,26.0
17.95,2.295,28.9,7.90,1.677,83.1
29.18,1.199,80.5,7.09,1.407,46.6
33.96,1.947,48.6,10.62,1.324,40.5
38.77,5.422,38.1,28.26,1.657,78.8
7.64,0.673,64.6,113.12,2.561,24.6
26.53,0.919,74.4,34.15,2.367,61.2
41.50,2.870,23.0,94.23,2.174,8.3
136.36,2.439,50.4,116.27,2.640,14.8
9.22,0.995,130.2,39.51,2.123,11.0
7.98,1.803,21.8,15.16,1.158,92.8
6.89,1.114,60.1,28.17,3.046,35.8
15.33,1.663,19.2,21.95,1.399,57.3
27.76,1.741,53.5,59.39,0.981,45.6
123.71,2.999,22.6,155.02,2.357,48.0
22.18,1.760,49.1,80.79,1.381,51.5
18.56,3.121,13.8,9.64,0.709,87.0
19.57,3.113,66.1,22.10,1.147,73.6
23.75,1.581,26.1,9.86,1.417,59.8
31.35,3.878,45.5,12.74,0.489,26.7
92.93,2.417,24.0,57.70,1.646,38.7
34.85,2.478,9.6,27.31,0.827,107.2
55.44,4.137,18.2,97.34,6.847,23.0
48.31,2.725,15.7,24.65,0.817,45.0
9.96,1.927,74.9,33.61,2.664,13.9
68.45,1.108,35.9,80.12,2.820,20.2
65.71,2.304,33.7,53.42,1.376,79.7
94.12,6.182,44.0,72.73,3.710,15.3
32.79,2.123,29.8,45.94,1.330,34.5
22.46,0.769,33.7,24.03,2.377,43.4
31.34,2.575,49.3,24.33,1.245,62.1
12.60,1.570,11.6,48.34,1.242,70.6
28.45,1.407,65.7,33.89,1.912,36.4
33.84,1.558,35.7,83.25,6.726,26.0
11.37,1.472,40.8,23.44,1.730,92.0
72.62,1.278,57.1,15.94,1.431,82.7
20.32,0.765,10.3,28.86,2.800,3.8
15.61,1.165,47.7,92.36,1.535,30.2
10.07,2.295,90.8,19.31,3.616,33.0
10.43,2.327,21.3,16.99,1.276,26.6
24.64,0.918,82.6,14.69,1.897,43.5
12.37,1.091,67.6,7.65,1.812,19.9
17.14,2.514,42.0,18.02,0.520,63.3
7.47,1.264,12.5,47.17,1.166,40.5
58.01,3.483,43.2,27.26,0.912,7.4
9.89,0.981,35.7,57.88,1.932,27.8
16.10,0.935,93.1,10.30,1.925,69.3
12.05,2.565,39.8,9.54,0.716,9.7
76.60,2.229,21.8,9.32,0.875,103.3
23.53,1.119,22.0,11.16,1.812,15.2
13.84,0.457,35.3,15.64,2.784,31.2
72.79,1.234,41.0,9.47,1.027,54.9
45.64,1.834,25.1,11.16,1.106,78.6
22.74,3.263,21.0,14.32,0.781,18.7
53.58,7.664,30.6,8.25,1.351,33.2
11.98,1.081,37.8,128.77,3.242,46.9
9.13,1.351,20.6,22.61,1.571,45.1
17.82,1.144,61.4,20.09,2.020,25.0
17.41,1.854,34.3,13.75,1.785,43.8
28.07,2.115,84.7,34.86,1.704,15.2
11.38,1.067,15.2,68.69,3.195,24.1
18.67,2.321,32.8,24.63,0.507,160.4
6.75,1.648,48.0,13.27,1.590,43.4
25.52,1.828,36.4,30.14,1.359,26.4
22.13,2.390,71.8,31.11,0.973,41.0
55.06,0.746,127.1,20.17,1.761,50.5
15.65,2.951,23.4,10.55,0.776,16.1
35.75,1.692,46.3,7.52,1.067,55.8
20.82,0.975,87.7,8.82,1.596,13.5
23.89,0.832,55.2,94.12,2.890,47.4
19.15,1.180,31.9,18.94,2.370,51.7
41.15,1.978,23.8,158.17,5.909,17.1
175.52,3.016,59.2,159.09,3.471,19.4
7.18,1.004,51.1,19.98,2.672,48.2
78.93,1.723,9.5,21.16,1.640,15.6
26.30,1.843,24.4,26.44,1.471,67.4
24.82,3.201,82.5,22.88,0.367,129.3
68.66,1.580,40.5,61.83,2.199,67.3
46.63,0.835,94.1,52.00,2.582,40.3
10.03,1.099,42.9,9.64,1.977,48.1
47.94,2.968,35.9,14.38,0.812,73.6
31.23,1.291,26.7,65.75,2.403,54.1
128.93,9.011,25.8,12.62,1.370,28.7
82.65,8.267,14.1,14.23,0.808,88.9
32.12,1.101,76.6,220.95,5.940,32.1
21.08,2.058,41.1,48.35,1.086,57.0
22.91,0.988,31.1,8.74,1.614,34.1
6.51,1.230,93.5,30.26,2.625,41.9
50.09,2.686,40.2,14.07,1.088,30.3
47.26,0.860,40.6,19.57,2.055,24.4
12.71,3.258,19.4,10.15,0.764,63.7
45.82,1.149,47.3,8.70,1.493,35.5
14.29,1.437,16.6,7.20,1.477,37.5
6.44,1.497,20.4,19.01,0.900,44.0
94.92,1.739,42.5,115.97,4.653,42.2
8.72,2.119,33.8,10.67,0.828,37.3
31.03,2.668,29.2,30.07,2.265,39.3
107.32,2.943,28.0,47.45,2.430,20.5
53.74,1.283,43.8,38.29,2.229,28.3
53.89,3.346,47.6,90.20,4.188,44.5
54.57,0.953,110.0,75.30,3.022,25.5
15.44,2.846,34.0,26.85,0.946,16.7
100.60,5.640,26.5,122.74,4.530,39.9
26.58,1.043,31.5,22.91,2.345,31.2
8.18,1.308,20.0,17.25,1.786,12.7
13.98,0.541,65.7,13.04,3.445,64.8
86.83,1.851,31.1,12.41,1.010,33.4
133.36,2.049,24.8,116.19,4.457,19.5
61.54,1.189,42.4,103.44,2.715,40.5
6.30,0.925,113.5,83.14,1.478,29.2
18.42,1.310,38.5,11.59,1.983,77.4
37.01,1.323,33.3,28.78,1.779,42.4
46.25,1.685,38.4,54.45,2.056,4.1
36.72,1.569,46.2,36.27,1.724,51.1
20.65,0.823,45.3,50.22,2.893,20.6
12.93,2.489,54.4,22.44,1.550,55.8
40.62,1.269,28.5,36.78,1.957,39.5
50.96,4.417,27.6,6.07,0.607,68.4
14.26,3.338,12.7,12.84,0.308,87.9
33.62,2.106,15.7,59.64,1.912,46.4
22.70,1.832,38.9,25.83,1.392,53.2
38.17,2.475,20.1,30.82,1.732,34.1
7.08,0.518,97.5,126.15,3.738,23.1
13.67,1.518,49.5,12.04,2.266,2.7
7.98,1.881,6.5,15.15,0.750,8.9
13.83,2.538,21.4,8.39,1.304,93.7
53.21,2.188,18.3,54.29,2.330,23.9
21.94,0.732,107.2,64.93,3.161,72.5
100.59,5.298,40.3,52.23,1.160,81.5
29.42,1.982,28.5,26.98,4.013,13.7
6.19,1.636,54.4,8.93,1.477,26.0
41.16,2.335,11.7,22.65,3.100,47.4
12.56,2.312,51.8,40.49,2.463,86.0
22.33,0.782,60.4,44.12,3.100,38.2
9.11,1.888,36.2,14.05,0.986,42.4
34.80,6.548,16.1,14.18,0.941,66.1
49.35,1.988,13.6,19.80,1.445,43.7
9.65,1.314,19.2,62.97,3.383,30.4
6.08,1.093,40.6,16.19,3.279,24.7
14.82,0.921,68.9,10.39,2.638,16.2
32.15,1.197,25.6,17.31,2.179,45.0
45.48,2.215,39.0,16.74,1.239,41.9
40.75,0.799,52.8,6.22,1.307,47.2
41.30,1.596,89.9,33.62,1.926,23.9
10.06,1.595,37.3,20.49,1.155,76.9
23.80,1.376,37.3,10.38,1.649,31.7
77.91,2.952,16.0,79.59,1.449,69.7
18.30,1.128,82.3,73.63,3.395,44.0
107.48,2.120,33.4,55.28,3.073,42.7
7.43,1.708,30.7,15.75,1.010,50.0
24.85,1.588,32.0,12.34,1.736,28.0
6.46,0.781,66.6,65.46,3.022,24.3
196.92,6.617,13.8,24.90,1.307,22.4
8.15,2.115,16.9,11.10,0.955,89.5
22.98,3.004,18.0,10.09,1.969,32.0
42.87,3.143,40.8,51.12,1.081,36.5
28.02,0.814,57.5,244.89,5.578,31.6
22.91,4.378,26.0,18.25,4.379,42.2
34.58,4.030,10.0,9.56,0.508,56.7
56.49,0.945,48.8,31.32,1.968,62.6
84.58,2.570,9.3,45.28,2.171,52.9
9.58,2.463,14.6,9.23,1.153,29.5
64.13,1.430,63.3,26.64,2.506,29.8
12.77,2.655,11.5,11.02,0.739,101.1
70.70,1.950,57.2,39.11,2.586,41.2
50.20,1.472,66.7,15.15,1.888,51.5
23.21,2.201,20.5,69.39,4.566,49.2
20.93,2.214,30.1,7.99,1.645,49.1
27.26,1.292,18.0,9.28,1.391,56.1
12.40,1.289,61.9,14.93,2.630,27.0
82.74,2.405,21.0,111.08,2.327,27.9
7.56,0.892,36.2,53.93,1.872,34.7
10.56,1.962,16.0,46.64,2.355,12.1
24.37,1.947,1.4,17.88,1.291,73.7
97.70,4.616,44.7,56.91,0.996,118.3
10.06,1.399,54.3,37.33,0.882,85.9
11.82,2.241,20.4,18.17,0.525,14.7
48.00,2.198,19.9,32.22,1.891,15.3
12.83,1.829,68.0,6.12,1.458,29.7
7.85,1.355,68.7,30.62,1.037,49.2
7.01,1.147,35.0,46.79,1.586,50.6
12.58,1.439,48.6,53.40,3.785,15.9
88.74,2.542,62.8,15.79,1.030,52.3
6.15,0.961,4.5,33.28,1.975,46.2
138.70,4.587,15.5,132.55,4.653,31.2
9.71,1.432,23.5,27.48,2.977,67.0
45.51,2.879,20.5,68.44,4.914,21.4
45.30,2.052,68.5,44.83,1.225,45.6
101.47,3.466,62.6,16.91,1.411,92.9
7.02,1.647,23.3,7.15,1.460,7.1
14.00,0.749,106.8,33.08,3.093,6.0
9.68,0.924,77.1,13.68,2.407,24.4
86.70,6.187,16.2,27.67,3.509,38.0
51.99,0.976,106.1,21.62,1.807,13.7
15.53,1.140,27.0,6.18,1.578,45.7
10.01,0.821,57.3,61.93,2.585,29.7
96.21,2.201,10.3,108.08,4.480,36.7
12.19,2.800,29.1,10.51,0.673,59.9
15.10,1.824,59.7,21.03,1.105,29.9
28.56,2.127,38.8,17.44,1.116,69.2
19.10,2.985,20.4,11.37,0.663,81.9
51.04,1.329,30.3,27.74,1.728,46.9
36.48,0.727,90.5,74.68,2.938,22.5
34.46,1.316,3.4,18.38,1.790,4.9
14.83,1.919,32.4,7.02,1.456,50.6
6.61,1.576,68.8,19.08,1.649,30.2
8.72,1.444,46.3,22.94,1.376,26.0
17.57,1.480,57.2,10.05,2.517,23.6
12.92,1.126,61.8,23.47,2.223,21.4
57.63,2.918,78.3,28.26,0.784,21.6
23.23,1.773,23.1,25.62,1.547,57.0
34.59,5.396,10.8,9.17,0.549,122.0
18.71,1.938,19.4,59.52,1.201,27.7
58.12,1.485,56.9,17.21,1.377,83.6
6.09,1.393,24.8,11.16,1.763,50.7
30.89,1.811,41.1,29.71,1.744,72.0
8.90,1.681,12.7,26.63,0.498,62.5
20.97,1.090,16.2,52.93,2.198,14.5
449.10,8.087,41.6,84.35,2.837,26.0
120.89,4.690,23.8,24.33,1.247,26.2
20.81,0.654,105.5,6.17,1.512,32.1
17.15,0.909,88.6,85.93,2.911,39.8
201.44,2.741,41.8,105.87,3.666,23.5
35.82,1.909,37.1,43.55,1.368,20.3
10.92,1.199,44.8,22.20,2.009,9.9
23.04,1.502,35.2,63.07,1.373,53.0
10.68,1.361,57.0,45.99,2.110,29.5
18.75,1.949,41.3,59.34,1.211,101.6
16.24,1.636,1.5,55.44,1.361,48.5
34.58,0.725,46.6,6.89,1.233,56.5
14.40,1.569,25.4,39.03,1.762,55.0
44.29,3.219,21.6,7.28,1.393,26.7
17.25,2.244,17.0,12.09,1.146,41.2
10.85,0.468,90.6,274.51,5.192,20.5
37.37,2.364,52.3,7.53,1.151,67.9
103.69,5.275,16.0,62.12,1.876,25.2
8.91,2.132,37.5,28.38,1.858,43.4
14.71,1.080,42.2,77.11,3.038,49.6
21.37,1.142,47.0,93.25,9.624,20.5
10.01,1.182,22.4,19.79,2.174,24.3
10.07,1.543,48.0,46.91,0.912,56.2
43.64,3.497,9.9,19.43,0.522,75.5
22.33,1.955,37.7,6.94,1.332,33.1
12.21,2.039,29.0,15.44,0.944,82.3
6.29,1.257,27.5,22.49,1.374,11.4
21.09,1.721,49.5,9.80,1.591,34.1
10.92,1.829,1.1,18.45,1.142,19.9
13.15,2.817,3.5,7.26,0.784,78.8
35.19,3.249,28.1,22.34,0.405,160.8
6.97,0.433,83.7,23.94,4.307,19.7
21.65,0.909,74.9,34.17,2.461,29.5
16.53,2.167,14.2,35.06,0.820,52.9
23.47,0.820,49.7,104.90,2.858,4.2
53.01,3.097,36.7,6.79,1.150,31.6
34.85,2.035,42.3,99.66,1.929,46.1
63.48,2.346,39.0,10.17,0.858,65.9
11.91,0.729,34.9,76.96,3.531,17.2
19.14,1.439,28.1,44.14,2.030,47.1
13.17,1.082,85.6,36.69,2.272,11.5
54.68,2.893,22.2,23.46,1.085,37.5
22.74,0.605,35.5,99.58,4.230,43.0
14.10,2.587,22.3,6.10,0.912,91.7
20.91,1.516,47.1,8.44,1.962,5.9
13.39,2.160,21.9,22.82,1.271,25.2
61.15,2.425,50.2,15.62,0.954,48.8
47.00,0.709,130.4,73.82,4.223,24.5
7.36,1.743,12.1,13.06,2.992,14.9
11.93,0.465,22.2,54.78,4.928,33.1
17.05,1.846,31.6,74.30,2.728,54.9
19.56,0.821,50.2,7.06,1.822,89.8
53.66,1.456,53.1,17.31,1.918,73.1
6.20,1.315,39.7,12.52,2.355,31.9
32.26,1.168,11.7,18.08,2.092,28.0
33.37,1.872,53.7,20.05,1.326,69.0
17.38,0.587,120.6,117.64,4.132,11.8
24.12,2.071,45.3,6.50,1.223,49.1
31.11,0.976,97.8,63.08,3.402,12.8
61.32,2.940,29.5,15.75,1.228,5.7
29.55,1.378,102.6,13.16,1.560,19.1
29.59,0.874,99.6,57.74,3.018,48.4
8.82,2.248,32.0,10.48,1.926,47.5
20.39,0.821,48.1,21.84,2.786,37.2
22.28,3.504,40.9,10.64,1.916,16.2
12.98,1.107,58.7,90.59,2.039,38.4
11.27,1.216,9.1,13.64,2.034,58.4
110.05,1.538,45.9,414.83,6.564,20.1
55.32,5.888,29.5,8.84,0.502,39.0
52.13,3.260,47.9,15.19,0.717,42.5
23.85,1.350,32.9,21.40,2.019,33.5
8.41,0.490,58.3,187.57,3.889,45.9
122.07,2.655,43.8,35.18,2.033,35.4
17.42,1.054,64.2,116.41,2.433,20.8
45.79,2.475,33.7,79.52,8.142,35.7
73.76,1.865,14.3,15.01,1.109,36.7
22.57,3.259,42.8,14.83,0.987,58.2
24.30,1.185,45.3,49.94,4.004,15.1
85.85,3.930,30.4,91.56,1.489,58.2
60.35,1.869,46.0,34.92,1.603,56.5
16.07,2.159,56.9,38.30,2.594,25.6
40.08,2.034,18.5,33.08,2.690,22.4
14.66,0.867,51.8,77.44,2.545,31.2
35.02,0.930,26.3,217.77,3.846,23.0
20.06,1.521,50.2,16.33,3.021,68.5
26.16,2.292,23.6,8.96,1.135,25.2
32.95,0.986,23.3,34.20,3.003,24.4
12.42,0.648,73.9,54.86,3.801,44.1
52.35,3.416,33.8,7.64,0.926,29.6
14.70,1.336,19.7,16.43,1.904,62.6
41.46,0.701,85.9,9.29,1.367,88.1
7.33,1.547,72.5,19.99,1.781,18.5
98.07,2.880,45.1,89.97,2.999,37.9
25.22,2.293,27.1,22.09,1.074,33.8
25.75,0.815,51.0,9.15,1.552,15.2
79.61,1.904,63.0,102.35,2.582,50.2
39.31,2.208,15.4,13.08,1.236,28.8
8.59,0.288,85.3,84.03,7.154,20.0
16.01,0.988,42.8,257.46,3.930,13.9
6.74,0.809,74.7,20.31,2.928,10.5
34.88,1.630,35.6,84.57,1.767,44.3
12.13,2.354,27.0,7.99,1.288,33.8
9.17,0.304,140.0,20.84,3.952,20.0
24.39,1.861,19.5,16.27,1.479,40.3
7.28,1.080,23.0,87.44,2.933,37.0
247.45,3.973,16.9,38.19,1.743,39.6
133.07,3.070,23.6,67.44,1.250,35.9
19.65,1.971,36.0,33.98,2.862,39.9
8.23,1.749,56.9,19.56,0.612,43.2
17.09,1.433,75.4,66.53,1.578,14.0
8.42,1.459,45.7,6.83,1.601,29.5
7.87,1.459,8.3,8.45,1.677,6.8
24.23,2.291,53.3,80.74,2.455,22.0
21.34,0.858,89.1,81.45,2.875,33.5
14.18,1.632,76.7,28.38,3.604,44.1
24.35,1.345,34.7,11.99,2.099,26.3
12.50,1.894,29.5,26.73,1.775,25.8
176.57,3.209,18.1,24.49,1.393,20.4
10.74,0.997,48.2,84.16,1.741,42.6
21.21,0.813,62.3,7.86,1.806,17.7
95.61,2.304,25.0,27.98,1.529,29.9
8.55,1.096,46.9,32.78,2.111,14.0
17.59,1.240,55.8,53.53,3.233,18.6
15.63,1.273,69.8,19.74,2.346,50.6
79.87,2.259,20.5,21.26,1.452,34.4
11.15,1.957,99.5,14.09,1.008,98.5
70.04,2.046,58.8,13.46,1.238,23.1
9.62,1.039,88.6,43.04,1.873,70.9
32.63,1.754,66.1,58.50,2.229,24.0
9.08,1.487,104.3,9.36,1.871,69.5
63.30,1.865,57.1,54.62,1.719,17.7
63.21,2.565,37.0,18.17,1.370,35.4
34.12,2.315,29.6,36.04,2.130,52.6
34.19,1.767,2.7,10.46,1.302,50.3
16.06,1.226,47.6,46.52,2.095,2.8
13.51,1.801,56.0,21.80,1.026,92.7
16.65,2.042,29.1,7.23,1.169,40.9
9.38,0.808,129.0,19.12,2.853,48.8
7.03,1.791,75.6,13.92,2.697,49.6
27.09,1.748,12.4,10.84,1.793,32.1
10.22,1.691,88.7,30.97,0.822,70.8
6.45,1.049,44.4,25.62,2.177,35.0
10.40,1.674,24.0,24.06,1.272,45.7
16.17,1.286,25.6,76.07,3.302,56.9
48.02,1.603,61.9,109.14,4.097,32.9
39.12,0.943,100.1,89.23,2.915,17.9
12.02,1.265,60.2,13.91,2.065,48.7
56.88,1.826,40.8,54.85,1.616,44.2
7.79,1.056,43.8,14.27,3.376,19.2
24.99,0.812,21.3,92.28,3.017,29.3
14.53,1.017,75.2,14.12,2.153,29.3
42.36,1.644,72.5,100.74,4.775,40.7
15.39,1.117,91.6,65.53,2.056,24.3
190.23,3.517,34.8,83.41,3.522,14.9
26.16,2.353,60.7,39.04,2.911,10.8
19.08,1.787,21.9,6.65,1.199,20.7
39.74,2.087,21.7,45.27,1.133,61.5
19.10,1.615,53.7,23.83,1.514,46.0
30.53,4.518,41.2,16.74,1.239,65.4
11.04,2.005,18.2,15.60,0.913,114.5
44.76,2.182,14.9,20.94,1.278,18.6
35.64,2.378,1.4,27.08,0.894,103.8
34.04,2.061,45.0,41.93,0.957,98.8
11.12,1.592,17.5,8.96,1.622,35.9
9.50,2.166,40.2,14.58,0.940,18.0
48.91,1.438,40.6,31.35,1.710,20.6
26.08,2.037,8.4,9.85,1.144,16.2
20.00,1.207,39.1,57.19,3.835,8.7
92.92,2.004,36.7,103.36,2.302,14.1
10.60,1.535,52.9,31.44,1.012,58.9
125.20,4.981,40.4,93.12,5.748,7.5
47.50,1.486,28.7,23.37,1.783,62.1
38.11,1.605,31.0,77.52,7.631,9.1
11.08,1.043,69.1,75.72,4.845,10.4
30.30,0.620,154.6,198.79,3.962,26.8
26.20,1.698,54.0,7.00,1.741,75.6
62.11,2.224,44.9,16.22,1.209,60.1
11.44,1.285,47.3,39.51,1.523,49.9
156.66,4.891,61.7,89.72,1.457,21.0
620.82,8.558,43.5,366.36,5.562,46.6
26.42,0.878,49.9,253.36,12.532,29.2
40.29,1.759,46.1,10.42,1.199,22.5
21.60,3.000,39.8,9.93,1.151,44.6
23.80,0.958,61.6,17.65,2.982,88.2
86.07,6.069,9.2,54.99,4.186,37.3
29.24,1.623,85.3,218.84,7.368,27.2
141.97,3.325,13.0,12.92,0.627,73.3
43.78,1.988,29.1,28.89,1.915,24.3
75.52,3.196,33.4,46.69,0.690,135.6
18.93,1.059,24.8,16.08,2.024,2.5
12.45,2.458,28.1,10.49,1.118,20.3
140.98,3.604,35.7,53.02,1.241,27.1
30.25,1.764,3.8,13.78,1.526,25.5
7.90,1.324,44.6,31.86,0.883,43.4
6.03,1.167,83.5,24.51,1.570,64.6
113.01,4.678,25.5,110.63,1.550,40.2
7.32,1.184,59.4,15.64,2.036,44.6
35.12,0.801,113.6,109.14,2.952,22.0
10.79,1.791,52.9,10.54,1.312,24.3
26.93,1.138,53.0,19.81,1.908,28.9
12.80,1.907,54.2,26.81,1.454,75.8
49.11,2.473,30.9,13.24,1.017,44.0
60.90,1.227,34.5,104.56,2.673,17.8
10.00,1.411,25.8,22.10,2.528,32.5
21.37,1.970,31.7,43.49,1.729,64.5
33.70,1.269,46.1,267.56,3.727,20.2
13.85,1.799,52.4,18.22,1.361,11.7
20.08,1.222,68.3,82.23,3.017,25.1
143.30,2.888,50.4,72.06,2.538,46.5
23.55,1.227,46.7,35.90,4.250,17.9
14.64,0.984,76.4,98.96,3.923,16.0
84.86,4.196,26.6,10.74,0.572,158.9
24.46,2.587,31.3,24.67,0.504,39.6
14.48,0.807,24.2,20.33,3.181,24.7
41.13,2.180,27.7,20.66,1.848,23.5
80.80,1.755,20.0,6.69,0.785,46.0
11.71,1.303,34.8,65.55,0.896,75.6
22.05,2.505,8.5,10.58,0.939,2.8
9.41,1.138,42.0,10.11,2.578,21.4
13.09,1.054,26.7,137.22,3.125,12.4
28.26,1.683,39.8,24.89,1.536,25.3
251.43,5.261,45.4,126.29,4.754,12.9
65.32,0.961,42.7,19.02,1.660,92.8
7.03,0.654,27.6,108.31,2.940,40.8
13.45,1.727,32.5,13.54,1.482,5.9
166.52,5.140,3.2,48.22,2.306,22.1
63.63,1.010,125.6,6.30,1.058,34.2
29.66,0.831,77.6,52.77,2.659,34.3
15.56,0.481,80.5,17.29,2.833,28.0
19.40,1.229,20.8,10.49,2.745,49.4
29.79,3.129,9.3,14.33,1.212,4.2
12.34,2.317,53.7,13.95,1.073,92.7
64.51,1.357,54.1,86.42,2.928,24.6
54.53,2.413,32.3,68.55,1.252,68.8
179.49,2.640,19.1,85.38,2.107,48.5
7.03,1.625,75.2,8.32,1.489,72.7
20.16,3.810,29.9,10.98,1.248,36.3
34.30,1.586,29.2,29.60,1.805,60.0
40.69,1.697,81.1,76.98,3.109,40.3
21.36,1.257,30.1,46.34,1.945,11.1
27.32,1.373,44.0,9.98,1.933,31.8
50.54,3.218,17.9,15.20,1.593,58.0
9.96,1.470,17.4,45.57,4.878,18.6
9.21,1.926,41.8,13.80,1.649,76.1
38.39,1.013,73.7,51.14,2.218,21.6
68.68,3.833,20.6,20.97,0.845,67.3
84.11,1.653,47.4,24.02,1.352,32.9
17.15,1.413,7.8,43.85,2.415,14.1
33.09,1.529,16.4,16.88,1.591,21.7
14.36,0.760,70.5,235.54,4.806,29.3
12.87,0.970,63.7,29.71,3.467,36.9
30.55,1.706,20.6,47.26,1.748,35.6
7.65,1.146,104.8,64.17,1.264,61.9
6.46,0.991,31.0,43.83,1.510,12.7
40.90,2.299,35.7,46.39,0.760,1.6
70.41,5.270,68.6,49.97,4.075,19.7
92.16,1.877,36.2,29.57,1.894,9.1
27.48,5.085,19.7,17.73,0.824,75.0
23.38,3.449,12.2,17.66,4.683,8.9
111.31,3.305,56.2,25.05,0.720,81.3
43.80,1.125,26.6,26.90,2.080,17.4
99.43,5.195,15.5,35.01,2.049,30.7
29.63,1.542,18.4,92.05,1.392,21.1
54.93,2.373,47.7,59.10,1.694,47.8
20.97,0.537,43.9,135.35,4.374,35.2
28.00,1.468,57.6,71.60,1.685,30.1
6.64,1.078,37.7,34.29,2.527,11.9
10.09,2.069,56.9,9.68,1.577,39.1
28.23,2.701,75.2,55.42,1.357,83.8
15.99,1.708,22.6,63.78,1.926,15.6
76.70,1.692,30.1,28.75,1.481,32.6
99.03,1.649,19.8,7.47,0.960,66.8
11.67,2.031,19.7,13.83,1.193,22.7
85.59,4.255,29.3,19.45,1.433,39.0
25.23,4.060,18.7,9.05,0.403,200.3
150.33,3.844,42.3,10.22,1.023,37.3
31.64,2.389,26.8,7.46,0.935,43.2
94.32,3.183,27.6,11.41,0.811,40.9
17.96,1.893,52.0,8.57,2.107,22.4
10.61,1.992,15.7,50.43,4.404,30.1
8.38,1.351,42.1,48.69,0.856,81.9
88.86,2.460,28.3,36.11,1.071,20.0
98.10,9.106,23.2,244.51,19.614,25.1
37.16,3.073,16.1,13.03,0.861,42.5
19.79,0.751,10.8,13.51,2.223,62.0
27.86,4.579,15.7,20.47,2.230,35.2
8.02,1.715,40.2,18.89,1.593,30.2
38.31,1.401,42.2,25.54,3.366,30.3
17.60,4.254,13.5,18.72,2.501,26.8
35.28,3.089,49.0,16.35,0.688,67.3
51.15,1.419,47.9,29.08,1.726,18.0
20.12,0.752,98.4,46.10,4.098,47.8
21.58,1.179,33.5,11.32,1.618,35.6
34.98,3.160,32.2,26.00,4.541,10.5
34.12,2.252,21.8,6.30,0.909,66.3
75.45,3.716,11.4,106.58,1.619,11.0
34.13,2.515,32.8,15.75,1.847,38.1
38.56,1.528,15.0,33.07,2.011,25.5
48.63,2.506,21.5,55.66,1.071,45.6
51.53,2.640,64.4,21.32,1.194,51.8
57.68,1.794,28.4,101.15,1.969,32.3
17.84,1.628,41.2,10.11,1.614,34.2
175.82,3.474,16.1,9.90,0.657,96.9
59.89,1.354,49.8,53.00,2.429,27.7
8.76,0.638,103.8,25.11,3.518,14.4
9.22,1.655,41.9,16.64,1.893,11.5
40.12,1.526,26.2,114.91,2.706,27.2
9.50,1.799,16.3,20.93,1.108,95.9
10.21,2.051,15.7,7.96,1.165,71.6
87.35,2.561,36.9,180.40,3.879,39.3
18.96,1.148,30.7,31.98,2.655,34.5
11.98,1.020,2.7,56.08,3.962,15.1
25.39,1.450,133.1,6.31,1.565,18.2
22.37,2.715,56.3,13.68,2.213,22.6
7.24,0.936,29.8,12.77,2.460,55.8
10.95,1.299,41.3,20.07,3.119,17.2
11.68,1.157,33.8,13.24,2.647,35.3
22.55,3.537,35.4,18.16,0.417,225.0
74.05,2.213,87.2,39.67,1.818,57.5
52.04,0.961,54.0,94.10,2.924,18.1
6.18,1.277,80.8,22.23,1.304,71.9
6.25,1.299,33.3,39.19,1.116,30.4
8.50,1.510,38.4,24.28,1.381,26.1
76.86,2.565,39.2,29.70,1.007,30.3
14.19,1.087,62.6,152.97,2.558,40.7
24.74,4.308,45.5,21.55,1.169,32.5
57.64,4.255,20.6,44.94,1.087,78.2
24.74,2.341,16.4,90.66,3.132,22.1
11.58,1.830,33.2,57.09,4.332,40.9
18.26,3.771,62.1,12.97,0.265,276.2
28.34,2.254,54.5,36.76,0.874,47.4
80.88,4.007,43.9,56.54,2.405,31.8
44.50,2.430,40.3,33.89,1.243,24.6
10.35,1.778,13.9,30.04,1.694,39.0
37.99,0.937,68.4,11.40,1.514,28.2
7.67,0.829,74.0,82.04,2.031,35.1
70.01,1.134,79.4,26.92,1.841,11.7
56.27,7.304,11.9,19.60,2.700,18.0
15.93,2.234,49.7,7.12,1.379,56.9
14.61,2.069,26.6,14.08,1.328,35.2
30.92,3.392,22.7,7.13,0.706,63.1
39.02,1.531,35.4,23.06,3.025,39.4
9.45,1.458,57.4,18.96,1.558,27.6
119.50,3.158,30.3,40.53,1.015,37.2
10.29,1.202,70.7,37.16,3.337,16.1
11.04,0.863,26.6,7.97,2.003,24.1
7.87,1.928,61.2,6.81,1.775,77.6
10.97,1.127,46.9,40.72,2.083,34.9
58.06,1.727,31.2,17.37,1.655,30.2
25.09,1.886,26.2,39.71,1.315,42.1
11.17,2.334,27.2,14.36,2.716,22.4
136.81,2.509,41.2,6.35,0.693,61.1
69.30,1.724,31.8,61.68,1.869,70.6
37.52,3.219,25.5,21.37,0.985,55.9
17.55,0.959,19.8,56.85,3.943,43.6
45.20,1.721,23.1,18.43,1.437,30.1
10.18,1.127,13.0,14.26,2.150,49.8
94.56,1.497,34.8,46.21,1.834,7.7
55.69,2.856,29.0,63.74,0.989,122.1
8.50,0.924,65.4,69.58,3.986,49.9
9.40,1.758,55.9,16.52,1.261,19.0
25.00,1.326,42.7,9.72,1.921,117.5
99.33,4.288,4.7,26.99,1.885,16.7
8.76,0.676,145.4,115.41,3.486,6.4
28.87,6.362,26.2,14.61,2.003,15.2
31.73,1.967,4.8,21.23,1.731,50.7
12.73,1.270,15.8,22.64,2.466,18.9
203.99,2.964,62.3,6.00,0.606,63.7
26.48,2.101,20.5,28.38,1.006,23.3
6.44,1.566,14.2,34.57,1.887,29.4
100.45,3.440,29.4,20.94,0.709,62.8
26.87,2.098,11.2,6.84,1.024,48.7
77.05,2.229,53.0,10.61,0.843,44.5
21.43,0.661,132.9,33.94,4.713,30.6
16.81,0.915,45.7,60.68,3.473,25.0
10.15,0.953,19.3,108.97,3.233,32.6
11.99,0.848,61.1,59.65,2.774,19.6
18.49,0.758,136.7,17.18,2.907,34.0
62.22,0.858,89.9,184.43,6.059,27.5
27.74,1.160,47.5,14.31,1.635,61.1
26.68,1.955,43.4,35.70,2.053,21.2
42.19,1.428,43.7,30.00,2.067,9.1
44.25,2.238,29.0,54.03,1.502,36.8
6.84,0.599,137.8,75.11,3.610,53.7
20.70,1.084,112.8,46.54,2.221,46.7
36.66,1.703,26.8,22.96,1.531,14.0
14.77,3.698,37.0,13.02,3.121,11.0
11.82,2.356,51.8,9.42,1.106,69.2
11.94,2.335,18.4,9.59,1.078,65.4
14.42,3.410,43.1,8.95,0.310,101.1
13.84,0.985,30.7,13.10,2.310,43.6
58.40,2.699,78.1,23.04,1.250,30.7
63.26,2.590,62.9,33.20,1.858,38.3
19.29,3.817,15.7,9.04,0.868,71.8
7.27,1.325,23.9,10.59,1.886,23.0
12.07,1.187,58.8,39.47,2.434,29.0
13.76,1.819,64.9,7.47,1.540,47.9
23.86,2.813,32.7,12.19,0.985,20.1
12.48,1.061,18.8,37.91,2.607,32.5
44.25,0.806,28.2,107.47,5.156,20.7
27.01,1.977,30.3,16.21,1.245,60.5
35.13,1.434,47.2,59.72,3.597,13.1
23.73,1.847,21.1,6.64,1.747,23.2
17.34,2.800,52.2,44.65,5.540,37.1
7.65,0.798,8.9,140.96,4.067,37.8
77.36,2.785,19.8,32.69,2.146,1.8
11.05,2.598,26.3,22.64,1.286,10.9
43.21,0.776,82.5,89.46,3.545,63.4
34.78,1.672,37.2,21.91,3.164,44.9
7.08,0.612,146.7,97.25,3.029,25.9
22.54,2.683,33.9,52.27,2.172,10.3
15.23,2.659,86.3,14.53,0.737,8.4
7.83,1.611,117.3,39.34,2.517,31.5
44.02,1.514,45.7,41.57,2.219,39.8
11.93,1.444,44.2,64.79,0.998,24.2
15.82,1.119,76.2,25.54,4.813,29.4
389.32,6.040,10.4,66.49,2.093,40.5
9.29,0.270,111.8,13.61,3.545,18.9
11.76,0.937,38.7,31.23,2.592,13.6
6.23,0.940,102.7,32.60,2.589,9.3
8.20,2.012,43.8,16.25,1.375,43.4
56.36,4.242,30.9,10.88,0.879,133.1
18.22,1.080,54.9,8.31,1.763,19.5
6.90,0.736,42.2,16.85,3.851,45.0
6.45,0.835,50.6,43.71,3.962,25.3
12.45,1.232,16.2,16.09,2.221,46.2
49.34,1.843,30.3,13.03,1.372,56.1
15.30,1.313,25.8,10.98,2.308,23.3
15.00,1.330,59.3,24.38,2.218,36.2
96.68,2.777,22.1,25.65,0.948,33.0
36.59,3.006,38.8,10.64,0.829,134.9
12.50,1.995,7.2,8.43,1.244,55.2
20.05,2.909,37.6,29.33,2.734,28.9
22.45,2.671,27.1,10.77,0.930,45.7
22.68,0.446,128.8,311.44,5.294,15.2
38.51,2.503,24.3,37.71,1.359,36.4
13.65,2.219,27.3,11.36,0.973,65.5
56.93,2.769,16.4,145.71,4.965,5.7
30.84,3.206,25.7,27.69,0.497,78.1
102.70,4.419,23.7,20.59,0.984,44.1
118.31,2.368,15.1,22.33,1.103,70.1
103.07,4.546,3.4,90.06,2.148,44.5
30.52,1.880,41.1,84.80,1.850,27.3
6.66,0.881,29.3,59.62,1.809,85.8
9.77,2.550,31.4,8.79,0.984,75.7
41.00,1.089,59.3,75.45,3.729,19.6
6.54,1.670,36.7,9.76,1.279,33.6
78.54,2.958,44.7,13.71,1.014,35.9
55.69,3.532,44.3,8.11,1.551,46.0
50.98,1.948,14.9,59.74,1.401,15.3
32.35,4.105,32.8,66.05,4.046,11.4
6.12,1.454,73.4,18.13,1.351,68.2
28.98,4.293,22.7,15.43,1.989,25.9
32.37,2.734,27.0,18.49,3.769,20.2
21.41,1.566,13.4,135.55,2.519,35.3
15.82,1.966,48.5,23.93,0.870,41.8
20.13,2.762,18.0,14.03,1.252,95.1
6.63,1.375,29.8,17.19,1.445,66.4
10.40,0.975,92.5,48.33,3.451,25.6
27.15,2.045,10.0,10.18,1.240,49.9
9.53,1.432,22.9,50.91,2.123,75.6
25.20,1.014,45.9,65.83,3.158,52.1
15.13,1.141,57.6,12.16,1.912,65.8
7.56,1.208,37.0,10.29,2.653,23.0
34.07,1.261,29.4,26.49,1.830,7.8
40.20,2.157,42.7,48.51,1.035,14.7
25.29,2.020,21.1,19.07,1.631,22.2
36.04,2.813,6.1,14.70,1.041,53.8
9.39,0.750,38.6,207.44,4.884,40.0
96.97,2.929,51.9,104.21,1.573,45.0
40.01,1.253,78.7,113.57,3.169,74.6
14.14,0.574,102.7,206.74,3.946,28.9
56.48,1.699,36.0,66.92,1.962,41.8
126.71,6.287,17.3,71.07,1.215,89.7
58.95,1.001,40.5,91.53,2.640,4.1
71.94,3.049,25.8,35.72,0.667,83.7
9.64,1.271,37.7,73.40,1.634,27.1
12.58,1.452,52.4,37.79,1.631,13.0
29.88,1.461,86.6,20.28,1.793,23.8
6.32,0.934,64.1,62.53,0.861,100.1
341.31,13.728,16.2,6.34,0.154,6.9
9.24,2.133,61.3,6.46,1.553,23.3
111.46,3.561,30.1,94.53,5.198,15.0
16.52,2.332,15.2,20.39,0.657,92.4
36.65,1.718,22.9,34.25,1.776,38.6
42.53,2.259,39.5,20.77,1.283,38.3
9.42,1.019,79.6,31.21,2.264,14.5
39.59,2.830,18.4,8.45,0.835,31.2
58.68,3.244,53.9,13.50,1.044,48.5
23.34,0.684,124.2,68.19,3.784,94.8
26.92,2.581,50.5,7.20,1.150,35.5
10.51,1.460,18.0,35.77,8.817,16.4
96.85,6.177,18.7,73.46,3.930,36.2
35.31,1.176,24.7,64.79,3.134,11.6
94.74,4.242,15.3,76.84,1.509,64.5
200.35,2.982,24.7,27.30,1.263,30.3
36.56,0.739,60.9,25.66,2.227,43.8
58.83,3.960,24.4,28.73,0.957,24.5
25.13,4.794,29.9,11.51,0.179,33.4
35.98,1.722,65.2,84.51,1.536,6.0
40.80,0.980,11.8,40.89,2.570,15.8
332.02,6.187,10.5,90.70,1.359,42.0
36.50,1.161,21.9,48.23,2.163,57.4
26.77,1.611,40.6,19.28,1.830,64.2
22.82,1.221,26.8,30.99,2.068,33.5
96.87,2.823,4.3,49.15,1.071,30.1
23.34,2.327,33.2,31.65,0.483,54.1
50.28,2.085,1.3,323.21,6.615,23.6
41.10,1.880,26.5,26.16,1.625,28.4
23.43,1.739,23.6,7.88,1.817,46.5
51.54,2.157,18.0,129.97,3.183,11.2
12.99,1.983,11.3,14.19,1.339,58.7
16.96,2.443,23.1,13.72,1.197,48.1
11.94,1.030,78.6,122.19,4.326,45.0
19.48,1.286,79.6,11.09,1.783,63.1
66.83,2.590,56.7,44.19,0.952,76.2
9.64,1.471,83.8,14.59,1.647,23.4
10.94,1.416,5.1,44.66,1.574,47.3
22.39,1.732,38.9,43.66,1.390,59.8
13.80,2.876,31.6,6.43,1.240,20.4
31.09,1.400,38.2,118.97,3.582,10.5
6.05,0.817,63.5,14.10,2.809,21.1
43.88,2.766,36.6,14.03,0.943,76.6
6.48,1.290,40.4,31.97,1.113,97.5
24.77,3.961,39.2,17.55,1.936,10.9
21.78,2.083,47.0,27.56,0.842,19.6
92.47,1.883,29.5,36.10,1.786,16.5
294.13,5.363,10.2,20.45,0.485,34.1
13.17,1.264,42.9,6.46,1.571,67.7
17.79,1.834,24.2,38.71,1.055,33.8
46.72,3.658,11.3,7.55,1.562,46.9
15.65,1.994,11.8,12.01,1.282,59.7
44.70,5.034,39.3,94.18,6.239,16.4
45.77,2.230,64.3,37.24,1.950,55.7
10.01,0.765,26.5,114.11,3.801,29.9
105.80,2.606,47.6,25.59,1.278,10.9
73.05,2.431,31.3,65.64,2.425,56.9
20.80,4.336,22.5,27.57,2.626,14.2
30.12,1.096,74.4,72.23,3.088,35.8
18.83,1.716,45.0,21.55,2.672,50.6
10.13,0.812,65.4,11.35,2.600,10.5
36.76,0.680,106.0,160.12,5.999,13.1
102.78,1.964,42.1,49.06,2.851,52.5
7.93,1.334,44.2,61.61,1.953,59.7
24.71,2.331,27.9,9.95,1.537,46.1
21.53,2.013,25.9,15.00,1.548,22.9
73.80,2.993,60.6,46.24,3.442,33.4
27.43,3.122,31.5,6.93,0.764,151.0
84.85,1.800,14.0,65.95,2.281,46.3
96.40,3.269,63.3,26.38,0.854,40.5
14.59,1.697,54.4,62.35,3.243,44.5
17.89,2.220,64.7,59.06,2.082,31.0
28.68,2.265,29.7,38.91,0.824,100.1
8.63,1.376,66.4,46.20,1.346,27.8
93.09,1.793,34.7,87.93,2.323,40.0
61.82,1.912,36.9,12.93,1.787,30.3
40.84,0.625,47.0,22.87,2.020,30.4
24.38,2.554,15.9,6.01,1.121,6.0
40.26,1.883,19.7,9.29,1.133,34.0
13.79,1.704,60.2,22.07,5.367,36.6
21.22,1.246,46.9,56.93,2.525,17.1
138.70,2.606,36.7,23.19,1.001,112.4
43.46,3.154,52.9,7.72,1.758,27.0
33.23,2.293,22.7,83.83,2.305,8.4
21.89,2.079,22.6,18.31,1.716,32.4
9.59,0.896,33.1,56.56,2.702,15.0
58.11,2.915,6.0,76.83,2.158,19.3
99.48,2.983,38.5,47.01,0.715,91.4
12.62,0.967,136.2,173.00,2.480,45.8
25.31,1.995,22.3,42.94,0.639,69.4
6.18,1.320,6.1,14.04,1.654,24.6
10.97,1.076,29.0,11.92,2.052,71.3
31.69,1.159,108.9,66.11,3.103,9.2
16.04,1.012,31.1,13.52,3.411,41.5
34.65,1.450,64.1,96.97,2.184,52.4
11.59,2.155,31.6,6.16,1.137,51.9
50.28,1.298,25.6,40.26,3.174,23.4
25.65,1.279,27.8,41.72,3.972,38.7
6.05,1.305,105.8,37.11,1.910,42.5
38.85,1.525,40.6,23.43,1.624,52.8
58.55,4.674,26.0,29.47,1.111,49.4
13.77,1.900,6.2,6.80,1.404,90.0
37.82,2.800,9.4,35.59,2.067,20.6
52.03,0.963,10.1,63.51,3.980,17.2
41.88,5.097,42.5,8.07,0.371,13.2
26.08,0.655,139.7,31.30,2.820,20.2
9.94,2.014,41.8,10.92,1.927,32.8
30.81,1.105,62.1,9.74,1.429,20.5
52.22,2.269,55.3,10.11,1.714,52.8
8.72,1.465,49.1,10.25,1.636,19.0
46.93,4.961,46.3,11.40,2.350,9.4
17.65,1.747,41.9,22.53,2.243,15.1
17.70,0.951,60.1,15.91,2.626,38.4
31.37,3.342,39.1,26.46,1.343,58.1
20.30,3.093,14.6,11.17,1.392,47.4
105.27,2.580,71.2,49.81,1.176,83.1
20.34,1.147,138.3,9.37,1.571,47.5
25.34,1.112,67.0,12.14,2.551,24.5
41.69,3.810,30.1,8.84,0.627,52.4
8.72,1.250,76.1,41.18,2.749,13.0
40.52,2.685,41.0,18.47,0.992,73.4
9.15,2.226,29.8,13.78,0.825,69.6
174.86,2.721,19.4,50.88,1.547,18.0
12.99,0.771,63.2,164.08,4.708,20.2
29.88,2.909,33.9,14.57,2.472,34.0
21.80,2.408,22.8,107.15,6.126,24.5
169.54,4.031,21.1,58.80,2.328,49.7
87.00,1.818,53.9,10.43,1.012,87.0
25.69,2.763,58.9,30.54,0.447,104.7
47.74,1.996,43.9,12.54,1.071,38.8
32.85,1.894,68.6,7.43,1.596,53.0
42.44,0.791,43.1,10.43,1.395,21.7
98.35,2.152,51.1,119.53,3.471,3.3
24.71,1.676,34.6,103.34,2.317,40.6
9.22,0.970,30.4,125.34,3.127,44.9
13.78,2.061,15.3,14.78,0.989,95.5
7.15,1.336,17.4,16.95,1.752,53.2
8.39,1.337,46.3,66.14,2.241,10.1
37.48,1.963,21.6,50.53,1.354,135.1
16.87,0.850,75.2,16.76,3.392,32.2
69.45,1.804,12.4,28.46,1.520,34.8
74.91,1.431,28.8,191.62,3.788,17.6
34.76,8.162,39.2,9.90,2.487,52.7
14.23,1.231,24.3,11.30,2.668,24.8
6.02,0.744,42.0,27.35,4.319,35.4
14.69,1.040,35.6,57.29,2.271,45.9
13.76,1.934,7.8,10.88,2.565,37.3
19.40,2.001,5.9,8.22,1.267,36.5
7.88,1.144,34.3,14.13,2.645,26.5
189.26,3.991,16.3,234.47,3.822,22.8
13.27,0.780,65.0,54.36,3.050,52.3
17.66,0.856,60.8,17.76,3.768,25.1
23.51,1.259,62.2,13.51,1.788,34.6
36.11,2.528,36.6,75.80,1.569,74.1
44.80,3.649,19.4,59.08,1.739,36.9
29.07,2.340,51.0,13.49,1.840,16.3
9.76,1.364,2.8,20.20,2.088,9.8
57.57,2.577,32.2,8.90,0.860,145.4
65.12,1.833,36.6,82.49,2.176,55.8
21.18,1.035,42.4,85.56,5.913,24.5
58.67,1.940,14.4,10.22,0.979,71.2
12.21,1.886,2.3,19.95,0.881,17.5
11.02,0.893,45.1,82.53,3.285,34.6
19.59,1.995,17.2,27.12,2.899,44.0
72.57,2.020,17.4,55.25,1.670,36.0
222.76,4.741,25.1,32.03,1.758,25.3
12.19,1.936,28.4,12.75,1.181,52.8
143.12,2.735,36.4,20.49,1.205,49.9
16.78,2.014,68.2,13.87,1.220,67.6
73.99,2.011,8.3,25.73,1.263,16.2
32.49,0.955,27.7,101.85,2.889,24.3
10.61,0.766,85.2,46.02,5.536,3.3
42.56,2.797,43.7,9.65,0.862,47.1
37.39,3.732,25.1,7.36,0.758,31.9
41.81,1.136,48.2,82.43,2.515,39.5
15.56,3.400,47.4,20.79,1.213,40.0
13.86,0.729,53.8,273.48,3.949,26.0
36.58,2.249,45.8,30.12,1.034,39.6
56.74,2.420,39.2,92.26,2.450,25.8
146.56,2.375,28.7,35.59,1.856,14.9
21.34,0.474,171.9,12.09,2.544,17.2
15.65,1.271,59.8,6.66,1.612,9.1
8.15,1.598,73.8,19.82,0.917,44.1
83.60,2.358,63.3,166.19,2.788,29.9
28.15,3.140,67.8,11.71,2.791,9.0
23.39,1.483,10.2,39.82,1.668,17.7
17.48,2.784,33.6,6.28,1.014,26.7
66.31,2.050,11.7,57.87,2.864,11.5
33.91,0.994,50.0,29.55,2.194,9.6
113.08,2.775,51.8,25.36,0.906,21.6
6.36,0.639,84.4,27.34,3.862,42.2
7.83,1.456,34.1,29.18,0.766,62.1
150.66,14.574,16.6,6.18,1.095,57.5
13.53,2.815,58.4,19.74,1.573,63.1
251.91,5.750,35.6,12.95,0.446,84.7
102.67,3.618,18.2,88.44,1.717,82.3
20.73,1.010,38.2,20.66,2.091,4.2
52.73,2.394,53.3,32.80,1.169,45.3
45.03,1.261,17.6,14.17,2.090,53.1
35.39,1.600,8.0,76.57,2.699,26.5
7.93,1.625,18.4,15.00,1.307,15.2
25.78,1.023,29.2,14.23,1.810,85.4
19.90,2.242,33.0,20.60,1.040,80.0
113.93,1.819,27.9,34.44,1.820,35.6
35.84,2.060,25.1,10.38,1.675,23.0
87.76,3.557,52.8,62.46,1.117,60.8
161.14,3.224,21.9,25.28,0.746,47.8
11.31,2.588,18.1,6.89,1.024,12.1
12.62,3.016,21.5,15.30,2.041,49.7
106.62,3.996,32.4,42.49,0.933,64.7
12.71,0.935,35.4,8.52,1.927,26.5
11.18,2.321,23.5,9.34,1.380,67.4
31.13,2.860,38.3,23.47,1.106,40.8
284.62,4.502,30.7,19.66,0.608,110.5
24.43,0.809,61.1,148.00,3.057,11.8
43.27,1.528,27.8,65.90,4.551,3.7
34.71,1.233,69.0,46.03,2.466,27.6
14.60,3.263,25.4,28.69,4.582,21.9
24.28,1.083,43.5,31.79,2.189,31.9
40.11,3.213,35.7,22.96,1.095,69.6
79.07,2.338,41.1,16.76,0.953,36.3
28.93,0.461,109.3,169.85,4.849,22.3
25.12,0.576,147.2,17.57,2.269,30.4
21.54,1.612,84.1,19.36,2.916,30.3
50.66,2.793,29.4,20.86,0.833,35.6
7.36,1.396,44.7,34.83,0.781,57.1
7.73,1.487,49.5,28.28,6.206,28.2
13.84,1.086,20.5,11.19,2.734,22.0
21.07,1.459,61.1,45.21,1.644,49.4
91.43,2.781,59.4,122.59,3.657,18.1
10.19,0.682,13.8,96.87,3.001,15.2
51.39,2.066,61.8,59.59,1.602,24.2
29.19,1.476,13.3,86.44,1.906,42.1
100.32,9.712,10.8,15.96,0.968,17.5
8.48,1.310,20.2,17.40,2.089,22.2
77.34,5.191,21.6,50.59,2.327,7.2
21.40,1.207,71.9,45.44,2.296,71.8
30.80,1.204,58.9,32.18,2.006,14.2
43.90,0.792,77.4,108.05,3.066,37.4
37.89,1.513,3.5,47.45,2.185,45.5
68.59,2.045,39.8,6.78,1.085,30.3
43.11,1.430,15.5,98.24,2.426,61.9
10.57,0.768,32.7,16.44,3.061,56.2
41.58,2.430,33.9,38.72,1.427,46.5
77.80,2.934,39.8,135.35,3.236,22.6
21.20,2.029,55.2,9.50,1.251,26.2
14.13,2.018,38.4,17.63,1.850,22.1
115.52,1.731,6.4,81.49,2.294,29.5
84.53,4.932,12.5,6.37,1.051,25.0
11.23,2.324,30.3,11.28,2.271,32.2
19.93,0.502,124.2,24.29,3.716,22.4
51.77,1.586,38.6,30.47,2.345,63.3
41.89,0.728,77.1,182.79,5.160,29.7
58.80,1.889,22.9,25.84,1.325,66.7
13.20,0.995,5.3,48.22,2.572,47.7
137.45,3.267,30.4,71.77,3.237,47.2
106.75,2.350,13.8,10.70,0.854,76.7
9.53,1.196,53.1,47.41,1.389,8.7
15.73,1.569,53.8,97.00,3.814,15.9
65.38,1.577,35.8,20.42,1.816,30.6
11.51,1.702,89.7,9.20,1.487,34.9
51.71,2.644,44.9,24.14,0.953,88.2
92.01,3.860,64.2,97.65,2.447,24.0
7.17,1.389,66.4,13.65,2.470,20.9
23.74,0.969,30.0,33.38,2.517,18.7
19.69,1.428,36.1,94.18,1.336,85.4
53.03,2.972,80.5,63.87,3.830,15.4
13.00,1.123,9.3,49.90,1.860,36.3
8.62,1.490,1.0,10.44,2.006,58.2
185.65,3.559,9.9,83.81,3.539,30.8
31.00,2.988,47.8,25.77,0.681,50.3
26.56,1.882,37.8,56.35,1.936,71.7
55.48,1.858,54.7,16.24,1.556,14.1
10.87,1.822,26.3,18.34,1.383,21.9
73.36,1.658,75.6,7.95,0.871,60.3
13.51,1.338,10.8,27.17,3.174,27.9
17.29,2.739,38.1,37.38,2.711,35.4
22.07,3.387,49.5,20.06,0.648,25.6
48.74,2.719,33.9,9.34,0.893,103.6
41.22,1.499,32.0,147.12,2.389,13.3
8.22,1.080,39.3,58.19,2.096,20.3
56.40,2.617,48.7,86.20,1.605,29.1
21.24,2.028,18.2,6.89,1.118,42.7
32.51,1.413,45.3,13.64,1.659,20.7
11.19,1.819,35.9,20.87,1.296,46.5
138.99,3.428,14.1,160.30,3.775,45.2
13.27,2.828,21.4,22.21,0.866,78.1
49.18,1.865,14.9,108.49,1.926,46.4
22.15,2.642,20.9,36.84,1.301,15.6
10.05,2.385,15.1,13.93,0.846,81.9
27.47,2.209,13.3,10.57,1.262,48.0
8.25,1.697,43.9,24.08,3.930,51.7
6.26,0.985,65.0,26.74,2.166,42.6
21.75,2.066,32.5,16.62,2.301,33.9
24.74,1.393,55.2,26.32,1.809,17.7
128.48,2.488,8.9,66.91,1.581,62.9
26.84,1.115,87.7,45.02,2.185,15.7
79.76,1.204,94.7,21.95,1.468,30.9
6.99,0.977,14.8,13.23,2.510,31.9
52.45,2.810,28.0,43.13,1.175,54.9
59.30,5.188,50.1,159.58,9.037,29.7
47.28,1.956,27.2,6.11,0.855,65.6
14.63,0.368,81.9,7.96,2.114,41.7
36.33,2.222,30.8,7.77,1.318,80.1
6.82,1.378,27.6,16.46,2.105,48.0
15.59,2.411,45.0,15.55,2.390,39.1
62.38,1.143,62.5,32.55,1.953,25.1
12.13,1.934,27.0,46.21,1.454,85.7
18.19,2.628,13.9,6.69,1.278,43.0
241.80,3.647,31.8,97.85,1.989,40.5
14.03,2.161,43.1,7.75,1.114,59.5
14.15,2.855,11.1,38.62,7.910,17.4
24.52,1.823,29.1,65.95,1.442,66.2
73.13,1.188,47.8,24.02,2.150,8.4
88.37,2.636,25.3,50.59,2.279,45.1
94.50,2.608,12.2,22.24,0.982,84.2
11.91,0.883,45.4,46.56,2.652,59.9
122.38,1.771,48.9,55.33,2.437,26.4
37.27,2.792,20.5,50.37,0.805,59.8
25.53,3.586,30.7,8.17,1.312,13.3
33.21,2.741,28.0,19.13,0.774,82.6
33.66,1.611,96.1,38.64,2.303,21.7
198.95,3.947,14.5,22.02,1.186,33.7
20.35,1.051,70.4,118.92,4.378,63.4
67.06,1.502,65.6,35.51,1.739,52.3
19.90,1.381,81.9,16.69,2.242,78.5
21.31,1.596,30.9,87.88,2.267,21.2
7.64,1.820,58.3,13.11,0.931,103.4
8.97,1.167,113.2,51.76,1.021,75.9
36.18,1.103,80.4,18.45,1.922,34.8
23.32,1.681,100.7,24.08,3.191,42.7
6.03,0.429,83.0,28.67,4.679,17.7
21.67,1.786,57.7,62.55,1.518,56.6
24.07,2.488,40.1,10.15,0.961,44.4
239.28,5.071,44.3,22.83,0.487,112.3
52.35,2.333,18.4,21.81,1.093,56.4
8.43,1.983,17.9,21.12,0.766,21.5
8.34,1.371,68.0,18.70,1.591,97.2
46.35,1.290,72.2,71.38,2.705,49.4
8.29,1.065,49.7,25.31,2.943,35.2
124.95,2.133,33.6,78.79,3.457,41.3
22.23,0.963,101.3,38.54,2.423,44.5
107.99,2.836,67.4,33.64,1.118,43.3
84.13,2.721,17.6,45.23,1.208,36.2
9.00,1.180,43.0,19.55,2.001,49.8
13.11,1.805,59.9,30.66,1.168,73.1
6.53,1.449,5.0,31.59,1.053,44.2
16.92,1.252,18.4,12.57,2.022,13.7
12.66,1.193,35.4,56.68,3.777,12.7
23.83,2.802,45.3,16.28,0.667,108.1
191.07,3.877,14.9,42.62,0.807,122.2
16.90,1.015,33.6,40.51,3.229,56.3
7.89,1.619,42.4,6.88,1.522,34.1
11.81,2.159,29.7,14.28,0.972,59.3
53.50,3.491,11.4,26.43,1.228,90.6
46.87,1.369,17.9,45.67,1.969,26.2
98.95,1.649,28.5,15.74,1.476,25.0
68.48,2.487,30.4,25.36,1.433,9.2
25.45,1.231,15.9,54.41,3.344,33.8
47.09,5.425,34.6,14.63,0.570,68.1
25.52,1.122,30.3,59.19,2.215,57.9
20.54,1.226,25.2,42.81,2.496,59.4
8.11,1.694,20.4,12.54,2.491,29.2
29.09,1.145,14.2,51.35,2.247,63.6
44.95,6.579,43.9,28.94,2.008,63.3
79.97,2.166,3.0,35.95,2.505,39.2
85.44,3.427,6.7,11.63,0.891,83.7
37.00,0.957,59.9,232.00,3.715,9.8
85.97,2.884,37.8,238.28,4.040,42.5
19.62,4.239,8.8,15.56,2.006,12.2
10.97,0.669,94.3,9.89,2.339,4.5
15.79,2.675,23.0,15.60,0.453,106.5
47.33,1.318,58.4,175.02,4.964,36.1
17.64,1.068,56.4,48.89,3.283,37.6
10.38,1.488,54.5,18.71,1.601,64.1
47.63,2.595,38.9,46.06,1.765,8.6
6.03,1.472,41.3,11.84,1.598,11.8
10.38,1.370,30.9,8.98,1.782,14.5
32.73,1.435,12.4,6.92,1.241,22.9
7.23,1.812,31.8,15.69,1.839,3.7
53.38,3.590,17.9,43.34,1.440,10.2
20.09,2.280,85.7,26.40,4.125,52.2
35.20,0.626,20.3,214.94,4.113,19.0
18.51,2.382,13.9,23.19,0.530,78.9
43.32,0.747,33.9,38.97,2.337,6.4
12.65,0.353,121.6,12.26,2.850,13.8
38.16,3.371,16.7,17.38,2.149,37.6
11.46,2.808,4.0,32.69,2.959,51.0
12.65,0.319,30.0,14.57,3.556,30.7
37.77,1.232,88.6,67.02,3.840,23.6
43.65,1.391,67.0,16.30,1.544,69.3
16.49,0.390,85.1,240.35,6.709,10.3
37.34,3.130,6.6,26.09,1.151,35.4
6.42,0.250,193.1,543.94,7.884,35.2
38.26,1.739,57.5,14.65,1.462,14.3
55.13,2.694,43.2,8.87,1.477,59.9
115.61,3.226,52.0,18.83,0.818,70.7
19.96,1.103,63.0,33.84,2.159,50.0
17.92,3.393,40.6,23.21,2.830,46.1
14.51,1.097,21.9,20.74,2.978,54.9
47.28,2.505,35.5,63.79,3.703,42.0
34.27,0.549,92.9,108.89,4.027,39.7
72.57,2.041,27.8,9.45,1.126,16.6
35.30,1.411,32.1,20.02,1.735,28.8
7.90,0.937,47.6,15.81,2.605,16.2
110.36,1.781,61.8,17.81,1.267,35.7
56.17,2.227,19.5,45.49,1.150,73.2
11.26,2.534,22.4,15.00,0.497,129.5
76.83,4.474,59.6,23.21,0.702,66.2
51.01,1.872,14.8,19.96,2.583,38.3
64.67,2.610,41.9,62.75,0.875,149.7
27.22,3.551,33.9,49.35,7.673,25.7
8.66,2.292,22.7,25.08,3.117,30.3
15.67,1.153,82.8,33.06,2.521,51.3
68.74,1.906,59.5,27.08,1.849,31.3
172.50,4.234,26.2,56.14,0.779,80.9
108.22,4.723,24.4,103.11,5.785,32.1
32.61,1.226,76.0,186.61,4.124,17.4
8.45,1.775,22.0,15.57,1.921,34.1
66.06,3.173,61.2,22.96,1.292,78.4
100.25,3.877,15.0,15.47,1.249,37.7
18.41,1.057,66.7,74.57,3.191,45.5
89.98,1.782,23.2,28.02,1.512,29.2
57.80,1.494,36.8,14.48,1.289,20.2
38.41,1.423,94.6,135.08,2.625,35.2
19.53,1.492,2.2,17.33,4.125,32.1
8.26,1.710,67.6,29.81,1.632,17.6
11.01,2.155,35.9,7.99,1.372,61.2
310.59,4.867,54.8,32.65,1.066,55.5
19.32,0.886,27.3,6.90,1.802,12.9
18.86,0.835,64.4,95.87,2.721,21.7
12.48,1.464,74.1,42.04,0.738,98.7
7.06,0.982,43.9,56.53,1.509,18.9
38.24,2.660,35.4,10.26,2.274,46.3
12.90,1.148,12.7,9.83,2.533,38.5
92.48,5.471,16.5,76.35,2.778,38.4
28.38,1.629,48.4,23.67,1.689,28.0
90.74,1.881,44.5,9.61,1.091,57.2
32.75,1.252,31.4,65.18,2.568,39.8
7.22,1.762,19.2,7.78,1.308,44.8
52.58,2.480,43.6,33.94,0.921,96.7
76.72,1.874,57.4,47.59,1.733,11.6
146.12,2.048,16.3,38.82,1.881,24.8
38.64,0.992,53.0,123.78,3.065,48.3
18.28,2.316,52.2,11.75,1.425,69.4
13.96,1.870,39.9,35.50,0.623,66.9
17.33,1.294,49.2,14.98,1.848,20.3
9.98,0.490,191.4,57.37,4.574,23.6
29.04,1.488,9.8,86.62,1.661,27.9
16.87,0.861,37.3,7.20,1.726,86.7
261.25,3.718,37.5,42.35,1.611,36.7
81.84,3.880,22.6,31.68,0.663,54.6
26.65,1.830,2.4,76.65,1.618,53.8
17.93,3.416,67.2,13.31,1.230,23.3
14.37,2.278,36.2,9.03,1.727,6.1
52.53,0.774,60.2,126.83,6.336,20.9
7.42,1.485,34.1,8.45,2.241,32.4
6.21,0.995,88.2,30.20,2.318,53.1
29.66,2.699,17.3,25.67,3.404,29.2
64.89,1.658,49.6,14.18,1.271,30.8
34.20,1.741,45.1,39.32,1.807,22.5
13.22,2.803,11.0,13.47,2.990,36.5
15.32,3.254,22.5,13.07,1.300,19.2
11.06,0.988,101.6,172.77,4.551,34.1
13.55,2.408,25.4,14.95,1.435,63.2
65.74,7.293,11.4,19.59,1.389,34.9
39.81,2.945,27.4,93.59,6.388,11.6
12.06,2.015,19.2,21.19,3.053,35.2
13.18,1.769,49.8,14.50,1.313,24.1
14.82,1.365,36.9,27.38,1.872,10.3
72.84,2.646,50.0,7.56,0.879,87.9
8.02,2.112,54.4,30.10,2.650,65.7
42.84,5.905,47.0,19.64,0.736,108.8
32.27,0.632,46.5,99.04,3.470,12.7
110.21,3.879,29.8,21.78,0.637,136.5
13.13,1.088,36.9,16.36,2.596,18.0
28.56,0.724,99.2,65.77,3.266,44.3
30.93,2.193,11.3,30.92,1.642,62.3
18.39,1.917,22.9,8.84,1.381,59.9
28.27,1.622,36.6,16.88,2.310,24.8
50.23,2.333,26.0,11.04,0.978,30.7
8.57,1.502,73.4,15.49,1.571,45.6
8.82,0.656,61.0,16.19,3.036,39.9
27.96,2.435,6.3,20.28,1.367,10.9
71.46,3.374,27.6,111.14,1.670,87.3
25.89,2.172,46.4,6.50,1.050,10.7
21.16,2.116,67.5,6.11,1.135,54.6
19.44,1.755,62.2,12.96,1.360,34.0
39.02,3.334,25.8,20.44,1.766,46.7
21.00,2.194,34.2,47.51,1.954,55.2
27.99,1.594,100.0,48.61,2.556,22.6
6.93,0.710,91.6,57.33,3.253,21.0
6.84,1.762,28.2,9.88,1.264,46.2
32.95,2.075,13.4,17.23,1.470,78.6
23.42,1.057,43.4,16.31,2.557,29.9
31.23,1.930,60.0,139.52,2.126,22.4
12.06,1.736,43.6,14.76,1.536,54.3
7.30,1.152,80.6,33.48,1.590,69.4
127.28,3.537,44.8,123.22,3.484,29.8
99.99,3.356,14.3,11.13,0.748,99.5
70.50,2.477,65.4,19.67,1.223,71.7
10.68,0.903,27.1,15.98,2.749,16.5
40.89,2.437,43.6,75.32,1.563,66.1
31.04,4.423,35.5,18.42,0.658,104.5
24.79,2.002,11.8,96.28,1.825,31.8
78.03,2.590,26.1,21.66,1.309,114.2
46.83,2.220,47.6,17.51,1.549,81.2
14.80,2.395,39.2,9.08,1.321,80.4
43.11,3.048,51.6,21.15,2.232,22.2
8.87,1.664,18.8,9.52,1.573,28.4
223.53,3.477,49.1,12.94,0.614,69.9
17.88,1.514,64.7,6.07,1.502,27.8
27.22,2.390,49.5,53.40,0.885,66.0
25.49,1.030,38.5,31.88,2.521,5.4
97.83,3.091,22.2,14.44,0.733,31.0
12.09,0.601,50.7,17.30,3.084,0.9
49.88,2.745,27.9,79.82,2.288,20.2
136.12,2.019,18.3,26.00,1.249,60.2
54.90,1.533,66.8,10.66,1.398,24.7
14.35,0.844,80.3,205.68,4.348,25.1
21.51,1.803,31.0,29.71,1.946,26.7
122.55,2.208,29.3,125.62,5.381,52.5
10.92,0.748,52.8,28.60,3.087,82.9
6.99,0.802,13.8,112.78,2.338,42.8
55.06,2.890,27.4,34.76,0.714,79.1
60.42,3.527,31.5,46.44,2.595,25.4
73.63,3.239,24.0,14.81,1.084,31.3
43.30,2.419,50.1,19.52,1.145,55.4
7.45,1.932,96.7,12.06,1.022,32.2
7.14,1.112,51.1,23.81,3.210,15.1
14.14,1.044,49.1,22.30,2.324,52.1
31.52,1.819,64.3,68.73,1.406,20.8
8.32,0.943,98.7,52.07,2.125,31.4
17.67,1.224,44.5,6.35,1.417,63.7
181.32,2.791,39.8,49.72,1.853,63.7
8.59,1.343,60.3,23.40,1.485,72.7
62.73,6.096,10.6,13.67,0.439,135.0
7.89,1.174,47.9,38.86,1.626,72.9
31.17,2.645,6.3,7.96,0.891,37.2
56.85,2.476,42.1,36.92,1.349,9.7
17.15,1.272,19.7,29.18,1.996,35.5
33.47,1.911,26.2,33.22,1.325,95.7
26.52,0.997,109.9,35.82,2.311,44.1
11.56,1.234,51.3,10.23,1.829,30.9
8.24,1.015,40.0,14.69,2.443,34.4
55.46,3.149,22.7,16.59,2.050,42.4
38.24,1.365,29.8,8.47,1.225,32.5
14.97,2.065,19.4,47.25,3.146,51.3
90.12,4.067,27.6,15.36,0.658,29.5
44.04,2.280,41.2,13.06,1.030,27.9
76.14,2.413,53.3,11.07,0.832,83.3
22.64,0.886,29.3,6.79,1.418,12.1
63.16,2.119,52.0,56.18,4.758,30.2
48.73,1.760,53.4,13.10,2.062,52.2
126.57,2.798,45.1,87.48,1.628,58.4
90.05,3.982,13.6,29.51,1.242,11.0
51.61,3.592,62.7,26.38,0.382,119.5
43.75,2.601,48.2,37.23,1.299,11.3
167.29,2.686,67.3,67.66,2.697,38.5
117.99,2.425,29.8,22.22,1.579,45.0
44.80,3.285,41.2,10.76,0.725,98.5
65.13,3.578,31.6,45.38,1.327,75.1
126.51,2.894,41.5,14.65,1.106,63.7
9.94,0.861,108.2,28.25,2.955,47.8
11.06,1.491,88.1,13.24,1.794,8.9
13.22,3.252,43.8,12.62,0.830,55.0
86.79,3.482,15.5,7.48,0.669,45.3
23.73,1.558,58.1,50.34,1.487,11.2
59.14,2.214,55.5,14.02,1.643,47.8
29.41,0.640,36.4,7.63,1.557,26.2
14.98,0.797,121.0,28.21,5.027,40.9
9.77,0.862,39.1,18.89,4.063,15.0
18.67,2.593,38.7,21.87,1.311,66.5
28.60,1.750,18.8,53.41,2.434,17.2
179.12,9.909,21.6,9.17,0.432,83.7
258.05,5.015,7.5,14.98,0.642,115.4
22.11,1.764,42.8,63.28,5.607,25.2
27.82,0.941,116.2,52.06,2.583,53.7
109.27,4.316,27.8,207.52,10.294,17.2
142.37,1.962,77.6,159.53,3.466,17.9
32.76,3.565,35.9,11.05,0.666,23.4
367.37,19.540,33.6,36.03,1.093,17.1
8.36,0.862,94.2,187.23,5.005,22.9
239.23,5.839,28.7,36.92,2.107,23.4
38.34,4.961,25.0,29.59,1.476,23.2
21.03,2.618,20.7,10.16,1.250,86.6
49.31,4.442,38.8,61.88,2.391,44.0
20.35,0.718,74.1,96.63,3.475,21.1
126.55,2.198,61.0,15.17,1.003,48.7
9.00,0.837,47.0,30.28,2.847,31.1
19.18,3.405,28.7,13.31,0.261,97.3
13.52,1.788,48.8,30.87,0.876,23.7
9.35,0.837,102.9,11.05,2.483,36.0
8.57,0.679,80.3,128.20,2.482,43.3
52.63,3.578,2.2,64.03,2.035,54.0
19.22,1.169,59.1,131.63,2.913,42.1
25.08,2.185,5.0,28.48,1.688,42.7
19.00,1.157,52.2,19.24,1.943,14.9
19.62,2.893,66.2,30.29,3.702,18.6
11.54,1.850,27.7,23.11,1.259,51.9
343.44,6.433,27.3,16.03,0.469,139.6
11.64,2.904,19.3,44.43,7.111,23.3
9.67,2.001,19.3,14.62,3.772,7.3
60.30,2.020,88.2,10.92,1.099,58.8
25.86,2.873,53.7,11.66,0.813,80.9
94.59,1.597,4.9,298.16,6.299,30.3
35.38,1.754,40.7,23.08,1.477,53.6
105.07,2.367,33.6,83.49,1.623,9.2
10.91,1.550,19.4,12.09,2.226,34.4
7.83,1.382,17.9,7.32,1.774,38.5
26.17,0.982,24.6,12.41,2.094,16.8
17.17,1.635,37.8,36.86,3.297,19.2
22.44,2.689,56.0,11.74,2.865,35.7
19.23,1.347,19.9,14.47,1.816,13.9
35.49,1.015,20.4,20.39,2.208,19.6
18.50,1.160,59.0,143.69,1.944,14.6
9.47,1.654,68.0,20.49,0.966,66.1
35.95,2.580,53.9,16.36,1.732,15.8
200.42,7.556,20.9,22.52,1.665,54.5
15.16,1.339,37.3,117.80,1.861,16.1
26.98,4.289,20.8,29.83,3.319,51.2
17.24,2.561,55.0,12.89,1.122,69.2
101.74,3.362,44.2,310.00,8.876,28.1
67.11,1.987,21.7,318.93,5.370,21.9
10.74,2.380,27.8,14.44,0.579,76.9
99.24,4.671,13.4,26.93,0.950,11.4
37.27,1.562,56.1,49.66,1.810,50.8
23.11,3.779,31.7,39.36,4.558,56.2
34.23,0.832,143.6,17.61,2.193,25.6
45.49,2.219,14.9,10.86,1.555,14.3
10.53,1.078,34.9,38.84,2.144,39.4
28.46,6.061,25.7,13.26,2.372,20.3
9.13,1.151,32.7,10.69,2.012,80.1
22.58,1.959,30.2,8.09,1.608,48.9
10.55,2.494,16.1,44.97,4.410,39.5
29.63,3.315,19.0,28.41,0.629,22.0
201.25,3.730,37.2,25.47,1.148,10.1
18.74,2.044,47.8,23.30,3.290,25.0
40.21,2.380,34.3,68.91,1.360,28.8
49.56,2.081,32.6,51.23,4.048,13.2
244.29,9.486,4.1,18.79,0.891,39.4
19.45,1.788,33.0,34.53,1.086,18.5
24.16,2.019,31.2,109.49,2.921,56.3
11.71,1.874,88.3,19.64,2.121,12.2
59.82,1.206,53.0,63.02,2.522,35.8
6.09,0.364,149.5,356.54,5.863,23.9
32.06,0.637,114.4,31.01,2.518,24.8
34.76,1.013,31.4,164.45,3.133,33.1
14.86,1.431,26.1,19.10,2.151,44.5
75.25,2.507,42.7,14.00,0.961,34.4
19.97,2.420,45.7,17.85,1.602,35.8
106.69,2.648,39.9,58.97,2.000,38.8
21.99,1.315,41.6,6.00,1.285,73.8
14.93,0.618,73.9,18.57,3.242,54.9
21.79,2.347,41.5,13.69,0.974,59.8
13.31,1.696,57.3,13.84,1.697,101.8
11.19,1.936,16.0,12.91,1.321,92.9
82.64,4.565,28.4,20.51,0.542,54.5
14.90,1.993,69.1,24.30,0.943,80.6
95.91,2.454,27.0,166.92,2.621,5.5
53.78,0.981,49.2,37.37,2.007,61.9
27.57,1.319,51.9,26.73,2.329,17.8
90.88,2.528,54.5,11.78,0.797,10.1
56.81,1.628,25.3,87.02,2.788,26.7
8.46,0.573,144.4,135.36,3.734,26.3
89.00,4.503,38.1,8.89,1.357,34.8
31.78,1.943,45.8,11.66,1.387,32.0
13.62,0.803,65.0,17.11,2.937,43.6
11.59,2.529,59.4,21.55,2.169,28.7
18.66,3.186,30.2,8.25,1.399,61.1
32.87,2.426,25.0,23.01,1.830,53.2
26.82,2.401,61.2,16.97,3.742,8.7
13.84,1.854,4.2,20.26,1.033,65.5
9.16,1.207,76.2,31.79,1.725,29.4
14.61,2.916,39.7,9.39,1.271,68.3
29.28,1.034,30.0,49.57,2.720,10.7
13.63,1.494,102.8,32.10,1.436,40.6
22.75,1.887,59.7,28.69,2.114,36.7
132.05,3.669,29.6,16.68,0.655,35.4
6.04,0.778,66.2,89.79,2.761,47.5
20.51,0.861,74.2,25.31,2.761,57.4
92.95,1.526,40.5,199.76,4.669,3.0
40.33,1.356,64.9,9.26,1.289,36.4
13.58,0.644,71.0,43.81,3.540,27.1
24.60,2.601,37.5,12.49,0.885,74.1
79.54,3.698,24.3,26.29,0.553,109.1
46.85,3.284,18.9,6.86,0.810,62.1
210.06,3.338,27.3,7.64,0.533,105.7
51.96,2.474,47.2,21.16,1.916,72.7
6.11,1.259,21.5,11.38,2.111,20.4
12.40,1.315,56.3,21.94,2.270,15.0
19.13,0.383,219.9,52.95,4.104,20.8
109.89,3.267,26.1,33.68,2.624,51.9
14.35,0.619,62.4,146.67,3.505,45.2
24.85,2.561,7.0,28.84,0.957,33.2
14.19,1.426,66.9,6.73,1.471,108.8
70.28,3.060,9.2,123.23,4.106,18.7
11.34,1.434,49.9,56.27,2.139,59.8
27.21,1.240,20.9,65.93,2.269,69.9
56.17,2.252,58.1,37.44,1.049,19.6
28.56,0.953,58.6,10.38,1.575,78.5
61.22,2.428,32.0,64.75,2.102,51.2
19.20,1.241,69.4,8.95,1.549,22.5
13.82,1.062,55.4,19.53,2.226,54.7
16.82,1.133,21.6,18.87,2.002,15.7
65.16,3.679,45.6,19.70,2.573,26.5
135.78,3.145,36.9,6.46,0.520,146.2
13.72,1.933,69.2,17.68,1.096,66.8
31.52,2.905,6.8,15.35,1.574,19.5
17.30,1.781,29.1,15.32,1.357,46.5
131.50,3.146,64.0,45.25,2.795,26.8
8.77,0.751,102.8,74.66,2.656,36.3
58.92,3.762,33.2,89.98,3.520,29.9
8.90,1.609,13.8,13.39,1.452,67.0
17.70,1.851,7.2,8.59,1.399,6.1
9.00,1.602,38.6,18.50,1.794,30.0
27.92,1.048,65.6,120.08,5.426,12.1
156.95,3.966,31.0,79.60,1.387,77.9
49.74,2.304,14.3,24.70,2.494,47.0
13.18,1.296,19.9,12.72,2.053,36.9
10.60,1.418,27.5,18.01,1.960,45.5
12.29,2.600,27.6,14.49,1.027,46.3
117.33,7.331,18.1,11.38,0.655,68.2
30.49,0.954,66.6,29.62,3.282,22.0
31.85,2.530,64.6,6.98,0.892,66.5
20.39,2.278,43.7,13.16,1.091,76.4
33.66,4.854,17.9,14.42,2.431,50.4
83.50,2.506,36.1,10.43,0.862,55.0
6.57,1.711,12.1,24.27,0.833,25.0
50.08,2.399,44.0,22.51,1.267,45.8
23.00,1.650,47.8,80.58,1.950,15.6
7.32,1.391,124.5,25.19,1.097,28.0
31.85,1.961,44.2,24.06,1.431,78.8
17.24,1.656,56.1,60.39,9.680,8.8
37.53,1.955,37.9,8.02,1.443,52.5
15.35,1.792,36.7,11.16,1.615,58.2
7.51,1.779,53.9,6.01,1.418,29.0
18.35,1.986,48.3,11.45,1.202,26.7
63.36,3.638,48.5,18.62,1.517,42.1
40.00,2.073,34.6,6.28,1.330,16.4
28.95,0.918,46.3,15.68,2.205,9.7
9.23,0.931,87.5,87.54,2.701,26.7
24.63,1.444,91.6,100.48,2.295,16.7
36.62,2.120,33.1,39.03,0.936,80.1
38.23,2.282,18.4,26.70,0.988,65.1
104.91,3.315,44.3,22.39,2.040,36.0
167.97,7.058,26.7,89.78,2.322,61.0
73.15,1.131,75.8,27.26,1.866,10.9
75.58,1.779,41.6,38.15,1.674,62.5
15.27,1.028,69.5,100.31,1.906,50.3
8.05,1.221,65.6,8.97,1.986,75.3
20.88,1.928,16.1,26.24,1.041,51.5
21.55,0.905,31.1,53.98,2.624,37.2
59.31,3.245,13.1,80.64,1.275,13.0
42.30,2.543,51.6,27.98,1.151,21.4
29.80,2.472,35.5,18.85,1.099,54.2
118.20,1.942,29.5,78.39,2.789,20.9
8.23,0.421,45.0,214.45,7.208,26.7
45.78,1.650,17.8,10.56,1.236,41.1
10.94,0.879,35.4,40.51,2.962,80.5
14.91,1.520,29.5,14.88,2.135,62.1
33.80,1.757,53.4,10.22,1.519,23.1
43.72,2.312,12.9,37.59,0.954,17.1
12.64,1.025,12.2,160.15,6.069,22.8
16.04,0.710,48.1,34.62,3.298,51.2
14.59,2.670,10.9,13.26,2.751,36.5
6.00,0.617,128.2,22.98,4.087,22.4
7.70,0.733,93.0,32.20,3.328,38.7
18.09,0.866,64.7,6.94,1.598,5.9
8.97,2.308,14.7,9.09,1.172,56.9
16.07,2.117,37.3,8.48,1.141,53.7
6.27,1.343,38.4,19.39,1.724,67.3
35.96,2.209,43.2,23.32,3.899,10.6
16.16,1.856,28.9,24.15,2.643,24.1
16.70,2.592,31.6,17.12,1.951,77.3
